solid ASCII
  facet normal 0.000000e+00 0.000000e+00 -1.000000e+00
    outer loop
      vertex   -5.904433e+01 -7.278493e+01 -1.600000e+00
      vertex   -6.545567e+01 -7.278493e+01 -1.600000e+00
      vertex   -5.900000e+01 -7.225000e+01 -1.600000e+00
    endloop
  endfacet
  facet normal -0.000000e+00 0.000000e+00 -1.000000e+00
    outer loop
      vertex   -5.900000e+01 -7.225000e+01 -1.600000e+00
      vertex   -6.545567e+01 -7.278493e+01 -1.600000e+00
      vertex   -6.550000e+01 -7.225000e+01 -1.600000e+00
    endloop
  endfacet
  facet normal 0.000000e+00 0.000000e+00 -1.000000e+00
    outer loop
      vertex   -5.900000e+01 -7.225000e+01 -1.600000e+00
      vertex   -6.550000e+01 -7.225000e+01 -1.600000e+00
      vertex   -5.904433e+01 -7.171507e+01 -1.600000e+00
    endloop
  endfacet
  facet normal -0.000000e+00 0.000000e+00 -1.000000e+00
    outer loop
      vertex   -5.904433e+01 -7.171507e+01 -1.600000e+00
      vertex   -6.550000e+01 -7.225000e+01 -1.600000e+00
      vertex   -6.545567e+01 -7.171507e+01 -1.600000e+00
    endloop
  endfacet
  facet normal 0.000000e+00 0.000000e+00 -1.000000e+00
    outer loop
      vertex   -5.904433e+01 -7.171507e+01 -1.600000e+00
      vertex   -6.545567e+01 -7.171507e+01 -1.600000e+00
      vertex   -5.917609e+01 -7.119473e+01 -1.600000e+00
    endloop
  endfacet
  facet normal -0.000000e+00 0.000000e+00 -1.000000e+00
    outer loop
      vertex   -5.917609e+01 -7.119473e+01 -1.600000e+00
      vertex   -6.545567e+01 -7.171507e+01 -1.600000e+00
      vertex   -6.532391e+01 -7.119473e+01 -1.600000e+00
    endloop
  endfacet
  facet normal 0.000000e+00 0.000000e+00 -1.000000e+00
    outer loop
      vertex   -5.917609e+01 -7.119473e+01 -1.600000e+00
      vertex   -6.532391e+01 -7.119473e+01 -1.600000e+00
      vertex   -5.939171e+01 -7.070317e+01 -1.600000e+00
    endloop
  endfacet
  facet normal -0.000000e+00 0.000000e+00 -1.000000e+00
    outer loop
      vertex   -5.939171e+01 -7.070317e+01 -1.600000e+00
      vertex   -6.532391e+01 -7.119473e+01 -1.600000e+00
      vertex   -6.510829e+01 -7.070317e+01 -1.600000e+00
    endloop
  endfacet
  facet normal 0.000000e+00 0.000000e+00 -1.000000e+00
    outer loop
      vertex   -5.939171e+01 -7.070317e+01 -1.600000e+00
      vertex   -6.510829e+01 -7.070317e+01 -1.600000e+00
      vertex   -5.968529e+01 -7.025381e+01 -1.600000e+00
    endloop
  endfacet
  facet normal -0.000000e+00 0.000000e+00 -1.000000e+00
    outer loop
      vertex   -5.968529e+01 -7.025381e+01 -1.600000e+00
      vertex   -6.510829e+01 -7.070317e+01 -1.600000e+00
      vertex   -6.481471e+01 -7.025381e+01 -1.600000e+00
    endloop
  endfacet
  facet normal 0.000000e+00 0.000000e+00 -1.000000e+00
    outer loop
      vertex   -5.968529e+01 -7.025381e+01 -1.600000e+00
      vertex   -6.481471e+01 -7.025381e+01 -1.600000e+00
      vertex   -6.004883e+01 -6.985890e+01 -1.600000e+00
    endloop
  endfacet
  facet normal -0.000000e+00 0.000000e+00 -1.000000e+00
    outer loop
      vertex   -6.004883e+01 -6.985890e+01 -1.600000e+00
      vertex   -6.481471e+01 -7.025381e+01 -1.600000e+00
      vertex   -6.445117e+01 -6.985890e+01 -1.600000e+00
    endloop
  endfacet
  facet normal 0.000000e+00 0.000000e+00 -1.000000e+00
    outer loop
      vertex   -6.004883e+01 -6.985890e+01 -1.600000e+00
      vertex   -6.445117e+01 -6.985890e+01 -1.600000e+00
      vertex   -6.047242e+01 -6.952921e+01 -1.600000e+00
    endloop
  endfacet
  facet normal -0.000000e+00 0.000000e+00 -1.000000e+00
    outer loop
      vertex   -6.047242e+01 -6.952921e+01 -1.600000e+00
      vertex   -6.445117e+01 -6.985890e+01 -1.600000e+00
      vertex   -6.402758e+01 -6.952921e+01 -1.600000e+00
    endloop
  endfacet
  facet normal 0.000000e+00 0.000000e+00 -1.000000e+00
    outer loop
      vertex   -6.047242e+01 -6.952921e+01 -1.600000e+00
      vertex   -6.402758e+01 -6.952921e+01 -1.600000e+00
      vertex   -6.094449e+01 -6.927374e+01 -1.600000e+00
    endloop
  endfacet
  facet normal -0.000000e+00 0.000000e+00 -1.000000e+00
    outer loop
      vertex   -6.094449e+01 -6.927374e+01 -1.600000e+00
      vertex   -6.402758e+01 -6.952921e+01 -1.600000e+00
      vertex   -6.355551e+01 -6.927374e+01 -1.600000e+00
    endloop
  endfacet
  facet normal 0.000000e+00 0.000000e+00 -1.000000e+00
    outer loop
      vertex   -6.094449e+01 -6.927374e+01 -1.600000e+00
      vertex   -6.355551e+01 -6.927374e+01 -1.600000e+00
      vertex   -6.145217e+01 -6.909945e+01 -1.600000e+00
    endloop
  endfacet
  facet normal -0.000000e+00 0.000000e+00 -1.000000e+00
    outer loop
      vertex   -6.145217e+01 -6.909945e+01 -1.600000e+00
      vertex   -6.355551e+01 -6.927374e+01 -1.600000e+00
      vertex   -6.304783e+01 -6.909945e+01 -1.600000e+00
    endloop
  endfacet
  facet normal 0.000000e+00 0.000000e+00 -1.000000e+00
    outer loop
      vertex   -6.145217e+01 -6.909945e+01 -1.600000e+00
      vertex   -6.304783e+01 -6.909945e+01 -1.600000e+00
      vertex   -6.198162e+01 -6.901110e+01 -1.600000e+00
    endloop
  endfacet
  facet normal -0.000000e+00 0.000000e+00 -1.000000e+00
    outer loop
      vertex   -6.198162e+01 -6.901110e+01 -1.600000e+00
      vertex   -6.304783e+01 -6.909945e+01 -1.600000e+00
      vertex   -6.251838e+01 -6.901110e+01 -1.600000e+00
    endloop
  endfacet
  facet normal 0.000000e+00 0.000000e+00 -1.000000e+00
    outer loop
      vertex   -6.545567e+01 -7.278493e+01 -1.600000e+00
      vertex   -5.904433e+01 -7.278493e+01 -1.600000e+00
      vertex   -6.532391e+01 -7.330527e+01 -1.600000e+00
    endloop
  endfacet
  facet normal 0.000000e+00 0.000000e+00 -1.000000e+00
    outer loop
      vertex   -6.532391e+01 -7.330527e+01 -1.600000e+00
      vertex   -5.904433e+01 -7.278493e+01 -1.600000e+00
      vertex   -5.917609e+01 -7.330527e+01 -1.600000e+00
    endloop
  endfacet
  facet normal 0.000000e+00 0.000000e+00 -1.000000e+00
    outer loop
      vertex   -6.532391e+01 -7.330527e+01 -1.600000e+00
      vertex   -5.917609e+01 -7.330527e+01 -1.600000e+00
      vertex   -6.510829e+01 -7.379683e+01 -1.600000e+00
    endloop
  endfacet
  facet normal 0.000000e+00 0.000000e+00 -1.000000e+00
    outer loop
      vertex   -6.510829e+01 -7.379683e+01 -1.600000e+00
      vertex   -5.917609e+01 -7.330527e+01 -1.600000e+00
      vertex   -5.939171e+01 -7.379683e+01 -1.600000e+00
    endloop
  endfacet
  facet normal 0.000000e+00 0.000000e+00 -1.000000e+00
    outer loop
      vertex   -6.510829e+01 -7.379683e+01 -1.600000e+00
      vertex   -5.939171e+01 -7.379683e+01 -1.600000e+00
      vertex   -6.481471e+01 -7.424619e+01 -1.600000e+00
    endloop
  endfacet
  facet normal 0.000000e+00 0.000000e+00 -1.000000e+00
    outer loop
      vertex   -6.481471e+01 -7.424619e+01 -1.600000e+00
      vertex   -5.939171e+01 -7.379683e+01 -1.600000e+00
      vertex   -5.968529e+01 -7.424619e+01 -1.600000e+00
    endloop
  endfacet
  facet normal 0.000000e+00 0.000000e+00 -1.000000e+00
    outer loop
      vertex   -6.481471e+01 -7.424619e+01 -1.600000e+00
      vertex   -5.968529e+01 -7.424619e+01 -1.600000e+00
      vertex   -6.445117e+01 -7.464110e+01 -1.600000e+00
    endloop
  endfacet
  facet normal 0.000000e+00 0.000000e+00 -1.000000e+00
    outer loop
      vertex   -6.445117e+01 -7.464110e+01 -1.600000e+00
      vertex   -5.968529e+01 -7.424619e+01 -1.600000e+00
      vertex   -6.004883e+01 -7.464110e+01 -1.600000e+00
    endloop
  endfacet
  facet normal 0.000000e+00 0.000000e+00 -1.000000e+00
    outer loop
      vertex   -6.445117e+01 -7.464110e+01 -1.600000e+00
      vertex   -6.004883e+01 -7.464110e+01 -1.600000e+00
      vertex   -6.402758e+01 -7.497079e+01 -1.600000e+00
    endloop
  endfacet
  facet normal 0.000000e+00 0.000000e+00 -1.000000e+00
    outer loop
      vertex   -6.402758e+01 -7.497079e+01 -1.600000e+00
      vertex   -6.004883e+01 -7.464110e+01 -1.600000e+00
      vertex   -6.047242e+01 -7.497079e+01 -1.600000e+00
    endloop
  endfacet
  facet normal 0.000000e+00 0.000000e+00 -1.000000e+00
    outer loop
      vertex   -6.402758e+01 -7.497079e+01 -1.600000e+00
      vertex   -6.047242e+01 -7.497079e+01 -1.600000e+00
      vertex   -6.355551e+01 -7.522626e+01 -1.600000e+00
    endloop
  endfacet
  facet normal 0.000000e+00 0.000000e+00 -1.000000e+00
    outer loop
      vertex   -6.355551e+01 -7.522626e+01 -1.600000e+00
      vertex   -6.047242e+01 -7.497079e+01 -1.600000e+00
      vertex   -6.094449e+01 -7.522626e+01 -1.600000e+00
    endloop
  endfacet
  facet normal 0.000000e+00 0.000000e+00 -1.000000e+00
    outer loop
      vertex   -6.355551e+01 -7.522626e+01 -1.600000e+00
      vertex   -6.094449e+01 -7.522626e+01 -1.600000e+00
      vertex   -6.304783e+01 -7.540055e+01 -1.600000e+00
    endloop
  endfacet
  facet normal 0.000000e+00 0.000000e+00 -1.000000e+00
    outer loop
      vertex   -6.304783e+01 -7.540055e+01 -1.600000e+00
      vertex   -6.094449e+01 -7.522626e+01 -1.600000e+00
      vertex   -6.145217e+01 -7.540055e+01 -1.600000e+00
    endloop
  endfacet
  facet normal 0.000000e+00 0.000000e+00 -1.000000e+00
    outer loop
      vertex   -6.304783e+01 -7.540055e+01 -1.600000e+00
      vertex   -6.145217e+01 -7.540055e+01 -1.600000e+00
      vertex   -6.251838e+01 -7.548890e+01 -1.600000e+00
    endloop
  endfacet
  facet normal 0.000000e+00 0.000000e+00 -1.000000e+00
    outer loop
      vertex   -6.251838e+01 -7.548890e+01 -1.600000e+00
      vertex   -6.145217e+01 -7.540055e+01 -1.600000e+00
      vertex   -6.198162e+01 -7.548890e+01 -1.600000e+00
    endloop
  endfacet
  facet normal 0.000000e+00 -0.000000e+00 -1.000000e+00
    outer loop
      vertex   -3.945567e+01 -4.571507e+01 -1.600000e+00
      vertex   -3.304433e+01 -4.571507e+01 -1.600000e+00
      vertex   -3.950000e+01 -4.625000e+01 -1.600000e+00
    endloop
  endfacet
  facet normal 0.000000e+00 0.000000e+00 -1.000000e+00
    outer loop
      vertex   -3.950000e+01 -4.625000e+01 -1.600000e+00
      vertex   -3.304433e+01 -4.571507e+01 -1.600000e+00
      vertex   -3.300000e+01 -4.625000e+01 -1.600000e+00
    endloop
  endfacet
  facet normal 0.000000e+00 0.000000e+00 -1.000000e+00
    outer loop
      vertex   -3.950000e+01 -4.625000e+01 -1.600000e+00
      vertex   -3.300000e+01 -4.625000e+01 -1.600000e+00
      vertex   -3.945567e+01 -4.678493e+01 -1.600000e+00
    endloop
  endfacet
  facet normal 0.000000e+00 0.000000e+00 -1.000000e+00
    outer loop
      vertex   -3.945567e+01 -4.678493e+01 -1.600000e+00
      vertex   -3.300000e+01 -4.625000e+01 -1.600000e+00
      vertex   -3.304433e+01 -4.678493e+01 -1.600000e+00
    endloop
  endfacet
  facet normal 0.000000e+00 0.000000e+00 -1.000000e+00
    outer loop
      vertex   -3.945567e+01 -4.678493e+01 -1.600000e+00
      vertex   -3.304433e+01 -4.678493e+01 -1.600000e+00
      vertex   -3.932391e+01 -4.730527e+01 -1.600000e+00
    endloop
  endfacet
  facet normal 0.000000e+00 0.000000e+00 -1.000000e+00
    outer loop
      vertex   -3.932391e+01 -4.730527e+01 -1.600000e+00
      vertex   -3.304433e+01 -4.678493e+01 -1.600000e+00
      vertex   -3.317609e+01 -4.730527e+01 -1.600000e+00
    endloop
  endfacet
  facet normal 0.000000e+00 0.000000e+00 -1.000000e+00
    outer loop
      vertex   -3.932391e+01 -4.730527e+01 -1.600000e+00
      vertex   -3.317609e+01 -4.730527e+01 -1.600000e+00
      vertex   -3.910829e+01 -4.779683e+01 -1.600000e+00
    endloop
  endfacet
  facet normal 0.000000e+00 0.000000e+00 -1.000000e+00
    outer loop
      vertex   -3.910829e+01 -4.779683e+01 -1.600000e+00
      vertex   -3.317609e+01 -4.730527e+01 -1.600000e+00
      vertex   -3.339171e+01 -4.779683e+01 -1.600000e+00
    endloop
  endfacet
  facet normal 0.000000e+00 0.000000e+00 -1.000000e+00
    outer loop
      vertex   -3.910829e+01 -4.779683e+01 -1.600000e+00
      vertex   -3.339171e+01 -4.779683e+01 -1.600000e+00
      vertex   -3.881471e+01 -4.824619e+01 -1.600000e+00
    endloop
  endfacet
  facet normal 0.000000e+00 0.000000e+00 -1.000000e+00
    outer loop
      vertex   -3.881471e+01 -4.824619e+01 -1.600000e+00
      vertex   -3.339171e+01 -4.779683e+01 -1.600000e+00
      vertex   -3.368529e+01 -4.824619e+01 -1.600000e+00
    endloop
  endfacet
  facet normal 0.000000e+00 0.000000e+00 -1.000000e+00
    outer loop
      vertex   -3.881471e+01 -4.824619e+01 -1.600000e+00
      vertex   -3.368529e+01 -4.824619e+01 -1.600000e+00
      vertex   -3.845117e+01 -4.864110e+01 -1.600000e+00
    endloop
  endfacet
  facet normal 0.000000e+00 0.000000e+00 -1.000000e+00
    outer loop
      vertex   -3.845117e+01 -4.864110e+01 -1.600000e+00
      vertex   -3.368529e+01 -4.824619e+01 -1.600000e+00
      vertex   -3.404883e+01 -4.864110e+01 -1.600000e+00
    endloop
  endfacet
  facet normal 0.000000e+00 0.000000e+00 -1.000000e+00
    outer loop
      vertex   -3.845117e+01 -4.864110e+01 -1.600000e+00
      vertex   -3.404883e+01 -4.864110e+01 -1.600000e+00
      vertex   -3.802758e+01 -4.897079e+01 -1.600000e+00
    endloop
  endfacet
  facet normal 0.000000e+00 0.000000e+00 -1.000000e+00
    outer loop
      vertex   -3.802758e+01 -4.897079e+01 -1.600000e+00
      vertex   -3.404883e+01 -4.864110e+01 -1.600000e+00
      vertex   -3.447242e+01 -4.897079e+01 -1.600000e+00
    endloop
  endfacet
  facet normal 0.000000e+00 0.000000e+00 -1.000000e+00
    outer loop
      vertex   -3.802758e+01 -4.897079e+01 -1.600000e+00
      vertex   -3.447242e+01 -4.897079e+01 -1.600000e+00
      vertex   -3.755551e+01 -4.922626e+01 -1.600000e+00
    endloop
  endfacet
  facet normal 0.000000e+00 0.000000e+00 -1.000000e+00
    outer loop
      vertex   -3.755551e+01 -4.922626e+01 -1.600000e+00
      vertex   -3.447242e+01 -4.897079e+01 -1.600000e+00
      vertex   -3.494449e+01 -4.922626e+01 -1.600000e+00
    endloop
  endfacet
  facet normal 0.000000e+00 0.000000e+00 -1.000000e+00
    outer loop
      vertex   -3.755551e+01 -4.922626e+01 -1.600000e+00
      vertex   -3.494449e+01 -4.922626e+01 -1.600000e+00
      vertex   -3.704783e+01 -4.940055e+01 -1.600000e+00
    endloop
  endfacet
  facet normal 0.000000e+00 0.000000e+00 -1.000000e+00
    outer loop
      vertex   -3.704783e+01 -4.940055e+01 -1.600000e+00
      vertex   -3.494449e+01 -4.922626e+01 -1.600000e+00
      vertex   -3.545217e+01 -4.940055e+01 -1.600000e+00
    endloop
  endfacet
  facet normal 0.000000e+00 0.000000e+00 -1.000000e+00
    outer loop
      vertex   -3.704783e+01 -4.940055e+01 -1.600000e+00
      vertex   -3.545217e+01 -4.940055e+01 -1.600000e+00
      vertex   -3.651838e+01 -4.948890e+01 -1.600000e+00
    endloop
  endfacet
  facet normal 0.000000e+00 0.000000e+00 -1.000000e+00
    outer loop
      vertex   -3.651838e+01 -4.948890e+01 -1.600000e+00
      vertex   -3.545217e+01 -4.940055e+01 -1.600000e+00
      vertex   -3.598162e+01 -4.948890e+01 -1.600000e+00
    endloop
  endfacet
  facet normal 0.000000e+00 0.000000e+00 -1.000000e+00
    outer loop
      vertex   -3.304433e+01 -4.571507e+01 -1.600000e+00
      vertex   -3.945567e+01 -4.571507e+01 -1.600000e+00
      vertex   -3.317609e+01 -4.519473e+01 -1.600000e+00
    endloop
  endfacet
  facet normal -0.000000e+00 0.000000e+00 -1.000000e+00
    outer loop
      vertex   -3.317609e+01 -4.519473e+01 -1.600000e+00
      vertex   -3.945567e+01 -4.571507e+01 -1.600000e+00
      vertex   -3.932391e+01 -4.519473e+01 -1.600000e+00
    endloop
  endfacet
  facet normal 0.000000e+00 0.000000e+00 -1.000000e+00
    outer loop
      vertex   -3.317609e+01 -4.519473e+01 -1.600000e+00
      vertex   -3.932391e+01 -4.519473e+01 -1.600000e+00
      vertex   -3.339171e+01 -4.470317e+01 -1.600000e+00
    endloop
  endfacet
  facet normal -0.000000e+00 0.000000e+00 -1.000000e+00
    outer loop
      vertex   -3.339171e+01 -4.470317e+01 -1.600000e+00
      vertex   -3.932391e+01 -4.519473e+01 -1.600000e+00
      vertex   -3.910829e+01 -4.470317e+01 -1.600000e+00
    endloop
  endfacet
  facet normal 0.000000e+00 0.000000e+00 -1.000000e+00
    outer loop
      vertex   -3.339171e+01 -4.470317e+01 -1.600000e+00
      vertex   -3.910829e+01 -4.470317e+01 -1.600000e+00
      vertex   -3.368529e+01 -4.425381e+01 -1.600000e+00
    endloop
  endfacet
  facet normal -0.000000e+00 0.000000e+00 -1.000000e+00
    outer loop
      vertex   -3.368529e+01 -4.425381e+01 -1.600000e+00
      vertex   -3.910829e+01 -4.470317e+01 -1.600000e+00
      vertex   -3.881471e+01 -4.425381e+01 -1.600000e+00
    endloop
  endfacet
  facet normal 0.000000e+00 0.000000e+00 -1.000000e+00
    outer loop
      vertex   -3.368529e+01 -4.425381e+01 -1.600000e+00
      vertex   -3.881471e+01 -4.425381e+01 -1.600000e+00
      vertex   -3.404883e+01 -4.385890e+01 -1.600000e+00
    endloop
  endfacet
  facet normal -0.000000e+00 0.000000e+00 -1.000000e+00
    outer loop
      vertex   -3.404883e+01 -4.385890e+01 -1.600000e+00
      vertex   -3.881471e+01 -4.425381e+01 -1.600000e+00
      vertex   -3.845117e+01 -4.385890e+01 -1.600000e+00
    endloop
  endfacet
  facet normal 0.000000e+00 0.000000e+00 -1.000000e+00
    outer loop
      vertex   -3.404883e+01 -4.385890e+01 -1.600000e+00
      vertex   -3.845117e+01 -4.385890e+01 -1.600000e+00
      vertex   -3.447242e+01 -4.352921e+01 -1.600000e+00
    endloop
  endfacet
  facet normal -0.000000e+00 0.000000e+00 -1.000000e+00
    outer loop
      vertex   -3.447242e+01 -4.352921e+01 -1.600000e+00
      vertex   -3.845117e+01 -4.385890e+01 -1.600000e+00
      vertex   -3.802758e+01 -4.352921e+01 -1.600000e+00
    endloop
  endfacet
  facet normal 0.000000e+00 0.000000e+00 -1.000000e+00
    outer loop
      vertex   -3.447242e+01 -4.352921e+01 -1.600000e+00
      vertex   -3.802758e+01 -4.352921e+01 -1.600000e+00
      vertex   -3.494449e+01 -4.327374e+01 -1.600000e+00
    endloop
  endfacet
  facet normal -0.000000e+00 0.000000e+00 -1.000000e+00
    outer loop
      vertex   -3.494449e+01 -4.327374e+01 -1.600000e+00
      vertex   -3.802758e+01 -4.352921e+01 -1.600000e+00
      vertex   -3.755551e+01 -4.327374e+01 -1.600000e+00
    endloop
  endfacet
  facet normal 0.000000e+00 0.000000e+00 -1.000000e+00
    outer loop
      vertex   -3.494449e+01 -4.327374e+01 -1.600000e+00
      vertex   -3.755551e+01 -4.327374e+01 -1.600000e+00
      vertex   -3.545217e+01 -4.309945e+01 -1.600000e+00
    endloop
  endfacet
  facet normal -0.000000e+00 0.000000e+00 -1.000000e+00
    outer loop
      vertex   -3.545217e+01 -4.309945e+01 -1.600000e+00
      vertex   -3.755551e+01 -4.327374e+01 -1.600000e+00
      vertex   -3.704783e+01 -4.309945e+01 -1.600000e+00
    endloop
  endfacet
  facet normal 0.000000e+00 0.000000e+00 -1.000000e+00
    outer loop
      vertex   -3.545217e+01 -4.309945e+01 -1.600000e+00
      vertex   -3.704783e+01 -4.309945e+01 -1.600000e+00
      vertex   -3.598162e+01 -4.301110e+01 -1.600000e+00
    endloop
  endfacet
  facet normal -0.000000e+00 0.000000e+00 -1.000000e+00
    outer loop
      vertex   -3.598162e+01 -4.301110e+01 -1.600000e+00
      vertex   -3.704783e+01 -4.309945e+01 -1.600000e+00
      vertex   -3.651838e+01 -4.301110e+01 -1.600000e+00
    endloop
  endfacet
  facet normal -0.000000e+00 -0.000000e+00 -1.000000e+00
    outer loop
      vertex   -3.571507e+01 -6.904433e+01 -1.600000e+00
      vertex   -3.571507e+01 -7.545567e+01 -1.600000e+00
      vertex   -3.625000e+01 -6.900000e+01 -1.600000e+00
    endloop
  endfacet
  facet normal 0.000000e+00 0.000000e+00 -1.000000e+00
    outer loop
      vertex   -3.625000e+01 -6.900000e+01 -1.600000e+00
      vertex   -3.571507e+01 -7.545567e+01 -1.600000e+00
      vertex   -3.625000e+01 -7.550000e+01 -1.600000e+00
    endloop
  endfacet
  facet normal 0.000000e+00 -0.000000e+00 -1.000000e+00
    outer loop
      vertex   -3.625000e+01 -6.900000e+01 -1.600000e+00
      vertex   -3.625000e+01 -7.550000e+01 -1.600000e+00
      vertex   -3.678493e+01 -6.904433e+01 -1.600000e+00
    endloop
  endfacet
  facet normal 0.000000e+00 0.000000e+00 -1.000000e+00
    outer loop
      vertex   -3.678493e+01 -6.904433e+01 -1.600000e+00
      vertex   -3.625000e+01 -7.550000e+01 -1.600000e+00
      vertex   -3.678493e+01 -7.545567e+01 -1.600000e+00
    endloop
  endfacet
  facet normal 0.000000e+00 -0.000000e+00 -1.000000e+00
    outer loop
      vertex   -3.678493e+01 -6.904433e+01 -1.600000e+00
      vertex   -3.678493e+01 -7.545567e+01 -1.600000e+00
      vertex   -3.730527e+01 -6.917609e+01 -1.600000e+00
    endloop
  endfacet
  facet normal 0.000000e+00 0.000000e+00 -1.000000e+00
    outer loop
      vertex   -3.730527e+01 -6.917609e+01 -1.600000e+00
      vertex   -3.678493e+01 -7.545567e+01 -1.600000e+00
      vertex   -3.730527e+01 -7.532391e+01 -1.600000e+00
    endloop
  endfacet
  facet normal 0.000000e+00 -0.000000e+00 -1.000000e+00
    outer loop
      vertex   -3.730527e+01 -6.917609e+01 -1.600000e+00
      vertex   -3.730527e+01 -7.532391e+01 -1.600000e+00
      vertex   -3.779683e+01 -6.939171e+01 -1.600000e+00
    endloop
  endfacet
  facet normal 0.000000e+00 0.000000e+00 -1.000000e+00
    outer loop
      vertex   -3.779683e+01 -6.939171e+01 -1.600000e+00
      vertex   -3.730527e+01 -7.532391e+01 -1.600000e+00
      vertex   -3.779683e+01 -7.510829e+01 -1.600000e+00
    endloop
  endfacet
  facet normal 0.000000e+00 -0.000000e+00 -1.000000e+00
    outer loop
      vertex   -3.779683e+01 -6.939171e+01 -1.600000e+00
      vertex   -3.779683e+01 -7.510829e+01 -1.600000e+00
      vertex   -3.824619e+01 -6.968529e+01 -1.600000e+00
    endloop
  endfacet
  facet normal 0.000000e+00 0.000000e+00 -1.000000e+00
    outer loop
      vertex   -3.824619e+01 -6.968529e+01 -1.600000e+00
      vertex   -3.779683e+01 -7.510829e+01 -1.600000e+00
      vertex   -3.824619e+01 -7.481471e+01 -1.600000e+00
    endloop
  endfacet
  facet normal 0.000000e+00 -0.000000e+00 -1.000000e+00
    outer loop
      vertex   -3.824619e+01 -6.968529e+01 -1.600000e+00
      vertex   -3.824619e+01 -7.481471e+01 -1.600000e+00
      vertex   -3.864110e+01 -7.004883e+01 -1.600000e+00
    endloop
  endfacet
  facet normal 0.000000e+00 0.000000e+00 -1.000000e+00
    outer loop
      vertex   -3.864110e+01 -7.004883e+01 -1.600000e+00
      vertex   -3.824619e+01 -7.481471e+01 -1.600000e+00
      vertex   -3.864110e+01 -7.445117e+01 -1.600000e+00
    endloop
  endfacet
  facet normal 0.000000e+00 -0.000000e+00 -1.000000e+00
    outer loop
      vertex   -3.864110e+01 -7.004883e+01 -1.600000e+00
      vertex   -3.864110e+01 -7.445117e+01 -1.600000e+00
      vertex   -3.897079e+01 -7.047242e+01 -1.600000e+00
    endloop
  endfacet
  facet normal 0.000000e+00 0.000000e+00 -1.000000e+00
    outer loop
      vertex   -3.897079e+01 -7.047242e+01 -1.600000e+00
      vertex   -3.864110e+01 -7.445117e+01 -1.600000e+00
      vertex   -3.897079e+01 -7.402758e+01 -1.600000e+00
    endloop
  endfacet
  facet normal 0.000000e+00 -0.000000e+00 -1.000000e+00
    outer loop
      vertex   -3.897079e+01 -7.047242e+01 -1.600000e+00
      vertex   -3.897079e+01 -7.402758e+01 -1.600000e+00
      vertex   -3.922626e+01 -7.094449e+01 -1.600000e+00
    endloop
  endfacet
  facet normal 0.000000e+00 0.000000e+00 -1.000000e+00
    outer loop
      vertex   -3.922626e+01 -7.094449e+01 -1.600000e+00
      vertex   -3.897079e+01 -7.402758e+01 -1.600000e+00
      vertex   -3.922626e+01 -7.355551e+01 -1.600000e+00
    endloop
  endfacet
  facet normal 0.000000e+00 -0.000000e+00 -1.000000e+00
    outer loop
      vertex   -3.922626e+01 -7.094449e+01 -1.600000e+00
      vertex   -3.922626e+01 -7.355551e+01 -1.600000e+00
      vertex   -3.940055e+01 -7.145217e+01 -1.600000e+00
    endloop
  endfacet
  facet normal 0.000000e+00 0.000000e+00 -1.000000e+00
    outer loop
      vertex   -3.940055e+01 -7.145217e+01 -1.600000e+00
      vertex   -3.922626e+01 -7.355551e+01 -1.600000e+00
      vertex   -3.940055e+01 -7.304783e+01 -1.600000e+00
    endloop
  endfacet
  facet normal 0.000000e+00 -0.000000e+00 -1.000000e+00
    outer loop
      vertex   -3.940055e+01 -7.145217e+01 -1.600000e+00
      vertex   -3.940055e+01 -7.304783e+01 -1.600000e+00
      vertex   -3.948890e+01 -7.198162e+01 -1.600000e+00
    endloop
  endfacet
  facet normal 0.000000e+00 0.000000e+00 -1.000000e+00
    outer loop
      vertex   -3.948890e+01 -7.198162e+01 -1.600000e+00
      vertex   -3.940055e+01 -7.304783e+01 -1.600000e+00
      vertex   -3.948890e+01 -7.251838e+01 -1.600000e+00
    endloop
  endfacet
  facet normal 0.000000e+00 0.000000e+00 -1.000000e+00
    outer loop
      vertex   -3.571507e+01 -7.545567e+01 -1.600000e+00
      vertex   -3.571507e+01 -6.904433e+01 -1.600000e+00
      vertex   -3.519473e+01 -7.532391e+01 -1.600000e+00
    endloop
  endfacet
  facet normal 0.000000e+00 0.000000e+00 -1.000000e+00
    outer loop
      vertex   -3.519473e+01 -7.532391e+01 -1.600000e+00
      vertex   -3.571507e+01 -6.904433e+01 -1.600000e+00
      vertex   -3.519473e+01 -6.917609e+01 -1.600000e+00
    endloop
  endfacet
  facet normal 0.000000e+00 0.000000e+00 -1.000000e+00
    outer loop
      vertex   -3.519473e+01 -7.532391e+01 -1.600000e+00
      vertex   -3.519473e+01 -6.917609e+01 -1.600000e+00
      vertex   -3.470317e+01 -7.510829e+01 -1.600000e+00
    endloop
  endfacet
  facet normal 0.000000e+00 0.000000e+00 -1.000000e+00
    outer loop
      vertex   -3.470317e+01 -7.510829e+01 -1.600000e+00
      vertex   -3.519473e+01 -6.917609e+01 -1.600000e+00
      vertex   -3.470317e+01 -6.939171e+01 -1.600000e+00
    endloop
  endfacet
  facet normal 0.000000e+00 0.000000e+00 -1.000000e+00
    outer loop
      vertex   -3.470317e+01 -7.510829e+01 -1.600000e+00
      vertex   -3.470317e+01 -6.939171e+01 -1.600000e+00
      vertex   -3.425381e+01 -7.481471e+01 -1.600000e+00
    endloop
  endfacet
  facet normal 0.000000e+00 0.000000e+00 -1.000000e+00
    outer loop
      vertex   -3.425381e+01 -7.481471e+01 -1.600000e+00
      vertex   -3.470317e+01 -6.939171e+01 -1.600000e+00
      vertex   -3.425381e+01 -6.968529e+01 -1.600000e+00
    endloop
  endfacet
  facet normal 0.000000e+00 0.000000e+00 -1.000000e+00
    outer loop
      vertex   -3.425381e+01 -7.481471e+01 -1.600000e+00
      vertex   -3.425381e+01 -6.968529e+01 -1.600000e+00
      vertex   -3.385890e+01 -7.445117e+01 -1.600000e+00
    endloop
  endfacet
  facet normal 0.000000e+00 0.000000e+00 -1.000000e+00
    outer loop
      vertex   -3.385890e+01 -7.445117e+01 -1.600000e+00
      vertex   -3.425381e+01 -6.968529e+01 -1.600000e+00
      vertex   -3.385890e+01 -7.004883e+01 -1.600000e+00
    endloop
  endfacet
  facet normal 0.000000e+00 0.000000e+00 -1.000000e+00
    outer loop
      vertex   -3.385890e+01 -7.445117e+01 -1.600000e+00
      vertex   -3.385890e+01 -7.004883e+01 -1.600000e+00
      vertex   -3.352921e+01 -7.402758e+01 -1.600000e+00
    endloop
  endfacet
  facet normal 0.000000e+00 0.000000e+00 -1.000000e+00
    outer loop
      vertex   -3.352921e+01 -7.402758e+01 -1.600000e+00
      vertex   -3.385890e+01 -7.004883e+01 -1.600000e+00
      vertex   -3.352921e+01 -7.047242e+01 -1.600000e+00
    endloop
  endfacet
  facet normal 0.000000e+00 0.000000e+00 -1.000000e+00
    outer loop
      vertex   -3.352921e+01 -7.402758e+01 -1.600000e+00
      vertex   -3.352921e+01 -7.047242e+01 -1.600000e+00
      vertex   -3.327374e+01 -7.355551e+01 -1.600000e+00
    endloop
  endfacet
  facet normal 0.000000e+00 0.000000e+00 -1.000000e+00
    outer loop
      vertex   -3.327374e+01 -7.355551e+01 -1.600000e+00
      vertex   -3.352921e+01 -7.047242e+01 -1.600000e+00
      vertex   -3.327374e+01 -7.094449e+01 -1.600000e+00
    endloop
  endfacet
  facet normal 0.000000e+00 0.000000e+00 -1.000000e+00
    outer loop
      vertex   -3.327374e+01 -7.355551e+01 -1.600000e+00
      vertex   -3.327374e+01 -7.094449e+01 -1.600000e+00
      vertex   -3.309945e+01 -7.304783e+01 -1.600000e+00
    endloop
  endfacet
  facet normal 0.000000e+00 0.000000e+00 -1.000000e+00
    outer loop
      vertex   -3.309945e+01 -7.304783e+01 -1.600000e+00
      vertex   -3.327374e+01 -7.094449e+01 -1.600000e+00
      vertex   -3.309945e+01 -7.145217e+01 -1.600000e+00
    endloop
  endfacet
  facet normal 0.000000e+00 0.000000e+00 -1.000000e+00
    outer loop
      vertex   -3.309945e+01 -7.304783e+01 -1.600000e+00
      vertex   -3.309945e+01 -7.145217e+01 -1.600000e+00
      vertex   -3.301110e+01 -7.251838e+01 -1.600000e+00
    endloop
  endfacet
  facet normal 0.000000e+00 0.000000e+00 -1.000000e+00
    outer loop
      vertex   -3.301110e+01 -7.251838e+01 -1.600000e+00
      vertex   -3.309945e+01 -7.145217e+01 -1.600000e+00
      vertex   -3.301110e+01 -7.198162e+01 -1.600000e+00
    endloop
  endfacet
  facet normal 0.000000e+00 0.000000e+00 -1.000000e+00
    outer loop
      vertex   -6.278493e+01 -4.945567e+01 -1.600000e+00
      vertex   -6.278493e+01 -4.304433e+01 -1.600000e+00
      vertex   -6.225000e+01 -4.950000e+01 -1.600000e+00
    endloop
  endfacet
  facet normal 0.000000e+00 0.000000e+00 -1.000000e+00
    outer loop
      vertex   -6.225000e+01 -4.950000e+01 -1.600000e+00
      vertex   -6.278493e+01 -4.304433e+01 -1.600000e+00
      vertex   -6.225000e+01 -4.300000e+01 -1.600000e+00
    endloop
  endfacet
  facet normal 0.000000e+00 0.000000e+00 -1.000000e+00
    outer loop
      vertex   -6.225000e+01 -4.950000e+01 -1.600000e+00
      vertex   -6.225000e+01 -4.300000e+01 -1.600000e+00
      vertex   -6.171507e+01 -4.945567e+01 -1.600000e+00
    endloop
  endfacet
  facet normal 0.000000e+00 0.000000e+00 -1.000000e+00
    outer loop
      vertex   -6.171507e+01 -4.945567e+01 -1.600000e+00
      vertex   -6.225000e+01 -4.300000e+01 -1.600000e+00
      vertex   -6.171507e+01 -4.304433e+01 -1.600000e+00
    endloop
  endfacet
  facet normal 0.000000e+00 0.000000e+00 -1.000000e+00
    outer loop
      vertex   -6.171507e+01 -4.945567e+01 -1.600000e+00
      vertex   -6.171507e+01 -4.304433e+01 -1.600000e+00
      vertex   -6.119473e+01 -4.932391e+01 -1.600000e+00
    endloop
  endfacet
  facet normal 0.000000e+00 0.000000e+00 -1.000000e+00
    outer loop
      vertex   -6.119473e+01 -4.932391e+01 -1.600000e+00
      vertex   -6.171507e+01 -4.304433e+01 -1.600000e+00
      vertex   -6.119473e+01 -4.317609e+01 -1.600000e+00
    endloop
  endfacet
  facet normal 0.000000e+00 0.000000e+00 -1.000000e+00
    outer loop
      vertex   -6.119473e+01 -4.932391e+01 -1.600000e+00
      vertex   -6.119473e+01 -4.317609e+01 -1.600000e+00
      vertex   -6.070317e+01 -4.910829e+01 -1.600000e+00
    endloop
  endfacet
  facet normal 0.000000e+00 0.000000e+00 -1.000000e+00
    outer loop
      vertex   -6.070317e+01 -4.910829e+01 -1.600000e+00
      vertex   -6.119473e+01 -4.317609e+01 -1.600000e+00
      vertex   -6.070317e+01 -4.339171e+01 -1.600000e+00
    endloop
  endfacet
  facet normal 0.000000e+00 0.000000e+00 -1.000000e+00
    outer loop
      vertex   -6.070317e+01 -4.910829e+01 -1.600000e+00
      vertex   -6.070317e+01 -4.339171e+01 -1.600000e+00
      vertex   -6.025381e+01 -4.881471e+01 -1.600000e+00
    endloop
  endfacet
  facet normal 0.000000e+00 0.000000e+00 -1.000000e+00
    outer loop
      vertex   -6.025381e+01 -4.881471e+01 -1.600000e+00
      vertex   -6.070317e+01 -4.339171e+01 -1.600000e+00
      vertex   -6.025381e+01 -4.368529e+01 -1.600000e+00
    endloop
  endfacet
  facet normal 0.000000e+00 0.000000e+00 -1.000000e+00
    outer loop
      vertex   -6.025381e+01 -4.881471e+01 -1.600000e+00
      vertex   -6.025381e+01 -4.368529e+01 -1.600000e+00
      vertex   -5.985890e+01 -4.845117e+01 -1.600000e+00
    endloop
  endfacet
  facet normal 0.000000e+00 0.000000e+00 -1.000000e+00
    outer loop
      vertex   -5.985890e+01 -4.845117e+01 -1.600000e+00
      vertex   -6.025381e+01 -4.368529e+01 -1.600000e+00
      vertex   -5.985890e+01 -4.404883e+01 -1.600000e+00
    endloop
  endfacet
  facet normal 0.000000e+00 0.000000e+00 -1.000000e+00
    outer loop
      vertex   -5.985890e+01 -4.845117e+01 -1.600000e+00
      vertex   -5.985890e+01 -4.404883e+01 -1.600000e+00
      vertex   -5.952921e+01 -4.802758e+01 -1.600000e+00
    endloop
  endfacet
  facet normal 0.000000e+00 0.000000e+00 -1.000000e+00
    outer loop
      vertex   -5.952921e+01 -4.802758e+01 -1.600000e+00
      vertex   -5.985890e+01 -4.404883e+01 -1.600000e+00
      vertex   -5.952921e+01 -4.447242e+01 -1.600000e+00
    endloop
  endfacet
  facet normal 0.000000e+00 0.000000e+00 -1.000000e+00
    outer loop
      vertex   -5.952921e+01 -4.802758e+01 -1.600000e+00
      vertex   -5.952921e+01 -4.447242e+01 -1.600000e+00
      vertex   -5.927374e+01 -4.755551e+01 -1.600000e+00
    endloop
  endfacet
  facet normal 0.000000e+00 0.000000e+00 -1.000000e+00
    outer loop
      vertex   -5.927374e+01 -4.755551e+01 -1.600000e+00
      vertex   -5.952921e+01 -4.447242e+01 -1.600000e+00
      vertex   -5.927374e+01 -4.494449e+01 -1.600000e+00
    endloop
  endfacet
  facet normal 0.000000e+00 0.000000e+00 -1.000000e+00
    outer loop
      vertex   -5.927374e+01 -4.755551e+01 -1.600000e+00
      vertex   -5.927374e+01 -4.494449e+01 -1.600000e+00
      vertex   -5.909945e+01 -4.704783e+01 -1.600000e+00
    endloop
  endfacet
  facet normal 0.000000e+00 0.000000e+00 -1.000000e+00
    outer loop
      vertex   -5.909945e+01 -4.704783e+01 -1.600000e+00
      vertex   -5.927374e+01 -4.494449e+01 -1.600000e+00
      vertex   -5.909945e+01 -4.545217e+01 -1.600000e+00
    endloop
  endfacet
  facet normal 0.000000e+00 0.000000e+00 -1.000000e+00
    outer loop
      vertex   -5.909945e+01 -4.704783e+01 -1.600000e+00
      vertex   -5.909945e+01 -4.545217e+01 -1.600000e+00
      vertex   -5.901110e+01 -4.651838e+01 -1.600000e+00
    endloop
  endfacet
  facet normal 0.000000e+00 0.000000e+00 -1.000000e+00
    outer loop
      vertex   -5.901110e+01 -4.651838e+01 -1.600000e+00
      vertex   -5.909945e+01 -4.545217e+01 -1.600000e+00
      vertex   -5.901110e+01 -4.598162e+01 -1.600000e+00
    endloop
  endfacet
  facet normal 0.000000e+00 0.000000e+00 -1.000000e+00
    outer loop
      vertex   -6.278493e+01 -4.304433e+01 -1.600000e+00
      vertex   -6.278493e+01 -4.945567e+01 -1.600000e+00
      vertex   -6.330527e+01 -4.317609e+01 -1.600000e+00
    endloop
  endfacet
  facet normal 0.000000e+00 0.000000e+00 -1.000000e+00
    outer loop
      vertex   -6.330527e+01 -4.317609e+01 -1.600000e+00
      vertex   -6.278493e+01 -4.945567e+01 -1.600000e+00
      vertex   -6.330527e+01 -4.932391e+01 -1.600000e+00
    endloop
  endfacet
  facet normal 0.000000e+00 -0.000000e+00 -1.000000e+00
    outer loop
      vertex   -6.330527e+01 -4.317609e+01 -1.600000e+00
      vertex   -6.330527e+01 -4.932391e+01 -1.600000e+00
      vertex   -6.379683e+01 -4.339171e+01 -1.600000e+00
    endloop
  endfacet
  facet normal 0.000000e+00 0.000000e+00 -1.000000e+00
    outer loop
      vertex   -6.379683e+01 -4.339171e+01 -1.600000e+00
      vertex   -6.330527e+01 -4.932391e+01 -1.600000e+00
      vertex   -6.379683e+01 -4.910829e+01 -1.600000e+00
    endloop
  endfacet
  facet normal 0.000000e+00 -0.000000e+00 -1.000000e+00
    outer loop
      vertex   -6.379683e+01 -4.339171e+01 -1.600000e+00
      vertex   -6.379683e+01 -4.910829e+01 -1.600000e+00
      vertex   -6.424619e+01 -4.368529e+01 -1.600000e+00
    endloop
  endfacet
  facet normal 0.000000e+00 0.000000e+00 -1.000000e+00
    outer loop
      vertex   -6.424619e+01 -4.368529e+01 -1.600000e+00
      vertex   -6.379683e+01 -4.910829e+01 -1.600000e+00
      vertex   -6.424619e+01 -4.881471e+01 -1.600000e+00
    endloop
  endfacet
  facet normal 0.000000e+00 -0.000000e+00 -1.000000e+00
    outer loop
      vertex   -6.424619e+01 -4.368529e+01 -1.600000e+00
      vertex   -6.424619e+01 -4.881471e+01 -1.600000e+00
      vertex   -6.464110e+01 -4.404883e+01 -1.600000e+00
    endloop
  endfacet
  facet normal 0.000000e+00 0.000000e+00 -1.000000e+00
    outer loop
      vertex   -6.464110e+01 -4.404883e+01 -1.600000e+00
      vertex   -6.424619e+01 -4.881471e+01 -1.600000e+00
      vertex   -6.464110e+01 -4.845117e+01 -1.600000e+00
    endloop
  endfacet
  facet normal 0.000000e+00 -0.000000e+00 -1.000000e+00
    outer loop
      vertex   -6.464110e+01 -4.404883e+01 -1.600000e+00
      vertex   -6.464110e+01 -4.845117e+01 -1.600000e+00
      vertex   -6.497079e+01 -4.447242e+01 -1.600000e+00
    endloop
  endfacet
  facet normal 0.000000e+00 0.000000e+00 -1.000000e+00
    outer loop
      vertex   -6.497079e+01 -4.447242e+01 -1.600000e+00
      vertex   -6.464110e+01 -4.845117e+01 -1.600000e+00
      vertex   -6.497079e+01 -4.802758e+01 -1.600000e+00
    endloop
  endfacet
  facet normal 0.000000e+00 -0.000000e+00 -1.000000e+00
    outer loop
      vertex   -6.497079e+01 -4.447242e+01 -1.600000e+00
      vertex   -6.497079e+01 -4.802758e+01 -1.600000e+00
      vertex   -6.522626e+01 -4.494449e+01 -1.600000e+00
    endloop
  endfacet
  facet normal 0.000000e+00 0.000000e+00 -1.000000e+00
    outer loop
      vertex   -6.522626e+01 -4.494449e+01 -1.600000e+00
      vertex   -6.497079e+01 -4.802758e+01 -1.600000e+00
      vertex   -6.522626e+01 -4.755551e+01 -1.600000e+00
    endloop
  endfacet
  facet normal 0.000000e+00 -0.000000e+00 -1.000000e+00
    outer loop
      vertex   -6.522626e+01 -4.494449e+01 -1.600000e+00
      vertex   -6.522626e+01 -4.755551e+01 -1.600000e+00
      vertex   -6.540055e+01 -4.545217e+01 -1.600000e+00
    endloop
  endfacet
  facet normal 0.000000e+00 0.000000e+00 -1.000000e+00
    outer loop
      vertex   -6.540055e+01 -4.545217e+01 -1.600000e+00
      vertex   -6.522626e+01 -4.755551e+01 -1.600000e+00
      vertex   -6.540055e+01 -4.704783e+01 -1.600000e+00
    endloop
  endfacet
  facet normal 0.000000e+00 -0.000000e+00 -1.000000e+00
    outer loop
      vertex   -6.540055e+01 -4.545217e+01 -1.600000e+00
      vertex   -6.540055e+01 -4.704783e+01 -1.600000e+00
      vertex   -6.548890e+01 -4.598162e+01 -1.600000e+00
    endloop
  endfacet
  facet normal 0.000000e+00 0.000000e+00 -1.000000e+00
    outer loop
      vertex   -6.548890e+01 -4.598162e+01 -1.600000e+00
      vertex   -6.540055e+01 -4.704783e+01 -1.600000e+00
      vertex   -6.548890e+01 -4.651838e+01 -1.600000e+00
    endloop
  endfacet
  facet normal 9.457879e-01 2.091360e-03 -3.247783e-01
    outer loop
      vertex   -5.022926e+01 -4.120000e+01 3.076084e+01
      vertex   -5.021593e+01 -3.850000e+01 3.081707e+01
      vertex   -5.014714e+01 -4.120000e+01 3.100000e+01
    endloop
  endfacet
  facet normal 9.238769e-01 -2.390022e-03 -3.826823e-01
    outer loop
      vertex   -5.014714e+01 -4.120000e+01 3.100000e+01
      vertex   -5.021593e+01 -3.850000e+01 3.081707e+01
      vertex   -5.011603e+01 -3.850000e+01 3.105825e+01
    endloop
  endfacet
  facet normal 8.259575e-01 2.644087e-03 -5.637262e-01
    outer loop
      vertex   -5.014714e+01 -4.120000e+01 3.100000e+01
      vertex   -5.011603e+01 -3.850000e+01 3.105825e+01
      vertex   -4.999125e+01 -4.097053e+01 3.122947e+01
    endloop
  endfacet
  facet normal 7.933516e-01 -2.123838e-03 -6.087601e-01
    outer loop
      vertex   -4.999125e+01 -4.097053e+01 3.122947e+01
      vertex   -5.011603e+01 -3.850000e+01 3.105825e+01
      vertex   -4.995711e+01 -3.850000e+01 3.126536e+01
    endloop
  endfacet
  facet normal 6.923391e-01 9.107256e-04 -7.215717e-01
    outer loop
      vertex   -4.999125e+01 -4.097053e+01 3.122947e+01
      vertex   -4.995711e+01 -3.850000e+01 3.126536e+01
      vertex   -4.989098e+01 -4.087420e+01 3.132580e+01
    endloop
  endfacet
  facet normal 6.087582e-01 -3.244538e-03 -7.933492e-01
    outer loop
      vertex   -4.989098e+01 -4.087420e+01 3.132580e+01
      vertex   -4.995711e+01 -3.850000e+01 3.126536e+01
      vertex   -4.975000e+01 -3.850000e+01 3.142427e+01
    endloop
  endfacet
  facet normal 5.866635e-01 -1.248974e-03 -8.098298e-01
    outer loop
      vertex   -4.989098e+01 -4.087420e+01 3.132580e+01
      vertex   -4.975000e+01 -3.850000e+01 3.142427e+01
      vertex   -4.977832e+01 -4.079271e+01 3.140729e+01
    endloop
  endfacet
  facet normal 4.676986e-01 7.691508e-04 -8.838877e-01
    outer loop
      vertex   -4.977832e+01 -4.079271e+01 3.140729e+01
      vertex   -4.975000e+01 -3.850000e+01 3.142427e+01
      vertex   -4.965545e+01 -4.072763e+01 3.147237e+01
    endloop
  endfacet
  facet normal 3.826808e-01 -3.702747e-03 -9.238732e-01
    outer loop
      vertex   -4.965545e+01 -4.072763e+01 3.147237e+01
      vertex   -4.975000e+01 -3.850000e+01 3.142427e+01
      vertex   -4.950882e+01 -3.850000e+01 3.152417e+01
    endloop
  endfacet
  facet normal 3.411037e-01 -5.904052e-04 -9.400255e-01
    outer loop
      vertex   -4.965545e+01 -4.072763e+01 3.147237e+01
      vertex   -4.950882e+01 -3.850000e+01 3.152417e+01
      vertex   -4.952473e+01 -4.068023e+01 3.151977e+01
    endloop
  endfacet
  facet normal 2.071270e-01 4.648610e-04 -9.783139e-01
    outer loop
      vertex   -4.952473e+01 -4.068023e+01 3.151977e+01
      vertex   -4.950882e+01 -3.850000e+01 3.152417e+01
      vertex   -4.938871e+01 -4.065142e+01 3.154858e+01
    endloop
  endfacet
  facet normal 1.305252e-01 -3.960640e-03 -9.914371e-01
    outer loop
      vertex   -4.938871e+01 -4.065142e+01 3.154858e+01
      vertex   -4.950882e+01 -3.850000e+01 3.152417e+01
      vertex   -4.925000e+01 -3.850000e+01 3.155825e+01
    endloop
  endfacet
  facet normal 6.952179e-02 2.307182e-16 -9.975804e-01
    outer loop
      vertex   -4.938871e+01 -4.065142e+01 3.154858e+01
      vertex   -4.925000e+01 -3.850000e+01 3.155825e+01
      vertex   -4.925000e+01 -4.064175e+01 3.155825e+01
    endloop
  endfacet
  facet normal -6.952179e-02 -2.306440e-16 -9.975804e-01
    outer loop
      vertex   -4.925000e+01 -4.064175e+01 3.155825e+01
      vertex   -4.925000e+01 -3.850000e+01 3.155825e+01
      vertex   -4.911129e+01 -4.065142e+01 3.154858e+01
    endloop
  endfacet
  facet normal -1.305252e-01 -3.960640e-03 -9.914371e-01
    outer loop
      vertex   -4.911129e+01 -4.065142e+01 3.154858e+01
      vertex   -4.925000e+01 -3.850000e+01 3.155825e+01
      vertex   -4.899118e+01 -3.850000e+01 3.152417e+01
    endloop
  endfacet
  facet normal -2.071270e-01 4.648610e-04 -9.783139e-01
    outer loop
      vertex   -4.911129e+01 -4.065142e+01 3.154858e+01
      vertex   -4.899118e+01 -3.850000e+01 3.152417e+01
      vertex   -4.897527e+01 -4.068023e+01 3.151977e+01
    endloop
  endfacet
  facet normal -3.411037e-01 -5.904052e-04 -9.400255e-01
    outer loop
      vertex   -4.897527e+01 -4.068023e+01 3.151977e+01
      vertex   -4.899118e+01 -3.850000e+01 3.152417e+01
      vertex   -4.884455e+01 -4.072763e+01 3.147237e+01
    endloop
  endfacet
  facet normal -3.826808e-01 -3.702747e-03 -9.238732e-01
    outer loop
      vertex   -4.884455e+01 -4.072763e+01 3.147237e+01
      vertex   -4.899118e+01 -3.850000e+01 3.152417e+01
      vertex   -4.875000e+01 -3.850000e+01 3.142427e+01
    endloop
  endfacet
  facet normal -4.676986e-01 7.691508e-04 -8.838877e-01
    outer loop
      vertex   -4.884455e+01 -4.072763e+01 3.147237e+01
      vertex   -4.875000e+01 -3.850000e+01 3.142427e+01
      vertex   -4.872168e+01 -4.079271e+01 3.140729e+01
    endloop
  endfacet
  facet normal -5.866635e-01 -1.248974e-03 -8.098298e-01
    outer loop
      vertex   -4.872168e+01 -4.079271e+01 3.140729e+01
      vertex   -4.875000e+01 -3.850000e+01 3.142427e+01
      vertex   -4.860902e+01 -4.087420e+01 3.132580e+01
    endloop
  endfacet
  facet normal -6.087582e-01 -3.244538e-03 -7.933492e-01
    outer loop
      vertex   -4.860902e+01 -4.087420e+01 3.132580e+01
      vertex   -4.875000e+01 -3.850000e+01 3.142427e+01
      vertex   -4.854289e+01 -3.850000e+01 3.126536e+01
    endloop
  endfacet
  facet normal -6.923391e-01 9.107256e-04 -7.215717e-01
    outer loop
      vertex   -4.860902e+01 -4.087420e+01 3.132580e+01
      vertex   -4.854289e+01 -3.850000e+01 3.126536e+01
      vertex   -4.850875e+01 -4.097053e+01 3.122947e+01
    endloop
  endfacet
  facet normal -7.933516e-01 -2.123838e-03 -6.087601e-01
    outer loop
      vertex   -4.850875e+01 -4.097053e+01 3.122947e+01
      vertex   -4.854289e+01 -3.850000e+01 3.126536e+01
      vertex   -4.838397e+01 -3.850000e+01 3.105825e+01
    endloop
  endfacet
  facet normal -8.259575e-01 2.644087e-03 -5.637262e-01
    outer loop
      vertex   -4.850875e+01 -4.097053e+01 3.122947e+01
      vertex   -4.838397e+01 -3.850000e+01 3.105825e+01
      vertex   -4.835286e+01 -4.120000e+01 3.100000e+01
    endloop
  endfacet
  facet normal -9.238769e-01 -2.390022e-03 -3.826823e-01
    outer loop
      vertex   -4.835286e+01 -4.120000e+01 3.100000e+01
      vertex   -4.838397e+01 -3.850000e+01 3.105825e+01
      vertex   -4.828407e+01 -3.850000e+01 3.081707e+01
    endloop
  endfacet
  facet normal -9.457879e-01 2.091360e-03 -3.247783e-01
    outer loop
      vertex   -4.835286e+01 -4.120000e+01 3.100000e+01
      vertex   -4.828407e+01 -3.850000e+01 3.081707e+01
      vertex   -4.827074e+01 -4.120000e+01 3.076084e+01
    endloop
  endfacet
  facet normal -9.914425e-01 -2.179266e-03 -1.305259e-01
    outer loop
      vertex   -4.827074e+01 -4.120000e+01 3.076084e+01
      vertex   -4.828407e+01 -3.850000e+01 3.081707e+01
      vertex   -4.825000e+01 -3.850000e+01 3.055825e+01
    endloop
  endfacet
  facet normal -9.970171e-01 1.868013e-03 -7.715788e-02
    outer loop
      vertex   -4.827074e+01 -4.120000e+01 3.076084e+01
      vertex   -4.825000e+01 -3.850000e+01 3.055825e+01
      vertex   -4.825123e+01 -4.120000e+01 3.050873e+01
    endloop
  endfacet
  facet normal -9.914430e-01 -1.943333e-03 1.305259e-01
    outer loop
      vertex   -4.825123e+01 -4.120000e+01 3.050873e+01
      vertex   -4.825000e+01 -3.850000e+01 3.055825e+01
      vertex   -4.828407e+01 -3.850000e+01 3.029943e+01
    endloop
  endfacet
  facet normal -9.844966e-01 1.619495e-03 1.753962e-01
    outer loop
      vertex   -4.825123e+01 -4.120000e+01 3.050873e+01
      vertex   -4.828407e+01 -3.850000e+01 3.029943e+01
      vertex   -4.829558e+01 -4.120000e+01 3.025979e+01
    endloop
  endfacet
  facet normal -9.238782e-01 -1.682236e-03 3.826829e-01
    outer loop
      vertex   -4.829558e+01 -4.120000e+01 3.025979e+01
      vertex   -4.828407e+01 -3.850000e+01 3.029943e+01
      vertex   -4.838397e+01 -3.850000e+01 3.005825e+01
    endloop
  endfacet
  facet normal -9.090267e-01 1.345824e-03 4.167356e-01
    outer loop
      vertex   -4.829558e+01 -4.120000e+01 3.025979e+01
      vertex   -4.838397e+01 -3.850000e+01 3.005825e+01
      vertex   -4.840096e+01 -4.120000e+01 3.002993e+01
    endloop
  endfacet
  facet normal -7.933526e-01 -1.395995e-03 6.087608e-01
    outer loop
      vertex   -4.840096e+01 -4.120000e+01 3.002993e+01
      vertex   -4.838397e+01 -3.850000e+01 3.005825e+01
      vertex   -4.854289e+01 -3.850000e+01 2.985114e+01
    endloop
  endfacet
  facet normal -7.754331e-01 1.047018e-03 6.314289e-01
    outer loop
      vertex   -4.840096e+01 -4.120000e+01 3.002993e+01
      vertex   -4.854289e+01 -3.850000e+01 2.985114e+01
      vertex   -4.856062e+01 -4.120000e+01 2.983385e+01
    endloop
  endfacet
  facet normal -6.087611e-01 -1.084629e-03 7.933529e-01
    outer loop
      vertex   -4.856062e+01 -4.120000e+01 2.983385e+01
      vertex   -4.854289e+01 -3.850000e+01 2.985114e+01
      vertex   -4.875000e+01 -3.850000e+01 2.969222e+01
    endloop
  endfacet
  facet normal -5.922577e-01 7.230965e-04 8.057483e-01
    outer loop
      vertex   -4.856062e+01 -4.120000e+01 2.983385e+01
      vertex   -4.875000e+01 -3.850000e+01 2.969222e+01
      vertex   -4.876437e+01 -4.120000e+01 2.968409e+01
    endloop
  endfacet
  facet normal -3.826833e-01 -7.481587e-04 9.238793e-01
    outer loop
      vertex   -4.876437e+01 -4.120000e+01 2.968409e+01
      vertex   -4.875000e+01 -3.850000e+01 2.969222e+01
      vertex   -4.899118e+01 -3.850000e+01 2.959232e+01
    endloop
  endfacet
  facet normal -3.712128e-01 3.740826e-04 9.285477e-01
    outer loop
      vertex   -4.876437e+01 -4.120000e+01 2.968409e+01
      vertex   -4.899118e+01 -3.850000e+01 2.959232e+01
      vertex   -4.899916e+01 -4.120000e+01 2.959022e+01
    endloop
  endfacet
  facet normal -1.305262e-01 -3.866075e-04 9.914448e-01
    outer loop
      vertex   -4.899916e+01 -4.120000e+01 2.959022e+01
      vertex   -4.899118e+01 -3.850000e+01 2.959232e+01
      vertex   -4.925000e+01 -3.850000e+01 2.955825e+01
    endloop
  endfacet
  facet normal -1.264323e-01 -3.333990e-16 9.919752e-01
    outer loop
      vertex   -4.899916e+01 -4.120000e+01 2.959022e+01
      vertex   -4.925000e+01 -3.850000e+01 2.955825e+01
      vertex   -4.925000e+01 -4.120000e+01 2.955825e+01
    endloop
  endfacet
  facet normal 1.264323e-01 3.327244e-16 9.919752e-01
    outer loop
      vertex   -4.925000e+01 -4.120000e+01 2.955825e+01
      vertex   -4.925000e+01 -3.850000e+01 2.955825e+01
      vertex   -4.950084e+01 -4.120000e+01 2.959022e+01
    endloop
  endfacet
  facet normal 1.305262e-01 -3.866075e-04 9.914448e-01
    outer loop
      vertex   -4.950084e+01 -4.120000e+01 2.959022e+01
      vertex   -4.925000e+01 -3.850000e+01 2.955825e+01
      vertex   -4.950882e+01 -3.850000e+01 2.959232e+01
    endloop
  endfacet
  facet normal 3.712128e-01 3.740826e-04 9.285477e-01
    outer loop
      vertex   -4.950084e+01 -4.120000e+01 2.959022e+01
      vertex   -4.950882e+01 -3.850000e+01 2.959232e+01
      vertex   -4.973563e+01 -4.120000e+01 2.968409e+01
    endloop
  endfacet
  facet normal 3.826833e-01 -7.481587e-04 9.238793e-01
    outer loop
      vertex   -4.973563e+01 -4.120000e+01 2.968409e+01
      vertex   -4.950882e+01 -3.850000e+01 2.959232e+01
      vertex   -4.975000e+01 -3.850000e+01 2.969222e+01
    endloop
  endfacet
  facet normal 5.922577e-01 7.230965e-04 8.057483e-01
    outer loop
      vertex   -4.973563e+01 -4.120000e+01 2.968409e+01
      vertex   -4.975000e+01 -3.850000e+01 2.969222e+01
      vertex   -4.993938e+01 -4.120000e+01 2.983385e+01
    endloop
  endfacet
  facet normal 6.087611e-01 -1.084629e-03 7.933529e-01
    outer loop
      vertex   -4.993938e+01 -4.120000e+01 2.983385e+01
      vertex   -4.975000e+01 -3.850000e+01 2.969222e+01
      vertex   -4.995711e+01 -3.850000e+01 2.985114e+01
    endloop
  endfacet
  facet normal 7.754331e-01 1.047018e-03 6.314289e-01
    outer loop
      vertex   -4.993938e+01 -4.120000e+01 2.983385e+01
      vertex   -4.995711e+01 -3.850000e+01 2.985114e+01
      vertex   -5.009904e+01 -4.120000e+01 3.002993e+01
    endloop
  endfacet
  facet normal 7.933526e-01 -1.395995e-03 6.087608e-01
    outer loop
      vertex   -5.009904e+01 -4.120000e+01 3.002993e+01
      vertex   -4.995711e+01 -3.850000e+01 2.985114e+01
      vertex   -5.011603e+01 -3.850000e+01 3.005825e+01
    endloop
  endfacet
  facet normal 9.090267e-01 1.345824e-03 4.167356e-01
    outer loop
      vertex   -5.009904e+01 -4.120000e+01 3.002993e+01
      vertex   -5.011603e+01 -3.850000e+01 3.005825e+01
      vertex   -5.020442e+01 -4.120000e+01 3.025979e+01
    endloop
  endfacet
  facet normal 9.238782e-01 -1.682236e-03 3.826829e-01
    outer loop
      vertex   -5.020442e+01 -4.120000e+01 3.025979e+01
      vertex   -5.011603e+01 -3.850000e+01 3.005825e+01
      vertex   -5.021593e+01 -3.850000e+01 3.029943e+01
    endloop
  endfacet
  facet normal 9.844966e-01 1.619495e-03 1.753962e-01
    outer loop
      vertex   -5.020442e+01 -4.120000e+01 3.025979e+01
      vertex   -5.021593e+01 -3.850000e+01 3.029943e+01
      vertex   -5.024877e+01 -4.120000e+01 3.050873e+01
    endloop
  endfacet
  facet normal 9.914430e-01 -1.943333e-03 1.305259e-01
    outer loop
      vertex   -5.024877e+01 -4.120000e+01 3.050873e+01
      vertex   -5.021593e+01 -3.850000e+01 3.029943e+01
      vertex   -5.025000e+01 -3.850000e+01 3.055825e+01
    endloop
  endfacet
  facet normal 9.970171e-01 1.868013e-03 -7.715788e-02
    outer loop
      vertex   -5.024877e+01 -4.120000e+01 3.050873e+01
      vertex   -5.025000e+01 -3.850000e+01 3.055825e+01
      vertex   -5.022926e+01 -4.120000e+01 3.076084e+01
    endloop
  endfacet
  facet normal 9.914425e-01 -2.179266e-03 -1.305259e-01
    outer loop
      vertex   -5.022926e+01 -4.120000e+01 3.076084e+01
      vertex   -5.025000e+01 -3.850000e+01 3.055825e+01
      vertex   -5.021593e+01 -3.850000e+01 3.081707e+01
    endloop
  endfacet
  facet normal -1.279609e-15 -7.071068e-01 7.071068e-01
    outer loop
      vertex   -5.014714e+01 -4.120000e+01 3.100000e+01
      vertex   -4.999125e+01 -4.097053e+01 3.122947e+01
      vertex   -5.800000e+01 -4.120000e+01 3.100000e+01
    endloop
  endfacet
  facet normal 0.000000e+00 -7.071068e-01 7.071068e-01
    outer loop
      vertex   -5.800000e+01 -4.120000e+01 3.100000e+01
      vertex   -4.999125e+01 -4.097053e+01 3.122947e+01
      vertex   -6.625000e+01 -4.120000e+01 3.100000e+01
    endloop
  endfacet
  facet normal 4.304420e-16 -7.071068e-01 7.071068e-01
    outer loop
      vertex   -6.625000e+01 -4.120000e+01 3.100000e+01
      vertex   -4.999125e+01 -4.097053e+01 3.122947e+01
      vertex   -4.989098e+01 -4.087420e+01 3.132580e+01
    endloop
  endfacet
  facet normal -5.954656e-18 -7.071068e-01 7.071068e-01
    outer loop
      vertex   -6.625000e+01 -4.120000e+01 3.100000e+01
      vertex   -4.989098e+01 -4.087420e+01 3.132580e+01
      vertex   -4.977832e+01 -4.079271e+01 3.140729e+01
    endloop
  endfacet
  facet normal -7.633207e-16 -7.071068e-01 7.071068e-01
    outer loop
      vertex   -6.625000e+01 -4.120000e+01 3.100000e+01
      vertex   -4.977832e+01 -4.079271e+01 3.140729e+01
      vertex   -6.625000e+01 -4.040000e+01 3.180000e+01
    endloop
  endfacet
  facet normal 1.029833e-15 -7.071068e-01 7.071068e-01
    outer loop
      vertex   -6.625000e+01 -4.040000e+01 3.180000e+01
      vertex   -4.977832e+01 -4.079271e+01 3.140729e+01
      vertex   -4.965545e+01 -4.072763e+01 3.147237e+01
    endloop
  endfacet
  facet normal -4.320688e-16 -7.071068e-01 7.071068e-01
    outer loop
      vertex   -6.625000e+01 -4.040000e+01 3.180000e+01
      vertex   -4.965545e+01 -4.072763e+01 3.147237e+01
      vertex   -4.952473e+01 -4.068023e+01 3.151977e+01
    endloop
  endfacet
  facet normal -4.182553e-16 -7.071068e-01 7.071068e-01
    outer loop
      vertex   -4.952473e+01 -4.068023e+01 3.151977e+01
      vertex   -4.938871e+01 -4.065142e+01 3.154858e+01
      vertex   -6.625000e+01 -4.040000e+01 3.180000e+01
    endloop
  endfacet
  facet normal 2.817655e-15 -7.071068e-01 7.071068e-01
    outer loop
      vertex   -6.625000e+01 -4.040000e+01 3.180000e+01
      vertex   -4.938871e+01 -4.065142e+01 3.154858e+01
      vertex   -4.925000e+01 -4.064175e+01 3.155825e+01
    endloop
  endfacet
  facet normal 0.000000e+00 -7.071068e-01 7.071068e-01
    outer loop
      vertex   -6.625000e+01 -4.040000e+01 3.180000e+01
      vertex   -4.925000e+01 -4.064175e+01 3.155825e+01
      vertex   -3.225000e+01 -4.040000e+01 3.180000e+01
    endloop
  endfacet
  facet normal -2.833154e-15 -7.071068e-01 7.071068e-01
    outer loop
      vertex   -3.225000e+01 -4.040000e+01 3.180000e+01
      vertex   -4.925000e+01 -4.064175e+01 3.155825e+01
      vertex   -4.911129e+01 -4.065142e+01 3.154858e+01
    endloop
  endfacet
  facet normal 1.628958e-15 -7.071068e-01 7.071068e-01
    outer loop
      vertex   -3.225000e+01 -4.040000e+01 3.180000e+01
      vertex   -4.911129e+01 -4.065142e+01 3.154858e+01
      vertex   -4.897527e+01 -4.068023e+01 3.151977e+01
    endloop
  endfacet
  facet normal -5.613124e-16 -7.071068e-01 7.071068e-01
    outer loop
      vertex   -4.897527e+01 -4.068023e+01 3.151977e+01
      vertex   -4.884455e+01 -4.072763e+01 3.147237e+01
      vertex   -3.225000e+01 -4.040000e+01 3.180000e+01
    endloop
  endfacet
  facet normal -3.008630e-16 -7.071068e-01 7.071068e-01
    outer loop
      vertex   -3.225000e+01 -4.040000e+01 3.180000e+01
      vertex   -4.884455e+01 -4.072763e+01 3.147237e+01
      vertex   -4.872168e+01 -4.079271e+01 3.140729e+01
    endloop
  endfacet
  facet normal 3.100706e-16 -7.071068e-01 7.071068e-01
    outer loop
      vertex   -3.225000e+01 -4.040000e+01 3.180000e+01
      vertex   -4.872168e+01 -4.079271e+01 3.140729e+01
      vertex   -3.225000e+01 -4.120000e+01 3.100000e+01
    endloop
  endfacet
  facet normal 6.627126e-18 -7.071068e-01 7.071068e-01
    outer loop
      vertex   -3.225000e+01 -4.120000e+01 3.100000e+01
      vertex   -4.872168e+01 -4.079271e+01 3.140729e+01
      vertex   -4.860902e+01 -4.087420e+01 3.132580e+01
    endloop
  endfacet
  facet normal -1.589148e-15 -7.071068e-01 7.071068e-01
    outer loop
      vertex   -3.225000e+01 -4.120000e+01 3.100000e+01
      vertex   -4.860902e+01 -4.087420e+01 3.132580e+01
      vertex   -4.850875e+01 -4.097053e+01 3.122947e+01
    endloop
  endfacet
  facet normal 1.279609e-15 -7.071068e-01 7.071068e-01
    outer loop
      vertex   -4.835286e+01 -4.120000e+01 3.100000e+01
      vertex   -4.050000e+01 -4.120000e+01 3.100000e+01
      vertex   -4.850875e+01 -4.097053e+01 3.122947e+01
    endloop
  endfacet
  facet normal -1.217924e-15 -7.071068e-01 7.071068e-01
    outer loop
      vertex   -4.850875e+01 -4.097053e+01 3.122947e+01
      vertex   -4.050000e+01 -4.120000e+01 3.100000e+01
      vertex   -3.225000e+01 -4.120000e+01 3.100000e+01
    endloop
  endfacet
  facet normal -1.000000e+00 0.000000e+00 0.000000e+00
    outer loop
      vertex   -3.350000e+01 -6.425000e+01 2.560000e+01
      vertex   -3.350000e+01 -6.425000e+01 2.810000e+01
      vertex   -3.350000e+01 -5.425000e+01 2.560000e+01
    endloop
  endfacet
  facet normal -1.000000e+00 0.000000e+00 0.000000e+00
    outer loop
      vertex   -3.350000e+01 -5.425000e+01 2.560000e+01
      vertex   -3.350000e+01 -6.425000e+01 2.810000e+01
      vertex   -3.350000e+01 -5.425000e+01 2.810000e+01
    endloop
  endfacet
  facet normal 1.000000e+00 0.000000e+00 -0.000000e+00
    outer loop
      vertex   -6.500000e+01 -5.425000e+01 2.560000e+01
      vertex   -6.500000e+01 -5.425000e+01 2.810000e+01
      vertex   -6.500000e+01 -6.425000e+01 2.560000e+01
    endloop
  endfacet
  facet normal 1.000000e+00 0.000000e+00 0.000000e+00
    outer loop
      vertex   -6.500000e+01 -6.425000e+01 2.560000e+01
      vertex   -6.500000e+01 -5.425000e+01 2.810000e+01
      vertex   -6.500000e+01 -6.425000e+01 2.810000e+01
    endloop
  endfacet
  facet normal -0.000000e+00 0.000000e+00 -1.000000e+00
    outer loop
      vertex   -3.970000e+01 -5.475000e+01 -4.000000e+00
      vertex   -4.670000e+01 -6.275000e+01 -4.000000e+00
      vertex   -4.670000e+01 -5.475000e+01 -4.000000e+00
    endloop
  endfacet
  facet normal 0.000000e+00 -0.000000e+00 -1.000000e+00
    outer loop
      vertex   -4.670000e+01 -5.475000e+01 -4.000000e+00
      vertex   -4.670000e+01 -6.275000e+01 -4.000000e+00
      vertex   -5.470000e+01 -6.275000e+01 -4.000000e+00
    endloop
  endfacet
  facet normal -0.000000e+00 0.000000e+00 -1.000000e+00
    outer loop
      vertex   -4.670000e+01 -5.475000e+01 -4.000000e+00
      vertex   -5.470000e+01 -6.275000e+01 -4.000000e+00
      vertex   -5.470000e+01 -5.475000e+01 -4.000000e+00
    endloop
  endfacet
  facet normal 0.000000e+00 -0.000000e+00 -1.000000e+00
    outer loop
      vertex   -5.470000e+01 -5.475000e+01 -4.000000e+00
      vertex   -5.470000e+01 -6.275000e+01 -4.000000e+00
      vertex   -6.170000e+01 -6.275000e+01 -4.000000e+00
    endloop
  endfacet
  facet normal -0.000000e+00 0.000000e+00 -1.000000e+00
    outer loop
      vertex   -5.470000e+01 -5.475000e+01 -4.000000e+00
      vertex   -6.170000e+01 -6.275000e+01 -4.000000e+00
      vertex   -6.170000e+01 -5.475000e+01 -4.000000e+00
    endloop
  endfacet
  facet normal -0.000000e+00 -0.000000e+00 -1.000000e+00
    outer loop
      vertex   -6.170000e+01 -5.475000e+01 -4.000000e+00
      vertex   -6.170000e+01 -6.275000e+01 -4.000000e+00
      vertex   -6.497079e+01 -4.802758e+01 -4.000000e+00
    endloop
  endfacet
  facet normal 0.000000e+00 0.000000e+00 -1.000000e+00
    outer loop
      vertex   -6.170000e+01 -5.475000e+01 -4.000000e+00
      vertex   -6.497079e+01 -4.802758e+01 -4.000000e+00
      vertex   -6.464110e+01 -4.845117e+01 -4.000000e+00
    endloop
  endfacet
  facet normal 0.000000e+00 0.000000e+00 -1.000000e+00
    outer loop
      vertex   -3.970000e+01 -4.975000e+01 -4.000000e+00
      vertex   -3.704783e+01 -4.940055e+01 -4.000000e+00
      vertex   -3.970000e+01 -5.475000e+01 -4.000000e+00
    endloop
  endfacet
  facet normal 0.000000e+00 0.000000e+00 -1.000000e+00
    outer loop
      vertex   -3.970000e+01 -5.475000e+01 -4.000000e+00
      vertex   -3.704783e+01 -4.940055e+01 -4.000000e+00
      vertex   -3.651838e+01 -4.948890e+01 -4.000000e+00
    endloop
  endfacet
  facet normal 0.000000e+00 0.000000e+00 -1.000000e+00
    outer loop
      vertex   -3.970000e+01 -5.475000e+01 -4.000000e+00
      vertex   -3.651838e+01 -4.948890e+01 -4.000000e+00
      vertex   -3.598162e+01 -4.948890e+01 -4.000000e+00
    endloop
  endfacet
  facet normal 0.000000e+00 0.000000e+00 -1.000000e+00
    outer loop
      vertex   -4.670000e+01 -4.975000e+01 -4.000000e+00
      vertex   -3.932391e+01 -4.730527e+01 -4.000000e+00
      vertex   -3.970000e+01 -4.975000e+01 -4.000000e+00
    endloop
  endfacet
  facet normal 0.000000e+00 0.000000e+00 -1.000000e+00
    outer loop
      vertex   -3.970000e+01 -4.975000e+01 -4.000000e+00
      vertex   -3.932391e+01 -4.730527e+01 -4.000000e+00
      vertex   -3.910829e+01 -4.779683e+01 -4.000000e+00
    endloop
  endfacet
  facet normal 0.000000e+00 0.000000e+00 -1.000000e+00
    outer loop
      vertex   -3.970000e+01 -4.975000e+01 -4.000000e+00
      vertex   -3.910829e+01 -4.779683e+01 -4.000000e+00
      vertex   -3.881471e+01 -4.824619e+01 -4.000000e+00
    endloop
  endfacet
  facet normal 0.000000e+00 0.000000e+00 -1.000000e+00
    outer loop
      vertex   -4.670000e+01 -5.475000e+01 -4.000000e+00
      vertex   -5.470000e+01 -5.025000e+01 -4.000000e+00
      vertex   -4.670000e+01 -4.975000e+01 -4.000000e+00
    endloop
  endfacet
  facet normal -0.000000e+00 0.000000e+00 -1.000000e+00
    outer loop
      vertex   -4.670000e+01 -4.975000e+01 -4.000000e+00
      vertex   -5.470000e+01 -5.025000e+01 -4.000000e+00
      vertex   -5.909945e+01 -4.545217e+01 -4.000000e+00
    endloop
  endfacet
  facet normal 0.000000e+00 0.000000e+00 -1.000000e+00
    outer loop
      vertex   -4.670000e+01 -4.975000e+01 -4.000000e+00
      vertex   -5.909945e+01 -4.545217e+01 -4.000000e+00
      vertex   -5.927374e+01 -4.494449e+01 -4.000000e+00
    endloop
  endfacet
  facet normal -0.000000e+00 -0.000000e+00 -1.000000e+00
    outer loop
      vertex   -3.970000e+01 -6.775000e+01 -4.000000e+00
      vertex   -3.922626e+01 -7.094449e+01 -4.000000e+00
      vertex   -4.670000e+01 -6.775000e+01 -4.000000e+00
    endloop
  endfacet
  facet normal 0.000000e+00 0.000000e+00 -1.000000e+00
    outer loop
      vertex   -4.670000e+01 -6.775000e+01 -4.000000e+00
      vertex   -3.922626e+01 -7.094449e+01 -4.000000e+00
      vertex   -3.940055e+01 -7.145217e+01 -4.000000e+00
    endloop
  endfacet
  facet normal 0.000000e+00 0.000000e+00 -1.000000e+00
    outer loop
      vertex   -4.670000e+01 -6.775000e+01 -4.000000e+00
      vertex   -3.940055e+01 -7.145217e+01 -4.000000e+00
      vertex   -3.948890e+01 -7.198162e+01 -4.000000e+00
    endloop
  endfacet
  facet normal 0.000000e+00 0.000000e+00 -1.000000e+00
    outer loop
      vertex   -3.970000e+01 -6.275000e+01 -4.000000e+00
      vertex   -3.678493e+01 -6.904433e+01 -4.000000e+00
      vertex   -3.970000e+01 -6.775000e+01 -4.000000e+00
    endloop
  endfacet
  facet normal 0.000000e+00 0.000000e+00 -1.000000e+00
    outer loop
      vertex   -3.970000e+01 -6.775000e+01 -4.000000e+00
      vertex   -3.678493e+01 -6.904433e+01 -4.000000e+00
      vertex   -3.730527e+01 -6.917609e+01 -4.000000e+00
    endloop
  endfacet
  facet normal 0.000000e+00 0.000000e+00 -1.000000e+00
    outer loop
      vertex   -3.970000e+01 -6.775000e+01 -4.000000e+00
      vertex   -3.730527e+01 -6.917609e+01 -4.000000e+00
      vertex   -3.779683e+01 -6.939171e+01 -4.000000e+00
    endloop
  endfacet
  facet normal 0.000000e+00 0.000000e+00 -1.000000e+00
    outer loop
      vertex   -4.670000e+01 -6.275000e+01 -4.000000e+00
      vertex   -3.970000e+01 -5.475000e+01 -4.000000e+00
      vertex   -3.970000e+01 -6.275000e+01 -4.000000e+00
    endloop
  endfacet
  facet normal 0.000000e+00 0.000000e+00 -1.000000e+00
    outer loop
      vertex   -3.970000e+01 -6.275000e+01 -4.000000e+00
      vertex   -3.970000e+01 -5.475000e+01 -4.000000e+00
      vertex   -3.494449e+01 -4.922626e+01 -4.000000e+00
    endloop
  endfacet
  facet normal 0.000000e+00 0.000000e+00 -1.000000e+00
    outer loop
      vertex   -3.970000e+01 -6.275000e+01 -4.000000e+00
      vertex   -3.494449e+01 -4.922626e+01 -4.000000e+00
      vertex   -3.447242e+01 -4.897079e+01 -4.000000e+00
    endloop
  endfacet
  facet normal 0.000000e+00 0.000000e+00 -1.000000e+00
    outer loop
      vertex   -5.470000e+01 -6.275000e+01 -4.000000e+00
      vertex   -4.670000e+01 -6.275000e+01 -4.000000e+00
      vertex   -5.470000e+01 -6.775000e+01 -4.000000e+00
    endloop
  endfacet
  facet normal 0.000000e+00 0.000000e+00 -1.000000e+00
    outer loop
      vertex   -5.470000e+01 -6.775000e+01 -4.000000e+00
      vertex   -4.670000e+01 -6.275000e+01 -4.000000e+00
      vertex   -4.670000e+01 -6.775000e+01 -4.000000e+00
    endloop
  endfacet
  facet normal 0.000000e+00 -0.000000e+00 -1.000000e+00
    outer loop
      vertex   -5.470000e+01 -6.775000e+01 -4.000000e+00
      vertex   -4.670000e+01 -6.775000e+01 -4.000000e+00
      vertex   -5.917609e+01 -7.330527e+01 -4.000000e+00
    endloop
  endfacet
  facet normal 0.000000e+00 -0.000000e+00 -1.000000e+00
    outer loop
      vertex   -5.917609e+01 -7.330527e+01 -4.000000e+00
      vertex   -4.670000e+01 -6.775000e+01 -4.000000e+00
      vertex   -5.939171e+01 -7.379683e+01 -4.000000e+00
    endloop
  endfacet
  facet normal 0.000000e+00 0.000000e+00 -1.000000e+00
    outer loop
      vertex   -5.939171e+01 -7.379683e+01 -4.000000e+00
      vertex   -4.670000e+01 -6.775000e+01 -4.000000e+00
      vertex   -3.922626e+01 -7.355551e+01 -4.000000e+00
    endloop
  endfacet
  facet normal 0.000000e+00 0.000000e+00 -1.000000e+00
    outer loop
      vertex   -5.939171e+01 -7.379683e+01 -4.000000e+00
      vertex   -3.922626e+01 -7.355551e+01 -4.000000e+00
      vertex   -3.897079e+01 -7.402758e+01 -4.000000e+00
    endloop
  endfacet
  facet normal 0.000000e+00 0.000000e+00 -1.000000e+00
    outer loop
      vertex   -5.470000e+01 -5.475000e+01 -4.000000e+00
      vertex   -5.470000e+01 -5.025000e+01 -4.000000e+00
      vertex   -4.670000e+01 -5.475000e+01 -4.000000e+00
    endloop
  endfacet
  facet normal 0.000000e+00 0.000000e+00 -1.000000e+00
    outer loop
      vertex   -6.170000e+01 -5.025000e+01 -4.000000e+00
      vertex   -6.025381e+01 -4.881471e+01 -4.000000e+00
      vertex   -5.470000e+01 -5.025000e+01 -4.000000e+00
    endloop
  endfacet
  facet normal 0.000000e+00 0.000000e+00 -1.000000e+00
    outer loop
      vertex   -5.470000e+01 -5.025000e+01 -4.000000e+00
      vertex   -6.025381e+01 -4.881471e+01 -4.000000e+00
      vertex   -5.985890e+01 -4.845117e+01 -4.000000e+00
    endloop
  endfacet
  facet normal 0.000000e+00 0.000000e+00 -1.000000e+00
    outer loop
      vertex   -5.470000e+01 -5.025000e+01 -4.000000e+00
      vertex   -5.985890e+01 -4.845117e+01 -4.000000e+00
      vertex   -5.952921e+01 -4.802758e+01 -4.000000e+00
    endloop
  endfacet
  facet normal 0.000000e+00 0.000000e+00 -1.000000e+00
    outer loop
      vertex   -6.170000e+01 -5.475000e+01 -4.000000e+00
      vertex   -6.330527e+01 -4.932391e+01 -4.000000e+00
      vertex   -6.170000e+01 -5.025000e+01 -4.000000e+00
    endloop
  endfacet
  facet normal 0.000000e+00 0.000000e+00 -1.000000e+00
    outer loop
      vertex   -6.170000e+01 -5.025000e+01 -4.000000e+00
      vertex   -6.330527e+01 -4.932391e+01 -4.000000e+00
      vertex   -6.278493e+01 -4.945567e+01 -4.000000e+00
    endloop
  endfacet
  facet normal 0.000000e+00 0.000000e+00 -1.000000e+00
    outer loop
      vertex   -6.170000e+01 -5.025000e+01 -4.000000e+00
      vertex   -6.278493e+01 -4.945567e+01 -4.000000e+00
      vertex   -6.225000e+01 -4.950000e+01 -4.000000e+00
    endloop
  endfacet
  facet normal 0.000000e+00 0.000000e+00 -1.000000e+00
    outer loop
      vertex   -3.571507e+01 -6.904433e+01 -4.000000e+00
      vertex   -3.625000e+01 -6.900000e+01 -4.000000e+00
      vertex   -3.970000e+01 -6.275000e+01 -4.000000e+00
    endloop
  endfacet
  facet normal 0.000000e+00 0.000000e+00 -1.000000e+00
    outer loop
      vertex   -3.970000e+01 -6.275000e+01 -4.000000e+00
      vertex   -3.625000e+01 -6.900000e+01 -4.000000e+00
      vertex   -3.678493e+01 -6.904433e+01 -4.000000e+00
    endloop
  endfacet
  facet normal -0.000000e+00 0.000000e+00 -1.000000e+00
    outer loop
      vertex   -3.779683e+01 -6.939171e+01 -4.000000e+00
      vertex   -3.824619e+01 -6.968529e+01 -4.000000e+00
      vertex   -3.970000e+01 -6.775000e+01 -4.000000e+00
    endloop
  endfacet
  facet normal 0.000000e+00 0.000000e+00 -1.000000e+00
    outer loop
      vertex   -3.970000e+01 -6.775000e+01 -4.000000e+00
      vertex   -3.824619e+01 -6.968529e+01 -4.000000e+00
      vertex   -3.864110e+01 -7.004883e+01 -4.000000e+00
    endloop
  endfacet
  facet normal 0.000000e+00 0.000000e+00 -1.000000e+00
    outer loop
      vertex   -3.970000e+01 -6.775000e+01 -4.000000e+00
      vertex   -3.864110e+01 -7.004883e+01 -4.000000e+00
      vertex   -3.897079e+01 -7.047242e+01 -4.000000e+00
    endloop
  endfacet
  facet normal -0.000000e+00 0.000000e+00 -1.000000e+00
    outer loop
      vertex   -3.897079e+01 -7.047242e+01 -4.000000e+00
      vertex   -3.922626e+01 -7.094449e+01 -4.000000e+00
      vertex   -3.970000e+01 -6.775000e+01 -4.000000e+00
    endloop
  endfacet
  facet normal -0.000000e+00 -0.000000e+00 -1.000000e+00
    outer loop
      vertex   -3.948890e+01 -7.198162e+01 -4.000000e+00
      vertex   -3.948890e+01 -7.251838e+01 -4.000000e+00
      vertex   -4.670000e+01 -6.775000e+01 -4.000000e+00
    endloop
  endfacet
  facet normal 0.000000e+00 0.000000e+00 -1.000000e+00
    outer loop
      vertex   -4.670000e+01 -6.775000e+01 -4.000000e+00
      vertex   -3.948890e+01 -7.251838e+01 -4.000000e+00
      vertex   -3.940055e+01 -7.304783e+01 -4.000000e+00
    endloop
  endfacet
  facet normal 0.000000e+00 0.000000e+00 -1.000000e+00
    outer loop
      vertex   -4.670000e+01 -6.775000e+01 -4.000000e+00
      vertex   -3.940055e+01 -7.304783e+01 -4.000000e+00
      vertex   -3.922626e+01 -7.355551e+01 -4.000000e+00
    endloop
  endfacet
  facet normal 0.000000e+00 -0.000000e+00 -1.000000e+00
    outer loop
      vertex   -5.939171e+01 -7.379683e+01 -4.000000e+00
      vertex   -3.897079e+01 -7.402758e+01 -4.000000e+00
      vertex   -5.968529e+01 -7.424619e+01 -4.000000e+00
    endloop
  endfacet
  facet normal 0.000000e+00 0.000000e+00 -1.000000e+00
    outer loop
      vertex   -5.968529e+01 -7.424619e+01 -4.000000e+00
      vertex   -3.897079e+01 -7.402758e+01 -4.000000e+00
      vertex   -3.864110e+01 -7.445117e+01 -4.000000e+00
    endloop
  endfacet
  facet normal 0.000000e+00 -0.000000e+00 -1.000000e+00
    outer loop
      vertex   -5.968529e+01 -7.424619e+01 -4.000000e+00
      vertex   -3.864110e+01 -7.445117e+01 -4.000000e+00
      vertex   -6.004883e+01 -7.464110e+01 -4.000000e+00
    endloop
  endfacet
  facet normal 0.000000e+00 0.000000e+00 -1.000000e+00
    outer loop
      vertex   -6.004883e+01 -7.464110e+01 -4.000000e+00
      vertex   -3.864110e+01 -7.445117e+01 -4.000000e+00
      vertex   -3.824619e+01 -7.481471e+01 -4.000000e+00
    endloop
  endfacet
  facet normal 0.000000e+00 -0.000000e+00 -1.000000e+00
    outer loop
      vertex   -6.004883e+01 -7.464110e+01 -4.000000e+00
      vertex   -3.824619e+01 -7.481471e+01 -4.000000e+00
      vertex   -6.047242e+01 -7.497079e+01 -4.000000e+00
    endloop
  endfacet
  facet normal 0.000000e+00 0.000000e+00 -1.000000e+00
    outer loop
      vertex   -6.047242e+01 -7.497079e+01 -4.000000e+00
      vertex   -3.824619e+01 -7.481471e+01 -4.000000e+00
      vertex   -3.779683e+01 -7.510829e+01 -4.000000e+00
    endloop
  endfacet
  facet normal 0.000000e+00 -0.000000e+00 -1.000000e+00
    outer loop
      vertex   -6.047242e+01 -7.497079e+01 -4.000000e+00
      vertex   -3.779683e+01 -7.510829e+01 -4.000000e+00
      vertex   -6.094449e+01 -7.522626e+01 -4.000000e+00
    endloop
  endfacet
  facet normal 0.000000e+00 0.000000e+00 -1.000000e+00
    outer loop
      vertex   -6.094449e+01 -7.522626e+01 -4.000000e+00
      vertex   -3.779683e+01 -7.510829e+01 -4.000000e+00
      vertex   -3.730527e+01 -7.532391e+01 -4.000000e+00
    endloop
  endfacet
  facet normal 0.000000e+00 -0.000000e+00 -1.000000e+00
    outer loop
      vertex   -6.094449e+01 -7.522626e+01 -4.000000e+00
      vertex   -3.730527e+01 -7.532391e+01 -4.000000e+00
      vertex   -6.625000e+01 -7.785000e+01 -4.000000e+00
    endloop
  endfacet
  facet normal 0.000000e+00 0.000000e+00 -1.000000e+00
    outer loop
      vertex   -6.625000e+01 -7.785000e+01 -4.000000e+00
      vertex   -3.730527e+01 -7.532391e+01 -4.000000e+00
      vertex   -3.225000e+01 -7.785000e+01 -4.000000e+00
    endloop
  endfacet
  facet normal 0.000000e+00 0.000000e+00 -1.000000e+00
    outer loop
      vertex   -3.225000e+01 -7.785000e+01 -4.000000e+00
      vertex   -3.730527e+01 -7.532391e+01 -4.000000e+00
      vertex   -3.678493e+01 -7.545567e+01 -4.000000e+00
    endloop
  endfacet
  facet normal 0.000000e+00 0.000000e+00 -1.000000e+00
    outer loop
      vertex   -3.225000e+01 -7.785000e+01 -4.000000e+00
      vertex   -3.678493e+01 -7.545567e+01 -4.000000e+00
      vertex   -3.625000e+01 -7.550000e+01 -4.000000e+00
    endloop
  endfacet
  facet normal 0.000000e+00 0.000000e+00 -1.000000e+00
    outer loop
      vertex   -3.625000e+01 -7.550000e+01 -4.000000e+00
      vertex   -3.571507e+01 -7.545567e+01 -4.000000e+00
      vertex   -3.225000e+01 -7.785000e+01 -4.000000e+00
    endloop
  endfacet
  facet normal 0.000000e+00 0.000000e+00 -1.000000e+00
    outer loop
      vertex   -3.225000e+01 -7.785000e+01 -4.000000e+00
      vertex   -3.571507e+01 -7.545567e+01 -4.000000e+00
      vertex   -3.519473e+01 -7.532391e+01 -4.000000e+00
    endloop
  endfacet
  facet normal 0.000000e+00 0.000000e+00 -1.000000e+00
    outer loop
      vertex   -3.225000e+01 -7.785000e+01 -4.000000e+00
      vertex   -3.519473e+01 -7.532391e+01 -4.000000e+00
      vertex   -3.470317e+01 -7.510829e+01 -4.000000e+00
    endloop
  endfacet
  facet normal 0.000000e+00 0.000000e+00 -1.000000e+00
    outer loop
      vertex   -3.470317e+01 -7.510829e+01 -4.000000e+00
      vertex   -3.425381e+01 -7.481471e+01 -4.000000e+00
      vertex   -3.225000e+01 -7.785000e+01 -4.000000e+00
    endloop
  endfacet
  facet normal 0.000000e+00 0.000000e+00 -1.000000e+00
    outer loop
      vertex   -3.225000e+01 -7.785000e+01 -4.000000e+00
      vertex   -3.425381e+01 -7.481471e+01 -4.000000e+00
      vertex   -3.385890e+01 -7.445117e+01 -4.000000e+00
    endloop
  endfacet
  facet normal 0.000000e+00 0.000000e+00 -1.000000e+00
    outer loop
      vertex   -3.225000e+01 -7.785000e+01 -4.000000e+00
      vertex   -3.385890e+01 -7.445117e+01 -4.000000e+00
      vertex   -3.065000e+01 -7.625000e+01 -4.000000e+00
    endloop
  endfacet
  facet normal 0.000000e+00 0.000000e+00 -1.000000e+00
    outer loop
      vertex   -3.065000e+01 -7.625000e+01 -4.000000e+00
      vertex   -3.385890e+01 -7.445117e+01 -4.000000e+00
      vertex   -3.352921e+01 -7.402758e+01 -4.000000e+00
    endloop
  endfacet
  facet normal 0.000000e+00 0.000000e+00 -1.000000e+00
    outer loop
      vertex   -3.065000e+01 -7.625000e+01 -4.000000e+00
      vertex   -3.352921e+01 -7.402758e+01 -4.000000e+00
      vertex   -3.327374e+01 -7.355551e+01 -4.000000e+00
    endloop
  endfacet
  facet normal 0.000000e+00 0.000000e+00 -1.000000e+00
    outer loop
      vertex   -3.327374e+01 -7.355551e+01 -4.000000e+00
      vertex   -3.309945e+01 -7.304783e+01 -4.000000e+00
      vertex   -3.065000e+01 -7.625000e+01 -4.000000e+00
    endloop
  endfacet
  facet normal 0.000000e+00 0.000000e+00 -1.000000e+00
    outer loop
      vertex   -3.065000e+01 -7.625000e+01 -4.000000e+00
      vertex   -3.309945e+01 -7.304783e+01 -4.000000e+00
      vertex   -3.301110e+01 -7.251838e+01 -4.000000e+00
    endloop
  endfacet
  facet normal 0.000000e+00 0.000000e+00 -1.000000e+00
    outer loop
      vertex   -3.065000e+01 -7.625000e+01 -4.000000e+00
      vertex   -3.301110e+01 -7.251838e+01 -4.000000e+00
      vertex   -3.301110e+01 -7.198162e+01 -4.000000e+00
    endloop
  endfacet
  facet normal 0.000000e+00 0.000000e+00 -1.000000e+00
    outer loop
      vertex   -3.301110e+01 -7.198162e+01 -4.000000e+00
      vertex   -3.309945e+01 -7.145217e+01 -4.000000e+00
      vertex   -3.065000e+01 -7.625000e+01 -4.000000e+00
    endloop
  endfacet
  facet normal 0.000000e+00 0.000000e+00 -1.000000e+00
    outer loop
      vertex   -3.065000e+01 -7.625000e+01 -4.000000e+00
      vertex   -3.309945e+01 -7.145217e+01 -4.000000e+00
      vertex   -3.327374e+01 -7.094449e+01 -4.000000e+00
    endloop
  endfacet
  facet normal 0.000000e+00 0.000000e+00 -1.000000e+00
    outer loop
      vertex   -3.065000e+01 -7.625000e+01 -4.000000e+00
      vertex   -3.327374e+01 -7.094449e+01 -4.000000e+00
      vertex   -3.317609e+01 -4.730527e+01 -4.000000e+00
    endloop
  endfacet
  facet normal 0.000000e+00 0.000000e+00 -1.000000e+00
    outer loop
      vertex   -3.317609e+01 -4.730527e+01 -4.000000e+00
      vertex   -3.327374e+01 -7.094449e+01 -4.000000e+00
      vertex   -3.339171e+01 -4.779683e+01 -4.000000e+00
    endloop
  endfacet
  facet normal 0.000000e+00 -0.000000e+00 -1.000000e+00
    outer loop
      vertex   -3.339171e+01 -4.779683e+01 -4.000000e+00
      vertex   -3.327374e+01 -7.094449e+01 -4.000000e+00
      vertex   -3.352921e+01 -7.047242e+01 -4.000000e+00
    endloop
  endfacet
  facet normal 0.000000e+00 0.000000e+00 -1.000000e+00
    outer loop
      vertex   -3.339171e+01 -4.779683e+01 -4.000000e+00
      vertex   -3.352921e+01 -7.047242e+01 -4.000000e+00
      vertex   -3.368529e+01 -4.824619e+01 -4.000000e+00
    endloop
  endfacet
  facet normal 0.000000e+00 -0.000000e+00 -1.000000e+00
    outer loop
      vertex   -3.368529e+01 -4.824619e+01 -4.000000e+00
      vertex   -3.352921e+01 -7.047242e+01 -4.000000e+00
      vertex   -3.385890e+01 -7.004883e+01 -4.000000e+00
    endloop
  endfacet
  facet normal 0.000000e+00 0.000000e+00 -1.000000e+00
    outer loop
      vertex   -3.368529e+01 -4.824619e+01 -4.000000e+00
      vertex   -3.385890e+01 -7.004883e+01 -4.000000e+00
      vertex   -3.404883e+01 -4.864110e+01 -4.000000e+00
    endloop
  endfacet
  facet normal 0.000000e+00 -0.000000e+00 -1.000000e+00
    outer loop
      vertex   -3.404883e+01 -4.864110e+01 -4.000000e+00
      vertex   -3.385890e+01 -7.004883e+01 -4.000000e+00
      vertex   -3.425381e+01 -6.968529e+01 -4.000000e+00
    endloop
  endfacet
  facet normal 0.000000e+00 0.000000e+00 -1.000000e+00
    outer loop
      vertex   -3.404883e+01 -4.864110e+01 -4.000000e+00
      vertex   -3.425381e+01 -6.968529e+01 -4.000000e+00
      vertex   -3.447242e+01 -4.897079e+01 -4.000000e+00
    endloop
  endfacet
  facet normal 0.000000e+00 -0.000000e+00 -1.000000e+00
    outer loop
      vertex   -3.447242e+01 -4.897079e+01 -4.000000e+00
      vertex   -3.425381e+01 -6.968529e+01 -4.000000e+00
      vertex   -3.470317e+01 -6.939171e+01 -4.000000e+00
    endloop
  endfacet
  facet normal 0.000000e+00 0.000000e+00 -1.000000e+00
    outer loop
      vertex   -3.447242e+01 -4.897079e+01 -4.000000e+00
      vertex   -3.470317e+01 -6.939171e+01 -4.000000e+00
      vertex   -3.970000e+01 -6.275000e+01 -4.000000e+00
    endloop
  endfacet
  facet normal 0.000000e+00 0.000000e+00 -1.000000e+00
    outer loop
      vertex   -3.970000e+01 -6.275000e+01 -4.000000e+00
      vertex   -3.470317e+01 -6.939171e+01 -4.000000e+00
      vertex   -3.519473e+01 -6.917609e+01 -4.000000e+00
    endloop
  endfacet
  facet normal 0.000000e+00 0.000000e+00 -1.000000e+00
    outer loop
      vertex   -3.970000e+01 -6.275000e+01 -4.000000e+00
      vertex   -3.519473e+01 -6.917609e+01 -4.000000e+00
      vertex   -3.571507e+01 -6.904433e+01 -4.000000e+00
    endloop
  endfacet
  facet normal 0.000000e+00 0.000000e+00 -1.000000e+00
    outer loop
      vertex   -3.945567e+01 -4.571507e+01 -4.000000e+00
      vertex   -3.950000e+01 -4.625000e+01 -4.000000e+00
      vertex   -4.670000e+01 -4.975000e+01 -4.000000e+00
    endloop
  endfacet
  facet normal 0.000000e+00 0.000000e+00 -1.000000e+00
    outer loop
      vertex   -4.670000e+01 -4.975000e+01 -4.000000e+00
      vertex   -3.950000e+01 -4.625000e+01 -4.000000e+00
      vertex   -3.945567e+01 -4.678493e+01 -4.000000e+00
    endloop
  endfacet
  facet normal 0.000000e+00 0.000000e+00 -1.000000e+00
    outer loop
      vertex   -4.670000e+01 -4.975000e+01 -4.000000e+00
      vertex   -3.945567e+01 -4.678493e+01 -4.000000e+00
      vertex   -3.932391e+01 -4.730527e+01 -4.000000e+00
    endloop
  endfacet
  facet normal 0.000000e+00 -0.000000e+00 -1.000000e+00
    outer loop
      vertex   -3.881471e+01 -4.824619e+01 -4.000000e+00
      vertex   -3.845117e+01 -4.864110e+01 -4.000000e+00
      vertex   -3.970000e+01 -4.975000e+01 -4.000000e+00
    endloop
  endfacet
  facet normal 0.000000e+00 0.000000e+00 -1.000000e+00
    outer loop
      vertex   -3.970000e+01 -4.975000e+01 -4.000000e+00
      vertex   -3.845117e+01 -4.864110e+01 -4.000000e+00
      vertex   -3.802758e+01 -4.897079e+01 -4.000000e+00
    endloop
  endfacet
  facet normal 0.000000e+00 0.000000e+00 -1.000000e+00
    outer loop
      vertex   -3.970000e+01 -4.975000e+01 -4.000000e+00
      vertex   -3.802758e+01 -4.897079e+01 -4.000000e+00
      vertex   -3.755551e+01 -4.922626e+01 -4.000000e+00
    endloop
  endfacet
  facet normal 0.000000e+00 -0.000000e+00 -1.000000e+00
    outer loop
      vertex   -3.755551e+01 -4.922626e+01 -4.000000e+00
      vertex   -3.704783e+01 -4.940055e+01 -4.000000e+00
      vertex   -3.970000e+01 -4.975000e+01 -4.000000e+00
    endloop
  endfacet
  facet normal 0.000000e+00 -0.000000e+00 -1.000000e+00
    outer loop
      vertex   -3.598162e+01 -4.948890e+01 -4.000000e+00
      vertex   -3.545217e+01 -4.940055e+01 -4.000000e+00
      vertex   -3.970000e+01 -5.475000e+01 -4.000000e+00
    endloop
  endfacet
  facet normal 0.000000e+00 0.000000e+00 -1.000000e+00
    outer loop
      vertex   -3.970000e+01 -5.475000e+01 -4.000000e+00
      vertex   -3.545217e+01 -4.940055e+01 -4.000000e+00
      vertex   -3.494449e+01 -4.922626e+01 -4.000000e+00
    endloop
  endfacet
  facet normal 0.000000e+00 0.000000e+00 -1.000000e+00
    outer loop
      vertex   -3.065000e+01 -7.625000e+01 -4.000000e+00
      vertex   -3.317609e+01 -4.730527e+01 -4.000000e+00
      vertex   -3.065000e+01 -4.225000e+01 -4.000000e+00
    endloop
  endfacet
  facet normal 0.000000e+00 0.000000e+00 -1.000000e+00
    outer loop
      vertex   -3.065000e+01 -4.225000e+01 -4.000000e+00
      vertex   -3.317609e+01 -4.730527e+01 -4.000000e+00
      vertex   -3.304433e+01 -4.678493e+01 -4.000000e+00
    endloop
  endfacet
  facet normal 0.000000e+00 0.000000e+00 -1.000000e+00
    outer loop
      vertex   -3.065000e+01 -4.225000e+01 -4.000000e+00
      vertex   -3.304433e+01 -4.678493e+01 -4.000000e+00
      vertex   -3.300000e+01 -4.625000e+01 -4.000000e+00
    endloop
  endfacet
  facet normal 0.000000e+00 0.000000e+00 -1.000000e+00
    outer loop
      vertex   -3.300000e+01 -4.625000e+01 -4.000000e+00
      vertex   -3.304433e+01 -4.571507e+01 -4.000000e+00
      vertex   -3.065000e+01 -4.225000e+01 -4.000000e+00
    endloop
  endfacet
  facet normal 0.000000e+00 0.000000e+00 -1.000000e+00
    outer loop
      vertex   -3.065000e+01 -4.225000e+01 -4.000000e+00
      vertex   -3.304433e+01 -4.571507e+01 -4.000000e+00
      vertex   -3.317609e+01 -4.519473e+01 -4.000000e+00
    endloop
  endfacet
  facet normal 0.000000e+00 0.000000e+00 -1.000000e+00
    outer loop
      vertex   -3.065000e+01 -4.225000e+01 -4.000000e+00
      vertex   -3.317609e+01 -4.519473e+01 -4.000000e+00
      vertex   -3.339171e+01 -4.470317e+01 -4.000000e+00
    endloop
  endfacet
  facet normal 0.000000e+00 0.000000e+00 -1.000000e+00
    outer loop
      vertex   -3.339171e+01 -4.470317e+01 -4.000000e+00
      vertex   -3.368529e+01 -4.425381e+01 -4.000000e+00
      vertex   -3.065000e+01 -4.225000e+01 -4.000000e+00
    endloop
  endfacet
  facet normal 0.000000e+00 0.000000e+00 -1.000000e+00
    outer loop
      vertex   -3.065000e+01 -4.225000e+01 -4.000000e+00
      vertex   -3.368529e+01 -4.425381e+01 -4.000000e+00
      vertex   -3.404883e+01 -4.385890e+01 -4.000000e+00
    endloop
  endfacet
  facet normal -0.000000e+00 0.000000e+00 -1.000000e+00
    outer loop
      vertex   -3.065000e+01 -4.225000e+01 -4.000000e+00
      vertex   -3.404883e+01 -4.385890e+01 -4.000000e+00
      vertex   -3.225000e+01 -4.065000e+01 -4.000000e+00
    endloop
  endfacet
  facet normal 0.000000e+00 0.000000e+00 -1.000000e+00
    outer loop
      vertex   -3.225000e+01 -4.065000e+01 -4.000000e+00
      vertex   -3.404883e+01 -4.385890e+01 -4.000000e+00
      vertex   -3.447242e+01 -4.352921e+01 -4.000000e+00
    endloop
  endfacet
  facet normal 0.000000e+00 0.000000e+00 -1.000000e+00
    outer loop
      vertex   -3.225000e+01 -4.065000e+01 -4.000000e+00
      vertex   -3.447242e+01 -4.352921e+01 -4.000000e+00
      vertex   -3.494449e+01 -4.327374e+01 -4.000000e+00
    endloop
  endfacet
  facet normal 0.000000e+00 0.000000e+00 -1.000000e+00
    outer loop
      vertex   -3.494449e+01 -4.327374e+01 -4.000000e+00
      vertex   -3.545217e+01 -4.309945e+01 -4.000000e+00
      vertex   -3.225000e+01 -4.065000e+01 -4.000000e+00
    endloop
  endfacet
  facet normal 0.000000e+00 0.000000e+00 -1.000000e+00
    outer loop
      vertex   -3.225000e+01 -4.065000e+01 -4.000000e+00
      vertex   -3.545217e+01 -4.309945e+01 -4.000000e+00
      vertex   -3.598162e+01 -4.301110e+01 -4.000000e+00
    endloop
  endfacet
  facet normal 0.000000e+00 0.000000e+00 -1.000000e+00
    outer loop
      vertex   -3.225000e+01 -4.065000e+01 -4.000000e+00
      vertex   -3.598162e+01 -4.301110e+01 -4.000000e+00
      vertex   -3.651838e+01 -4.301110e+01 -4.000000e+00
    endloop
  endfacet
  facet normal -0.000000e+00 0.000000e+00 -1.000000e+00
    outer loop
      vertex   -3.651838e+01 -4.301110e+01 -4.000000e+00
      vertex   -3.704783e+01 -4.309945e+01 -4.000000e+00
      vertex   -3.225000e+01 -4.065000e+01 -4.000000e+00
    endloop
  endfacet
  facet normal 0.000000e+00 0.000000e+00 -1.000000e+00
    outer loop
      vertex   -3.225000e+01 -4.065000e+01 -4.000000e+00
      vertex   -3.704783e+01 -4.309945e+01 -4.000000e+00
      vertex   -3.755551e+01 -4.327374e+01 -4.000000e+00
    endloop
  endfacet
  facet normal 0.000000e+00 0.000000e+00 -1.000000e+00
    outer loop
      vertex   -3.225000e+01 -4.065000e+01 -4.000000e+00
      vertex   -3.755551e+01 -4.327374e+01 -4.000000e+00
      vertex   -6.119473e+01 -4.317609e+01 -4.000000e+00
    endloop
  endfacet
  facet normal 0.000000e+00 0.000000e+00 -1.000000e+00
    outer loop
      vertex   -6.119473e+01 -4.317609e+01 -4.000000e+00
      vertex   -3.755551e+01 -4.327374e+01 -4.000000e+00
      vertex   -6.070317e+01 -4.339171e+01 -4.000000e+00
    endloop
  endfacet
  facet normal 0.000000e+00 0.000000e+00 -1.000000e+00
    outer loop
      vertex   -6.070317e+01 -4.339171e+01 -4.000000e+00
      vertex   -3.755551e+01 -4.327374e+01 -4.000000e+00
      vertex   -3.802758e+01 -4.352921e+01 -4.000000e+00
    endloop
  endfacet
  facet normal 0.000000e+00 0.000000e+00 -1.000000e+00
    outer loop
      vertex   -6.070317e+01 -4.339171e+01 -4.000000e+00
      vertex   -3.802758e+01 -4.352921e+01 -4.000000e+00
      vertex   -6.025381e+01 -4.368529e+01 -4.000000e+00
    endloop
  endfacet
  facet normal 0.000000e+00 0.000000e+00 -1.000000e+00
    outer loop
      vertex   -6.025381e+01 -4.368529e+01 -4.000000e+00
      vertex   -3.802758e+01 -4.352921e+01 -4.000000e+00
      vertex   -3.845117e+01 -4.385890e+01 -4.000000e+00
    endloop
  endfacet
  facet normal 0.000000e+00 0.000000e+00 -1.000000e+00
    outer loop
      vertex   -6.025381e+01 -4.368529e+01 -4.000000e+00
      vertex   -3.845117e+01 -4.385890e+01 -4.000000e+00
      vertex   -5.985890e+01 -4.404883e+01 -4.000000e+00
    endloop
  endfacet
  facet normal 0.000000e+00 0.000000e+00 -1.000000e+00
    outer loop
      vertex   -5.985890e+01 -4.404883e+01 -4.000000e+00
      vertex   -3.845117e+01 -4.385890e+01 -4.000000e+00
      vertex   -3.881471e+01 -4.425381e+01 -4.000000e+00
    endloop
  endfacet
  facet normal 0.000000e+00 0.000000e+00 -1.000000e+00
    outer loop
      vertex   -5.985890e+01 -4.404883e+01 -4.000000e+00
      vertex   -3.881471e+01 -4.425381e+01 -4.000000e+00
      vertex   -5.952921e+01 -4.447242e+01 -4.000000e+00
    endloop
  endfacet
  facet normal 0.000000e+00 0.000000e+00 -1.000000e+00
    outer loop
      vertex   -5.952921e+01 -4.447242e+01 -4.000000e+00
      vertex   -3.881471e+01 -4.425381e+01 -4.000000e+00
      vertex   -4.670000e+01 -4.975000e+01 -4.000000e+00
    endloop
  endfacet
  facet normal 0.000000e+00 0.000000e+00 -1.000000e+00
    outer loop
      vertex   -5.952921e+01 -4.447242e+01 -4.000000e+00
      vertex   -4.670000e+01 -4.975000e+01 -4.000000e+00
      vertex   -5.927374e+01 -4.494449e+01 -4.000000e+00
    endloop
  endfacet
  facet normal 0.000000e+00 0.000000e+00 -1.000000e+00
    outer loop
      vertex   -3.881471e+01 -4.425381e+01 -4.000000e+00
      vertex   -3.910829e+01 -4.470317e+01 -4.000000e+00
      vertex   -4.670000e+01 -4.975000e+01 -4.000000e+00
    endloop
  endfacet
  facet normal 0.000000e+00 0.000000e+00 -1.000000e+00
    outer loop
      vertex   -4.670000e+01 -4.975000e+01 -4.000000e+00
      vertex   -3.910829e+01 -4.470317e+01 -4.000000e+00
      vertex   -3.932391e+01 -4.519473e+01 -4.000000e+00
    endloop
  endfacet
  facet normal 0.000000e+00 0.000000e+00 -1.000000e+00
    outer loop
      vertex   -4.670000e+01 -4.975000e+01 -4.000000e+00
      vertex   -3.932391e+01 -4.519473e+01 -4.000000e+00
      vertex   -3.945567e+01 -4.571507e+01 -4.000000e+00
    endloop
  endfacet
  facet normal 0.000000e+00 0.000000e+00 -1.000000e+00
    outer loop
      vertex   -6.225000e+01 -4.950000e+01 -4.000000e+00
      vertex   -6.171507e+01 -4.945567e+01 -4.000000e+00
      vertex   -6.170000e+01 -5.025000e+01 -4.000000e+00
    endloop
  endfacet
  facet normal 0.000000e+00 0.000000e+00 -1.000000e+00
    outer loop
      vertex   -6.170000e+01 -5.025000e+01 -4.000000e+00
      vertex   -6.171507e+01 -4.945567e+01 -4.000000e+00
      vertex   -6.119473e+01 -4.932391e+01 -4.000000e+00
    endloop
  endfacet
  facet normal 0.000000e+00 0.000000e+00 -1.000000e+00
    outer loop
      vertex   -6.170000e+01 -5.025000e+01 -4.000000e+00
      vertex   -6.119473e+01 -4.932391e+01 -4.000000e+00
      vertex   -6.070317e+01 -4.910829e+01 -4.000000e+00
    endloop
  endfacet
  facet normal 0.000000e+00 -0.000000e+00 -1.000000e+00
    outer loop
      vertex   -6.070317e+01 -4.910829e+01 -4.000000e+00
      vertex   -6.025381e+01 -4.881471e+01 -4.000000e+00
      vertex   -6.170000e+01 -5.025000e+01 -4.000000e+00
    endloop
  endfacet
  facet normal 0.000000e+00 0.000000e+00 -1.000000e+00
    outer loop
      vertex   -5.952921e+01 -4.802758e+01 -4.000000e+00
      vertex   -5.927374e+01 -4.755551e+01 -4.000000e+00
      vertex   -5.470000e+01 -5.025000e+01 -4.000000e+00
    endloop
  endfacet
  facet normal 0.000000e+00 0.000000e+00 -1.000000e+00
    outer loop
      vertex   -5.470000e+01 -5.025000e+01 -4.000000e+00
      vertex   -5.927374e+01 -4.755551e+01 -4.000000e+00
      vertex   -5.909945e+01 -4.704783e+01 -4.000000e+00
    endloop
  endfacet
  facet normal 0.000000e+00 0.000000e+00 -1.000000e+00
    outer loop
      vertex   -5.470000e+01 -5.025000e+01 -4.000000e+00
      vertex   -5.909945e+01 -4.704783e+01 -4.000000e+00
      vertex   -5.901110e+01 -4.651838e+01 -4.000000e+00
    endloop
  endfacet
  facet normal 0.000000e+00 0.000000e+00 -1.000000e+00
    outer loop
      vertex   -5.901110e+01 -4.651838e+01 -4.000000e+00
      vertex   -5.901110e+01 -4.598162e+01 -4.000000e+00
      vertex   -5.470000e+01 -5.025000e+01 -4.000000e+00
    endloop
  endfacet
  facet normal 0.000000e+00 0.000000e+00 -1.000000e+00
    outer loop
      vertex   -5.470000e+01 -5.025000e+01 -4.000000e+00
      vertex   -5.901110e+01 -4.598162e+01 -4.000000e+00
      vertex   -5.909945e+01 -4.545217e+01 -4.000000e+00
    endloop
  endfacet
  facet normal -0.000000e+00 0.000000e+00 -1.000000e+00
    outer loop
      vertex   -3.225000e+01 -4.065000e+01 -4.000000e+00
      vertex   -6.119473e+01 -4.317609e+01 -4.000000e+00
      vertex   -6.625000e+01 -4.065000e+01 -4.000000e+00
    endloop
  endfacet
  facet normal 0.000000e+00 0.000000e+00 -1.000000e+00
    outer loop
      vertex   -6.625000e+01 -4.065000e+01 -4.000000e+00
      vertex   -6.119473e+01 -4.317609e+01 -4.000000e+00
      vertex   -6.171507e+01 -4.304433e+01 -4.000000e+00
    endloop
  endfacet
  facet normal 0.000000e+00 0.000000e+00 -1.000000e+00
    outer loop
      vertex   -6.625000e+01 -4.065000e+01 -4.000000e+00
      vertex   -6.171507e+01 -4.304433e+01 -4.000000e+00
      vertex   -6.225000e+01 -4.300000e+01 -4.000000e+00
    endloop
  endfacet
  facet normal -0.000000e+00 0.000000e+00 -1.000000e+00
    outer loop
      vertex   -6.225000e+01 -4.300000e+01 -4.000000e+00
      vertex   -6.278493e+01 -4.304433e+01 -4.000000e+00
      vertex   -6.625000e+01 -4.065000e+01 -4.000000e+00
    endloop
  endfacet
  facet normal 0.000000e+00 0.000000e+00 -1.000000e+00
    outer loop
      vertex   -6.625000e+01 -4.065000e+01 -4.000000e+00
      vertex   -6.278493e+01 -4.304433e+01 -4.000000e+00
      vertex   -6.330527e+01 -4.317609e+01 -4.000000e+00
    endloop
  endfacet
  facet normal 0.000000e+00 0.000000e+00 -1.000000e+00
    outer loop
      vertex   -6.625000e+01 -4.065000e+01 -4.000000e+00
      vertex   -6.330527e+01 -4.317609e+01 -4.000000e+00
      vertex   -6.379683e+01 -4.339171e+01 -4.000000e+00
    endloop
  endfacet
  facet normal -0.000000e+00 0.000000e+00 -1.000000e+00
    outer loop
      vertex   -6.379683e+01 -4.339171e+01 -4.000000e+00
      vertex   -6.424619e+01 -4.368529e+01 -4.000000e+00
      vertex   -6.625000e+01 -4.065000e+01 -4.000000e+00
    endloop
  endfacet
  facet normal 0.000000e+00 0.000000e+00 -1.000000e+00
    outer loop
      vertex   -6.625000e+01 -4.065000e+01 -4.000000e+00
      vertex   -6.424619e+01 -4.368529e+01 -4.000000e+00
      vertex   -6.464110e+01 -4.404883e+01 -4.000000e+00
    endloop
  endfacet
  facet normal 0.000000e+00 -0.000000e+00 -1.000000e+00
    outer loop
      vertex   -6.625000e+01 -4.065000e+01 -4.000000e+00
      vertex   -6.464110e+01 -4.404883e+01 -4.000000e+00
      vertex   -6.785000e+01 -4.225000e+01 -4.000000e+00
    endloop
  endfacet
  facet normal 0.000000e+00 0.000000e+00 -1.000000e+00
    outer loop
      vertex   -6.785000e+01 -4.225000e+01 -4.000000e+00
      vertex   -6.464110e+01 -4.404883e+01 -4.000000e+00
      vertex   -6.497079e+01 -4.447242e+01 -4.000000e+00
    endloop
  endfacet
  facet normal 0.000000e+00 0.000000e+00 -1.000000e+00
    outer loop
      vertex   -6.785000e+01 -4.225000e+01 -4.000000e+00
      vertex   -6.497079e+01 -4.447242e+01 -4.000000e+00
      vertex   -6.522626e+01 -4.494449e+01 -4.000000e+00
    endloop
  endfacet
  facet normal -0.000000e+00 0.000000e+00 -1.000000e+00
    outer loop
      vertex   -6.522626e+01 -4.494449e+01 -4.000000e+00
      vertex   -6.540055e+01 -4.545217e+01 -4.000000e+00
      vertex   -6.785000e+01 -4.225000e+01 -4.000000e+00
    endloop
  endfacet
  facet normal 0.000000e+00 0.000000e+00 -1.000000e+00
    outer loop
      vertex   -6.785000e+01 -4.225000e+01 -4.000000e+00
      vertex   -6.540055e+01 -4.545217e+01 -4.000000e+00
      vertex   -6.548890e+01 -4.598162e+01 -4.000000e+00
    endloop
  endfacet
  facet normal 0.000000e+00 0.000000e+00 -1.000000e+00
    outer loop
      vertex   -6.785000e+01 -4.225000e+01 -4.000000e+00
      vertex   -6.548890e+01 -4.598162e+01 -4.000000e+00
      vertex   -6.548890e+01 -4.651838e+01 -4.000000e+00
    endloop
  endfacet
  facet normal -0.000000e+00 -0.000000e+00 -1.000000e+00
    outer loop
      vertex   -6.548890e+01 -4.651838e+01 -4.000000e+00
      vertex   -6.540055e+01 -4.704783e+01 -4.000000e+00
      vertex   -6.785000e+01 -4.225000e+01 -4.000000e+00
    endloop
  endfacet
  facet normal 0.000000e+00 0.000000e+00 -1.000000e+00
    outer loop
      vertex   -6.785000e+01 -4.225000e+01 -4.000000e+00
      vertex   -6.540055e+01 -4.704783e+01 -4.000000e+00
      vertex   -6.522626e+01 -4.755551e+01 -4.000000e+00
    endloop
  endfacet
  facet normal 0.000000e+00 0.000000e+00 -1.000000e+00
    outer loop
      vertex   -6.785000e+01 -4.225000e+01 -4.000000e+00
      vertex   -6.522626e+01 -4.755551e+01 -4.000000e+00
      vertex   -6.532391e+01 -7.119473e+01 -4.000000e+00
    endloop
  endfacet
  facet normal 0.000000e+00 0.000000e+00 -1.000000e+00
    outer loop
      vertex   -6.532391e+01 -7.119473e+01 -4.000000e+00
      vertex   -6.522626e+01 -4.755551e+01 -4.000000e+00
      vertex   -6.510829e+01 -7.070317e+01 -4.000000e+00
    endloop
  endfacet
  facet normal 0.000000e+00 0.000000e+00 -1.000000e+00
    outer loop
      vertex   -6.510829e+01 -7.070317e+01 -4.000000e+00
      vertex   -6.522626e+01 -4.755551e+01 -4.000000e+00
      vertex   -6.497079e+01 -4.802758e+01 -4.000000e+00
    endloop
  endfacet
  facet normal 0.000000e+00 0.000000e+00 -1.000000e+00
    outer loop
      vertex   -6.510829e+01 -7.070317e+01 -4.000000e+00
      vertex   -6.497079e+01 -4.802758e+01 -4.000000e+00
      vertex   -6.481471e+01 -7.025381e+01 -4.000000e+00
    endloop
  endfacet
  facet normal 0.000000e+00 0.000000e+00 -1.000000e+00
    outer loop
      vertex   -6.481471e+01 -7.025381e+01 -4.000000e+00
      vertex   -6.497079e+01 -4.802758e+01 -4.000000e+00
      vertex   -6.170000e+01 -6.275000e+01 -4.000000e+00
    endloop
  endfacet
  facet normal 0.000000e+00 0.000000e+00 -1.000000e+00
    outer loop
      vertex   -6.481471e+01 -7.025381e+01 -4.000000e+00
      vertex   -6.170000e+01 -6.275000e+01 -4.000000e+00
      vertex   -6.445117e+01 -6.985890e+01 -4.000000e+00
    endloop
  endfacet
  facet normal 0.000000e+00 0.000000e+00 -1.000000e+00
    outer loop
      vertex   -6.445117e+01 -6.985890e+01 -4.000000e+00
      vertex   -6.170000e+01 -6.275000e+01 -4.000000e+00
      vertex   -6.402758e+01 -6.952921e+01 -4.000000e+00
    endloop
  endfacet
  facet normal 0.000000e+00 0.000000e+00 -1.000000e+00
    outer loop
      vertex   -6.402758e+01 -6.952921e+01 -4.000000e+00
      vertex   -6.170000e+01 -6.275000e+01 -4.000000e+00
      vertex   -6.355551e+01 -6.927374e+01 -4.000000e+00
    endloop
  endfacet
  facet normal 0.000000e+00 0.000000e+00 -1.000000e+00
    outer loop
      vertex   -6.355551e+01 -6.927374e+01 -4.000000e+00
      vertex   -6.170000e+01 -6.275000e+01 -4.000000e+00
      vertex   -6.170000e+01 -6.775000e+01 -4.000000e+00
    endloop
  endfacet
  facet normal 0.000000e+00 0.000000e+00 -1.000000e+00
    outer loop
      vertex   -6.355551e+01 -6.927374e+01 -4.000000e+00
      vertex   -6.170000e+01 -6.775000e+01 -4.000000e+00
      vertex   -6.304783e+01 -6.909945e+01 -4.000000e+00
    endloop
  endfacet
  facet normal 0.000000e+00 0.000000e+00 -1.000000e+00
    outer loop
      vertex   -6.304783e+01 -6.909945e+01 -4.000000e+00
      vertex   -6.170000e+01 -6.775000e+01 -4.000000e+00
      vertex   -6.251838e+01 -6.901110e+01 -4.000000e+00
    endloop
  endfacet
  facet normal 0.000000e+00 0.000000e+00 -1.000000e+00
    outer loop
      vertex   -6.251838e+01 -6.901110e+01 -4.000000e+00
      vertex   -6.170000e+01 -6.775000e+01 -4.000000e+00
      vertex   -6.198162e+01 -6.901110e+01 -4.000000e+00
    endloop
  endfacet
  facet normal 0.000000e+00 0.000000e+00 -1.000000e+00
    outer loop
      vertex   -6.198162e+01 -6.901110e+01 -4.000000e+00
      vertex   -6.170000e+01 -6.775000e+01 -4.000000e+00
      vertex   -6.145217e+01 -6.909945e+01 -4.000000e+00
    endloop
  endfacet
  facet normal 0.000000e+00 0.000000e+00 -1.000000e+00
    outer loop
      vertex   -6.145217e+01 -6.909945e+01 -4.000000e+00
      vertex   -6.170000e+01 -6.775000e+01 -4.000000e+00
      vertex   -6.094449e+01 -6.927374e+01 -4.000000e+00
    endloop
  endfacet
  facet normal 0.000000e+00 0.000000e+00 -1.000000e+00
    outer loop
      vertex   -6.094449e+01 -6.927374e+01 -4.000000e+00
      vertex   -6.170000e+01 -6.775000e+01 -4.000000e+00
      vertex   -6.047242e+01 -6.952921e+01 -4.000000e+00
    endloop
  endfacet
  facet normal 0.000000e+00 0.000000e+00 -1.000000e+00
    outer loop
      vertex   -6.047242e+01 -6.952921e+01 -4.000000e+00
      vertex   -6.170000e+01 -6.775000e+01 -4.000000e+00
      vertex   -5.470000e+01 -6.775000e+01 -4.000000e+00
    endloop
  endfacet
  facet normal 0.000000e+00 0.000000e+00 -1.000000e+00
    outer loop
      vertex   -6.047242e+01 -6.952921e+01 -4.000000e+00
      vertex   -5.470000e+01 -6.775000e+01 -4.000000e+00
      vertex   -6.004883e+01 -6.985890e+01 -4.000000e+00
    endloop
  endfacet
  facet normal 0.000000e+00 0.000000e+00 -1.000000e+00
    outer loop
      vertex   -6.004883e+01 -6.985890e+01 -4.000000e+00
      vertex   -5.470000e+01 -6.775000e+01 -4.000000e+00
      vertex   -5.968529e+01 -7.025381e+01 -4.000000e+00
    endloop
  endfacet
  facet normal 0.000000e+00 0.000000e+00 -1.000000e+00
    outer loop
      vertex   -5.968529e+01 -7.025381e+01 -4.000000e+00
      vertex   -5.470000e+01 -6.775000e+01 -4.000000e+00
      vertex   -5.939171e+01 -7.070317e+01 -4.000000e+00
    endloop
  endfacet
  facet normal 0.000000e+00 0.000000e+00 -1.000000e+00
    outer loop
      vertex   -5.939171e+01 -7.070317e+01 -4.000000e+00
      vertex   -5.470000e+01 -6.775000e+01 -4.000000e+00
      vertex   -5.917609e+01 -7.119473e+01 -4.000000e+00
    endloop
  endfacet
  facet normal 0.000000e+00 0.000000e+00 -1.000000e+00
    outer loop
      vertex   -5.917609e+01 -7.119473e+01 -4.000000e+00
      vertex   -5.470000e+01 -6.775000e+01 -4.000000e+00
      vertex   -5.904433e+01 -7.171507e+01 -4.000000e+00
    endloop
  endfacet
  facet normal 0.000000e+00 0.000000e+00 -1.000000e+00
    outer loop
      vertex   -5.904433e+01 -7.171507e+01 -4.000000e+00
      vertex   -5.470000e+01 -6.775000e+01 -4.000000e+00
      vertex   -5.900000e+01 -7.225000e+01 -4.000000e+00
    endloop
  endfacet
  facet normal 0.000000e+00 -0.000000e+00 -1.000000e+00
    outer loop
      vertex   -5.900000e+01 -7.225000e+01 -4.000000e+00
      vertex   -5.470000e+01 -6.775000e+01 -4.000000e+00
      vertex   -5.904433e+01 -7.278493e+01 -4.000000e+00
    endloop
  endfacet
  facet normal 0.000000e+00 -0.000000e+00 -1.000000e+00
    outer loop
      vertex   -5.904433e+01 -7.278493e+01 -4.000000e+00
      vertex   -5.470000e+01 -6.775000e+01 -4.000000e+00
      vertex   -5.917609e+01 -7.330527e+01 -4.000000e+00
    endloop
  endfacet
  facet normal 0.000000e+00 0.000000e+00 -1.000000e+00
    outer loop
      vertex   -6.464110e+01 -4.845117e+01 -4.000000e+00
      vertex   -6.424619e+01 -4.881471e+01 -4.000000e+00
      vertex   -6.170000e+01 -5.475000e+01 -4.000000e+00
    endloop
  endfacet
  facet normal 0.000000e+00 0.000000e+00 -1.000000e+00
    outer loop
      vertex   -6.170000e+01 -5.475000e+01 -4.000000e+00
      vertex   -6.424619e+01 -4.881471e+01 -4.000000e+00
      vertex   -6.379683e+01 -4.910829e+01 -4.000000e+00
    endloop
  endfacet
  facet normal 0.000000e+00 0.000000e+00 -1.000000e+00
    outer loop
      vertex   -6.170000e+01 -5.475000e+01 -4.000000e+00
      vertex   -6.379683e+01 -4.910829e+01 -4.000000e+00
      vertex   -6.330527e+01 -4.932391e+01 -4.000000e+00
    endloop
  endfacet
  facet normal 0.000000e+00 0.000000e+00 -1.000000e+00
    outer loop
      vertex   -6.785000e+01 -4.225000e+01 -4.000000e+00
      vertex   -6.532391e+01 -7.119473e+01 -4.000000e+00
      vertex   -6.785000e+01 -7.625000e+01 -4.000000e+00
    endloop
  endfacet
  facet normal 0.000000e+00 0.000000e+00 -1.000000e+00
    outer loop
      vertex   -6.785000e+01 -7.625000e+01 -4.000000e+00
      vertex   -6.532391e+01 -7.119473e+01 -4.000000e+00
      vertex   -6.545567e+01 -7.171507e+01 -4.000000e+00
    endloop
  endfacet
  facet normal 0.000000e+00 0.000000e+00 -1.000000e+00
    outer loop
      vertex   -6.785000e+01 -7.625000e+01 -4.000000e+00
      vertex   -6.545567e+01 -7.171507e+01 -4.000000e+00
      vertex   -6.550000e+01 -7.225000e+01 -4.000000e+00
    endloop
  endfacet
  facet normal 0.000000e+00 -0.000000e+00 -1.000000e+00
    outer loop
      vertex   -6.550000e+01 -7.225000e+01 -4.000000e+00
      vertex   -6.545567e+01 -7.278493e+01 -4.000000e+00
      vertex   -6.785000e+01 -7.625000e+01 -4.000000e+00
    endloop
  endfacet
  facet normal 0.000000e+00 0.000000e+00 -1.000000e+00
    outer loop
      vertex   -6.785000e+01 -7.625000e+01 -4.000000e+00
      vertex   -6.545567e+01 -7.278493e+01 -4.000000e+00
      vertex   -6.532391e+01 -7.330527e+01 -4.000000e+00
    endloop
  endfacet
  facet normal 0.000000e+00 0.000000e+00 -1.000000e+00
    outer loop
      vertex   -6.785000e+01 -7.625000e+01 -4.000000e+00
      vertex   -6.532391e+01 -7.330527e+01 -4.000000e+00
      vertex   -6.510829e+01 -7.379683e+01 -4.000000e+00
    endloop
  endfacet
  facet normal 0.000000e+00 -0.000000e+00 -1.000000e+00
    outer loop
      vertex   -6.510829e+01 -7.379683e+01 -4.000000e+00
      vertex   -6.481471e+01 -7.424619e+01 -4.000000e+00
      vertex   -6.785000e+01 -7.625000e+01 -4.000000e+00
    endloop
  endfacet
  facet normal 0.000000e+00 0.000000e+00 -1.000000e+00
    outer loop
      vertex   -6.785000e+01 -7.625000e+01 -4.000000e+00
      vertex   -6.481471e+01 -7.424619e+01 -4.000000e+00
      vertex   -6.445117e+01 -7.464110e+01 -4.000000e+00
    endloop
  endfacet
  facet normal 0.000000e+00 0.000000e+00 -1.000000e+00
    outer loop
      vertex   -6.785000e+01 -7.625000e+01 -4.000000e+00
      vertex   -6.445117e+01 -7.464110e+01 -4.000000e+00
      vertex   -6.780988e+01 -7.660603e+01 -4.000000e+00
    endloop
  endfacet
  facet normal 0.000000e+00 0.000000e+00 -1.000000e+00
    outer loop
      vertex   -6.780988e+01 -7.660603e+01 -4.000000e+00
      vertex   -6.445117e+01 -7.464110e+01 -4.000000e+00
      vertex   -6.769155e+01 -7.694421e+01 -4.000000e+00
    endloop
  endfacet
  facet normal 0.000000e+00 0.000000e+00 -1.000000e+00
    outer loop
      vertex   -6.769155e+01 -7.694421e+01 -4.000000e+00
      vertex   -6.445117e+01 -7.464110e+01 -4.000000e+00
      vertex   -6.750093e+01 -7.724758e+01 -4.000000e+00
    endloop
  endfacet
  facet normal 0.000000e+00 0.000000e+00 -1.000000e+00
    outer loop
      vertex   -6.750093e+01 -7.724758e+01 -4.000000e+00
      vertex   -6.445117e+01 -7.464110e+01 -4.000000e+00
      vertex   -6.724758e+01 -7.750093e+01 -4.000000e+00
    endloop
  endfacet
  facet normal 0.000000e+00 0.000000e+00 -1.000000e+00
    outer loop
      vertex   -6.724758e+01 -7.750093e+01 -4.000000e+00
      vertex   -6.445117e+01 -7.464110e+01 -4.000000e+00
      vertex   -6.694421e+01 -7.769155e+01 -4.000000e+00
    endloop
  endfacet
  facet normal 0.000000e+00 0.000000e+00 -1.000000e+00
    outer loop
      vertex   -6.694421e+01 -7.769155e+01 -4.000000e+00
      vertex   -6.445117e+01 -7.464110e+01 -4.000000e+00
      vertex   -6.660603e+01 -7.780988e+01 -4.000000e+00
    endloop
  endfacet
  facet normal 0.000000e+00 0.000000e+00 -1.000000e+00
    outer loop
      vertex   -6.660603e+01 -7.780988e+01 -4.000000e+00
      vertex   -6.445117e+01 -7.464110e+01 -4.000000e+00
      vertex   -6.625000e+01 -7.785000e+01 -4.000000e+00
    endloop
  endfacet
  facet normal 0.000000e+00 0.000000e+00 -1.000000e+00
    outer loop
      vertex   -6.625000e+01 -7.785000e+01 -4.000000e+00
      vertex   -6.445117e+01 -7.464110e+01 -4.000000e+00
      vertex   -6.402758e+01 -7.497079e+01 -4.000000e+00
    endloop
  endfacet
  facet normal 0.000000e+00 0.000000e+00 -1.000000e+00
    outer loop
      vertex   -6.625000e+01 -7.785000e+01 -4.000000e+00
      vertex   -6.402758e+01 -7.497079e+01 -4.000000e+00
      vertex   -6.355551e+01 -7.522626e+01 -4.000000e+00
    endloop
  endfacet
  facet normal 0.000000e+00 -0.000000e+00 -1.000000e+00
    outer loop
      vertex   -6.355551e+01 -7.522626e+01 -4.000000e+00
      vertex   -6.304783e+01 -7.540055e+01 -4.000000e+00
      vertex   -6.625000e+01 -7.785000e+01 -4.000000e+00
    endloop
  endfacet
  facet normal 0.000000e+00 0.000000e+00 -1.000000e+00
    outer loop
      vertex   -6.625000e+01 -7.785000e+01 -4.000000e+00
      vertex   -6.304783e+01 -7.540055e+01 -4.000000e+00
      vertex   -6.251838e+01 -7.548890e+01 -4.000000e+00
    endloop
  endfacet
  facet normal 0.000000e+00 0.000000e+00 -1.000000e+00
    outer loop
      vertex   -6.625000e+01 -7.785000e+01 -4.000000e+00
      vertex   -6.251838e+01 -7.548890e+01 -4.000000e+00
      vertex   -6.198162e+01 -7.548890e+01 -4.000000e+00
    endloop
  endfacet
  facet normal 0.000000e+00 -0.000000e+00 -1.000000e+00
    outer loop
      vertex   -6.198162e+01 -7.548890e+01 -4.000000e+00
      vertex   -6.145217e+01 -7.540055e+01 -4.000000e+00
      vertex   -6.625000e+01 -7.785000e+01 -4.000000e+00
    endloop
  endfacet
  facet normal 0.000000e+00 0.000000e+00 -1.000000e+00
    outer loop
      vertex   -6.625000e+01 -7.785000e+01 -4.000000e+00
      vertex   -6.145217e+01 -7.540055e+01 -4.000000e+00
      vertex   -6.094449e+01 -7.522626e+01 -4.000000e+00
    endloop
  endfacet
  facet normal 0.000000e+00 0.000000e+00 -1.000000e+00
    outer loop
      vertex   -6.785000e+01 -4.225000e+01 -4.000000e+00
      vertex   -6.780988e+01 -4.189397e+01 -4.000000e+00
      vertex   -6.625000e+01 -4.065000e+01 -4.000000e+00
    endloop
  endfacet
  facet normal 0.000000e+00 0.000000e+00 -1.000000e+00
    outer loop
      vertex   -6.625000e+01 -4.065000e+01 -4.000000e+00
      vertex   -6.780988e+01 -4.189397e+01 -4.000000e+00
      vertex   -6.769155e+01 -4.155579e+01 -4.000000e+00
    endloop
  endfacet
  facet normal 0.000000e+00 0.000000e+00 -1.000000e+00
    outer loop
      vertex   -6.625000e+01 -4.065000e+01 -4.000000e+00
      vertex   -6.769155e+01 -4.155579e+01 -4.000000e+00
      vertex   -6.750093e+01 -4.125242e+01 -4.000000e+00
    endloop
  endfacet
  facet normal 0.000000e+00 0.000000e+00 -1.000000e+00
    outer loop
      vertex   -6.750093e+01 -4.125242e+01 -4.000000e+00
      vertex   -6.724758e+01 -4.099907e+01 -4.000000e+00
      vertex   -6.625000e+01 -4.065000e+01 -4.000000e+00
    endloop
  endfacet
  facet normal 0.000000e+00 0.000000e+00 -1.000000e+00
    outer loop
      vertex   -6.625000e+01 -4.065000e+01 -4.000000e+00
      vertex   -6.724758e+01 -4.099907e+01 -4.000000e+00
      vertex   -6.694421e+01 -4.080845e+01 -4.000000e+00
    endloop
  endfacet
  facet normal 0.000000e+00 0.000000e+00 -1.000000e+00
    outer loop
      vertex   -6.625000e+01 -4.065000e+01 -4.000000e+00
      vertex   -6.694421e+01 -4.080845e+01 -4.000000e+00
      vertex   -6.660603e+01 -4.069012e+01 -4.000000e+00
    endloop
  endfacet
  facet normal -0.000000e+00 -0.000000e+00 -1.000000e+00
    outer loop
      vertex   -3.189397e+01 -4.069012e+01 -4.000000e+00
      vertex   -3.155579e+01 -4.080845e+01 -4.000000e+00
      vertex   -3.225000e+01 -4.065000e+01 -4.000000e+00
    endloop
  endfacet
  facet normal 0.000000e+00 0.000000e+00 -1.000000e+00
    outer loop
      vertex   -3.225000e+01 -4.065000e+01 -4.000000e+00
      vertex   -3.155579e+01 -4.080845e+01 -4.000000e+00
      vertex   -3.125242e+01 -4.099907e+01 -4.000000e+00
    endloop
  endfacet
  facet normal 0.000000e+00 0.000000e+00 -1.000000e+00
    outer loop
      vertex   -3.225000e+01 -4.065000e+01 -4.000000e+00
      vertex   -3.125242e+01 -4.099907e+01 -4.000000e+00
      vertex   -3.099907e+01 -4.125242e+01 -4.000000e+00
    endloop
  endfacet
  facet normal -0.000000e+00 -0.000000e+00 -1.000000e+00
    outer loop
      vertex   -3.099907e+01 -4.125242e+01 -4.000000e+00
      vertex   -3.080845e+01 -4.155579e+01 -4.000000e+00
      vertex   -3.225000e+01 -4.065000e+01 -4.000000e+00
    endloop
  endfacet
  facet normal 0.000000e+00 0.000000e+00 -1.000000e+00
    outer loop
      vertex   -3.225000e+01 -4.065000e+01 -4.000000e+00
      vertex   -3.080845e+01 -4.155579e+01 -4.000000e+00
      vertex   -3.069012e+01 -4.189397e+01 -4.000000e+00
    endloop
  endfacet
  facet normal 0.000000e+00 0.000000e+00 -1.000000e+00
    outer loop
      vertex   -3.225000e+01 -4.065000e+01 -4.000000e+00
      vertex   -3.069012e+01 -4.189397e+01 -4.000000e+00
      vertex   -3.065000e+01 -4.225000e+01 -4.000000e+00
    endloop
  endfacet
  facet normal -0.000000e+00 0.000000e+00 -1.000000e+00
    outer loop
      vertex   -3.069012e+01 -7.660603e+01 -4.000000e+00
      vertex   -3.080845e+01 -7.694421e+01 -4.000000e+00
      vertex   -3.065000e+01 -7.625000e+01 -4.000000e+00
    endloop
  endfacet
  facet normal 0.000000e+00 0.000000e+00 -1.000000e+00
    outer loop
      vertex   -3.065000e+01 -7.625000e+01 -4.000000e+00
      vertex   -3.080845e+01 -7.694421e+01 -4.000000e+00
      vertex   -3.099907e+01 -7.724758e+01 -4.000000e+00
    endloop
  endfacet
  facet normal 0.000000e+00 0.000000e+00 -1.000000e+00
    outer loop
      vertex   -3.065000e+01 -7.625000e+01 -4.000000e+00
      vertex   -3.099907e+01 -7.724758e+01 -4.000000e+00
      vertex   -3.125242e+01 -7.750093e+01 -4.000000e+00
    endloop
  endfacet
  facet normal -0.000000e+00 0.000000e+00 -1.000000e+00
    outer loop
      vertex   -3.125242e+01 -7.750093e+01 -4.000000e+00
      vertex   -3.155579e+01 -7.769155e+01 -4.000000e+00
      vertex   -3.065000e+01 -7.625000e+01 -4.000000e+00
    endloop
  endfacet
  facet normal 0.000000e+00 0.000000e+00 -1.000000e+00
    outer loop
      vertex   -3.065000e+01 -7.625000e+01 -4.000000e+00
      vertex   -3.155579e+01 -7.769155e+01 -4.000000e+00
      vertex   -3.189397e+01 -7.780988e+01 -4.000000e+00
    endloop
  endfacet
  facet normal 0.000000e+00 0.000000e+00 -1.000000e+00
    outer loop
      vertex   -3.065000e+01 -7.625000e+01 -4.000000e+00
      vertex   -3.189397e+01 -7.780988e+01 -4.000000e+00
      vertex   -3.225000e+01 -7.785000e+01 -4.000000e+00
    endloop
  endfacet
  facet normal 0.000000e+00 0.000000e+00 1.000000e+00
    outer loop
      vertex   -3.120000e+01 -5.425000e+01 2.810000e+01
      vertex   -3.350000e+01 -5.425000e+01 2.810000e+01
      vertex   -3.120000e+01 -6.425000e+01 2.810000e+01
    endloop
  endfacet
  facet normal 0.000000e+00 0.000000e+00 1.000000e+00
    outer loop
      vertex   -3.120000e+01 -6.425000e+01 2.810000e+01
      vertex   -3.350000e+01 -5.425000e+01 2.810000e+01
      vertex   -3.350000e+01 -6.425000e+01 2.810000e+01
    endloop
  endfacet
  facet normal -1.000000e+00 0.000000e+00 0.000000e+00
    outer loop
      vertex   -3.120000e+01 -5.425000e+01 2.660000e+01
      vertex   -3.120000e+01 -5.425000e+01 2.810000e+01
      vertex   -3.120000e+01 -5.050000e+01 2.660000e+01
    endloop
  endfacet
  facet normal -1.000000e+00 0.000000e+00 0.000000e+00
    outer loop
      vertex   -3.120000e+01 -5.050000e+01 2.660000e+01
      vertex   -3.120000e+01 -5.425000e+01 2.810000e+01
      vertex   -3.120000e+01 -5.050000e+01 3.100000e+01
    endloop
  endfacet
  facet normal -1.000000e+00 0.000000e+00 0.000000e+00
    outer loop
      vertex   -3.120000e+01 -5.050000e+01 3.100000e+01
      vertex   -3.120000e+01 -5.425000e+01 2.810000e+01
      vertex   -3.120000e+01 -6.425000e+01 2.810000e+01
    endloop
  endfacet
  facet normal -1.000000e+00 2.030122e-16 -9.625579e-16
    outer loop
      vertex   -3.120000e+01 -5.050000e+01 3.100000e+01
      vertex   -3.120000e+01 -6.425000e+01 2.810000e+01
      vertex   -3.120000e+01 -6.800000e+01 3.100000e+01
    endloop
  endfacet
  facet normal -1.000000e+00 9.473903e-16 0.000000e+00
    outer loop
      vertex   -3.120000e+01 -6.800000e+01 3.100000e+01
      vertex   -3.120000e+01 -6.425000e+01 2.810000e+01
      vertex   -3.120000e+01 -6.800000e+01 2.660000e+01
    endloop
  endfacet
  facet normal -1.000000e+00 9.473903e-16 0.000000e+00
    outer loop
      vertex   -3.120000e+01 -6.800000e+01 2.660000e+01
      vertex   -3.120000e+01 -6.425000e+01 2.810000e+01
      vertex   -3.120000e+01 -6.425000e+01 2.660000e+01
    endloop
  endfacet
  facet normal 0.000000e+00 0.000000e+00 1.000000e+00
    outer loop
      vertex   -6.730000e+01 -6.425000e+01 2.810000e+01
      vertex   -6.500000e+01 -6.425000e+01 2.810000e+01
      vertex   -6.730000e+01 -5.425000e+01 2.810000e+01
    endloop
  endfacet
  facet normal -0.000000e+00 0.000000e+00 1.000000e+00
    outer loop
      vertex   -6.730000e+01 -5.425000e+01 2.810000e+01
      vertex   -6.500000e+01 -6.425000e+01 2.810000e+01
      vertex   -6.500000e+01 -5.425000e+01 2.810000e+01
    endloop
  endfacet
  facet normal 1.000000e+00 0.000000e+00 -0.000000e+00
    outer loop
      vertex   -6.730000e+01 -6.425000e+01 2.660000e+01
      vertex   -6.730000e+01 -6.425000e+01 2.810000e+01
      vertex   -6.730000e+01 -6.800000e+01 2.660000e+01
    endloop
  endfacet
  facet normal 1.000000e+00 0.000000e+00 0.000000e+00
    outer loop
      vertex   -6.730000e+01 -6.800000e+01 2.660000e+01
      vertex   -6.730000e+01 -6.425000e+01 2.810000e+01
      vertex   -6.730000e+01 -6.800000e+01 3.100000e+01
    endloop
  endfacet
  facet normal 1.000000e+00 0.000000e+00 0.000000e+00
    outer loop
      vertex   -6.730000e+01 -6.800000e+01 3.100000e+01
      vertex   -6.730000e+01 -6.425000e+01 2.810000e+01
      vertex   -6.730000e+01 -5.425000e+01 2.810000e+01
    endloop
  endfacet
  facet normal 1.000000e+00 -0.000000e+00 0.000000e+00
    outer loop
      vertex   -6.730000e+01 -6.800000e+01 3.100000e+01
      vertex   -6.730000e+01 -5.425000e+01 2.810000e+01
      vertex   -6.730000e+01 -5.050000e+01 3.100000e+01
    endloop
  endfacet
  facet normal 1.000000e+00 0.000000e+00 0.000000e+00
    outer loop
      vertex   -6.730000e+01 -5.050000e+01 3.100000e+01
      vertex   -6.730000e+01 -5.425000e+01 2.810000e+01
      vertex   -6.730000e+01 -5.050000e+01 2.660000e+01
    endloop
  endfacet
  facet normal 1.000000e+00 0.000000e+00 0.000000e+00
    outer loop
      vertex   -6.730000e+01 -5.050000e+01 2.660000e+01
      vertex   -6.730000e+01 -5.425000e+01 2.810000e+01
      vertex   -6.730000e+01 -5.425000e+01 2.660000e+01
    endloop
  endfacet
  facet normal 0.000000e+00 0.000000e+00 -1.000000e+00
    outer loop
      vertex   -3.350000e+01 -5.425000e+01 2.560000e+01
      vertex   -2.970000e+01 -5.425000e+01 2.560000e+01
      vertex   -3.350000e+01 -6.425000e+01 2.560000e+01
    endloop
  endfacet
  facet normal 0.000000e+00 0.000000e+00 -1.000000e+00
    outer loop
      vertex   -3.350000e+01 -6.425000e+01 2.560000e+01
      vertex   -2.970000e+01 -5.425000e+01 2.560000e+01
      vertex   -2.970000e+01 -6.425000e+01 2.560000e+01
    endloop
  endfacet
  facet normal 0.000000e+00 1.000000e+00 0.000000e+00
    outer loop
      vertex   -2.970000e+01 -5.425000e+01 2.660000e+01
      vertex   -2.970000e+01 -5.425000e+01 2.560000e+01
      vertex   -3.120000e+01 -5.425000e+01 2.660000e+01
    endloop
  endfacet
  facet normal 0.000000e+00 1.000000e+00 0.000000e+00
    outer loop
      vertex   -3.120000e+01 -5.425000e+01 2.660000e+01
      vertex   -2.970000e+01 -5.425000e+01 2.560000e+01
      vertex   -3.350000e+01 -5.425000e+01 2.560000e+01
    endloop
  endfacet
  facet normal 0.000000e+00 1.000000e+00 0.000000e+00
    outer loop
      vertex   -3.120000e+01 -5.425000e+01 2.660000e+01
      vertex   -3.350000e+01 -5.425000e+01 2.560000e+01
      vertex   -3.350000e+01 -5.425000e+01 2.810000e+01
    endloop
  endfacet
  facet normal -0.000000e+00 1.000000e+00 0.000000e+00
    outer loop
      vertex   -3.350000e+01 -5.425000e+01 2.810000e+01
      vertex   -3.120000e+01 -5.425000e+01 2.810000e+01
      vertex   -3.120000e+01 -5.425000e+01 2.660000e+01
    endloop
  endfacet
  facet normal 0.000000e+00 0.000000e+00 -1.000000e+00
    outer loop
      vertex   -6.880000e+01 -5.425000e+01 2.560000e+01
      vertex   -6.500000e+01 -5.425000e+01 2.560000e+01
      vertex   -6.880000e+01 -6.425000e+01 2.560000e+01
    endloop
  endfacet
  facet normal 0.000000e+00 0.000000e+00 -1.000000e+00
    outer loop
      vertex   -6.880000e+01 -6.425000e+01 2.560000e+01
      vertex   -6.500000e+01 -5.425000e+01 2.560000e+01
      vertex   -6.500000e+01 -6.425000e+01 2.560000e+01
    endloop
  endfacet
  facet normal 0.000000e+00 1.000000e+00 0.000000e+00
    outer loop
      vertex   -6.500000e+01 -5.425000e+01 2.810000e+01
      vertex   -6.500000e+01 -5.425000e+01 2.560000e+01
      vertex   -6.730000e+01 -5.425000e+01 2.660000e+01
    endloop
  endfacet
  facet normal 0.000000e+00 1.000000e+00 0.000000e+00
    outer loop
      vertex   -6.730000e+01 -5.425000e+01 2.660000e+01
      vertex   -6.500000e+01 -5.425000e+01 2.560000e+01
      vertex   -6.880000e+01 -5.425000e+01 2.560000e+01
    endloop
  endfacet
  facet normal 0.000000e+00 1.000000e+00 0.000000e+00
    outer loop
      vertex   -6.730000e+01 -5.425000e+01 2.660000e+01
      vertex   -6.880000e+01 -5.425000e+01 2.560000e+01
      vertex   -6.880000e+01 -5.425000e+01 2.660000e+01
    endloop
  endfacet
  facet normal 0.000000e+00 1.000000e+00 0.000000e+00
    outer loop
      vertex   -6.730000e+01 -5.425000e+01 2.660000e+01
      vertex   -6.730000e+01 -5.425000e+01 2.810000e+01
      vertex   -6.500000e+01 -5.425000e+01 2.810000e+01
    endloop
  endfacet
  facet normal 0.000000e+00 9.843573e-15 -1.000000e+00
    outer loop
      vertex   -6.810000e+01 -7.625000e+01 2.260000e+01
      vertex   -6.806445e+01 -7.661092e+01 2.260000e+01
      vertex   -6.880000e+01 -7.625000e+01 2.260000e+01
    endloop
  endfacet
  facet normal -5.046676e-15 -4.415269e-16 -1.000000e+00
    outer loop
      vertex   -6.880000e+01 -7.625000e+01 2.260000e+01
      vertex   -6.806445e+01 -7.661092e+01 2.260000e+01
      vertex   -6.876126e+01 -7.669280e+01 2.260000e+01
    endloop
  endfacet
  facet normal -4.923065e-15 -1.493395e-15 -1.000000e+00
    outer loop
      vertex   -6.876126e+01 -7.669280e+01 2.260000e+01
      vertex   -6.806445e+01 -7.661092e+01 2.260000e+01
      vertex   -6.795918e+01 -7.695796e+01 2.260000e+01
    endloop
  endfacet
  facet normal -4.859855e-15 -1.302194e-15 -1.000000e+00
    outer loop
      vertex   -6.876126e+01 -7.669280e+01 2.260000e+01
      vertex   -6.795918e+01 -7.695796e+01 2.260000e+01
      vertex   -6.864622e+01 -7.712215e+01 2.260000e+01
    endloop
  endfacet
  facet normal -4.585337e-15 -2.450914e-15 -1.000000e+00
    outer loop
      vertex   -6.864622e+01 -7.712215e+01 2.260000e+01
      vertex   -6.795918e+01 -7.695796e+01 2.260000e+01
      vertex   -6.778822e+01 -7.727780e+01 2.260000e+01
    endloop
  endfacet
  facet normal -4.523359e-15 -2.109277e-15 -1.000000e+00
    outer loop
      vertex   -6.864622e+01 -7.712215e+01 2.260000e+01
      vertex   -6.778822e+01 -7.727780e+01 2.260000e+01
      vertex   -6.845836e+01 -7.752500e+01 2.260000e+01
    endloop
  endfacet
  facet normal -4.069482e-15 -3.339738e-15 -1.000000e+00
    outer loop
      vertex   -6.845836e+01 -7.752500e+01 2.260000e+01
      vertex   -6.778822e+01 -7.727780e+01 2.260000e+01
      vertex   -6.755815e+01 -7.755815e+01 2.260000e+01
    endloop
  endfacet
  facet normal -4.131894e-15 -5.034728e-15 -1.000000e+00
    outer loop
      vertex   -6.845836e+01 -7.752500e+01 2.260000e+01
      vertex   -6.755815e+01 -7.755815e+01 2.260000e+01
      vertex   -6.727780e+01 -7.778822e+01 2.260000e+01
    endloop
  endfacet
  facet normal -3.566079e-15 -2.496995e-15 -1.000000e+00
    outer loop
      vertex   -6.845836e+01 -7.752500e+01 2.260000e+01
      vertex   -6.727780e+01 -7.778822e+01 2.260000e+01
      vertex   -6.820341e+01 -7.788911e+01 2.260000e+01
    endloop
  endfacet
  facet normal -3.188121e-15 -5.964556e-15 -1.000000e+00
    outer loop
      vertex   -6.820341e+01 -7.788911e+01 2.260000e+01
      vertex   -6.727780e+01 -7.778822e+01 2.260000e+01
      vertex   -6.695796e+01 -7.795918e+01 2.260000e+01
    endloop
  endfacet
  facet normal -3.022608e-15 -3.022608e-15 -1.000000e+00
    outer loop
      vertex   -6.820341e+01 -7.788911e+01 2.260000e+01
      vertex   -6.695796e+01 -7.795918e+01 2.260000e+01
      vertex   -6.788911e+01 -7.820341e+01 2.260000e+01
    endloop
  endfacet
  facet normal -2.046161e-15 -6.745288e-15 -1.000000e+00
    outer loop
      vertex   -6.788911e+01 -7.820341e+01 2.260000e+01
      vertex   -6.695796e+01 -7.795918e+01 2.260000e+01
      vertex   -6.661092e+01 -7.806445e+01 2.260000e+01
    endloop
  endfacet
  facet normal 3.843501e-15 -6.091975e-14 -1.000000e+00
    outer loop
      vertex   -6.788911e+01 -7.820341e+01 2.260000e+01
      vertex   -6.661092e+01 -7.806445e+01 2.260000e+01
      vertex   -6.625000e+01 -7.810000e+01 2.260000e+01
    endloop
  endfacet
  facet normal 0.000000e+00 -0.000000e+00 -1.000000e+00
    outer loop
      vertex   -6.625000e+01 -7.810000e+01 2.260000e+01
      vertex   -6.625000e+01 -7.850000e+01 2.260000e+01
      vertex   -6.788911e+01 -7.820341e+01 2.260000e+01
    endloop
  endfacet
  facet normal 0.000000e+00 0.000000e+00 -1.000000e+00
    outer loop
      vertex   -6.788911e+01 -7.820341e+01 2.260000e+01
      vertex   -6.625000e+01 -7.850000e+01 2.260000e+01
      vertex   -6.752500e+01 -7.845836e+01 2.260000e+01
    endloop
  endfacet
  facet normal 0.000000e+00 0.000000e+00 -1.000000e+00
    outer loop
      vertex   -6.752500e+01 -7.845836e+01 2.260000e+01
      vertex   -6.625000e+01 -7.850000e+01 2.260000e+01
      vertex   -6.712215e+01 -7.864622e+01 2.260000e+01
    endloop
  endfacet
  facet normal 0.000000e+00 0.000000e+00 -1.000000e+00
    outer loop
      vertex   -6.712215e+01 -7.864622e+01 2.260000e+01
      vertex   -6.625000e+01 -7.850000e+01 2.260000e+01
      vertex   -6.669280e+01 -7.876126e+01 2.260000e+01
    endloop
  endfacet
  facet normal 0.000000e+00 0.000000e+00 -1.000000e+00
    outer loop
      vertex   -6.669280e+01 -7.876126e+01 2.260000e+01
      vertex   -6.625000e+01 -7.850000e+01 2.260000e+01
      vertex   -6.625000e+01 -7.880000e+01 2.260000e+01
    endloop
  endfacet
  facet normal 0.000000e+00 0.000000e+00 -1.000000e+00
    outer loop
      vertex   -6.625000e+01 -7.880000e+01 2.260000e+01
      vertex   -6.625000e+01 -7.850000e+01 2.260000e+01
      vertex   -3.225000e+01 -7.850000e+01 2.260000e+01
    endloop
  endfacet
  facet normal 0.000000e+00 0.000000e+00 -1.000000e+00
    outer loop
      vertex   -6.625000e+01 -7.880000e+01 2.260000e+01
      vertex   -3.225000e+01 -7.850000e+01 2.260000e+01
      vertex   -3.225000e+01 -7.880000e+01 2.260000e+01
    endloop
  endfacet
  facet normal 0.000000e+00 0.000000e+00 -1.000000e+00
    outer loop
      vertex   -3.225000e+01 -7.880000e+01 2.260000e+01
      vertex   -3.225000e+01 -7.850000e+01 2.260000e+01
      vertex   -3.180720e+01 -7.876126e+01 2.260000e+01
    endloop
  endfacet
  facet normal 0.000000e+00 0.000000e+00 -1.000000e+00
    outer loop
      vertex   -3.180720e+01 -7.876126e+01 2.260000e+01
      vertex   -3.225000e+01 -7.850000e+01 2.260000e+01
      vertex   -3.137785e+01 -7.864622e+01 2.260000e+01
    endloop
  endfacet
  facet normal 0.000000e+00 0.000000e+00 -1.000000e+00
    outer loop
      vertex   -3.137785e+01 -7.864622e+01 2.260000e+01
      vertex   -3.225000e+01 -7.850000e+01 2.260000e+01
      vertex   -3.097500e+01 -7.845836e+01 2.260000e+01
    endloop
  endfacet
  facet normal -0.000000e+00 0.000000e+00 -1.000000e+00
    outer loop
      vertex   -3.097500e+01 -7.845836e+01 2.260000e+01
      vertex   -3.225000e+01 -7.850000e+01 2.260000e+01
      vertex   -3.061089e+01 -7.820341e+01 2.260000e+01
    endloop
  endfacet
  facet normal -0.000000e+00 0.000000e+00 -1.000000e+00
    outer loop
      vertex   -3.061089e+01 -7.820341e+01 2.260000e+01
      vertex   -3.225000e+01 -7.850000e+01 2.260000e+01
      vertex   -3.225000e+01 -7.810000e+01 2.260000e+01
    endloop
  endfacet
  facet normal 7.687002e-15 1.218395e-13 -1.000000e+00
    outer loop
      vertex   -3.061089e+01 -7.820341e+01 2.260000e+01
      vertex   -3.225000e+01 -7.810000e+01 2.260000e+01
      vertex   -3.188908e+01 -7.806445e+01 2.260000e+01
    endloop
  endfacet
  facet normal -4.092321e-15 1.349058e-14 -1.000000e+00
    outer loop
      vertex   -3.188908e+01 -7.806445e+01 2.260000e+01
      vertex   -3.154204e+01 -7.795918e+01 2.260000e+01
      vertex   -3.061089e+01 -7.820341e+01 2.260000e+01
    endloop
  endfacet
  facet normal -6.045216e-15 6.045216e-15 -1.000000e+00
    outer loop
      vertex   -3.061089e+01 -7.820341e+01 2.260000e+01
      vertex   -3.154204e+01 -7.795918e+01 2.260000e+01
      vertex   -3.029659e+01 -7.788911e+01 2.260000e+01
    endloop
  endfacet
  facet normal -6.376243e-15 1.192911e-14 -1.000000e+00
    outer loop
      vertex   -3.029659e+01 -7.788911e+01 2.260000e+01
      vertex   -3.154204e+01 -7.795918e+01 2.260000e+01
      vertex   -3.122220e+01 -7.778822e+01 2.260000e+01
    endloop
  endfacet
  facet normal -7.132158e-15 4.993991e-15 -1.000000e+00
    outer loop
      vertex   -3.029659e+01 -7.788911e+01 2.260000e+01
      vertex   -3.122220e+01 -7.778822e+01 2.260000e+01
      vertex   -3.004164e+01 -7.752500e+01 2.260000e+01
    endloop
  endfacet
  facet normal -8.263789e-15 1.006946e-14 -1.000000e+00
    outer loop
      vertex   -3.004164e+01 -7.752500e+01 2.260000e+01
      vertex   -3.122220e+01 -7.778822e+01 2.260000e+01
      vertex   -3.094185e+01 -7.755815e+01 2.260000e+01
    endloop
  endfacet
  facet normal -8.138964e-15 6.679475e-15 -1.000000e+00
    outer loop
      vertex   -3.004164e+01 -7.752500e+01 2.260000e+01
      vertex   -3.094185e+01 -7.755815e+01 2.260000e+01
      vertex   -3.071178e+01 -7.727780e+01 2.260000e+01
    endloop
  endfacet
  facet normal -9.046718e-15 4.218554e-15 -1.000000e+00
    outer loop
      vertex   -3.004164e+01 -7.752500e+01 2.260000e+01
      vertex   -3.071178e+01 -7.727780e+01 2.260000e+01
      vertex   -2.985378e+01 -7.712215e+01 2.260000e+01
    endloop
  endfacet
  facet normal -9.170674e-15 4.901827e-15 -1.000000e+00
    outer loop
      vertex   -2.985378e+01 -7.712215e+01 2.260000e+01
      vertex   -3.071178e+01 -7.727780e+01 2.260000e+01
      vertex   -3.054082e+01 -7.695796e+01 2.260000e+01
    endloop
  endfacet
  facet normal -9.719710e-15 2.604389e-15 -1.000000e+00
    outer loop
      vertex   -2.985378e+01 -7.712215e+01 2.260000e+01
      vertex   -3.054082e+01 -7.695796e+01 2.260000e+01
      vertex   -2.973874e+01 -7.669280e+01 2.260000e+01
    endloop
  endfacet
  facet normal -9.846129e-15 2.986791e-15 -1.000000e+00
    outer loop
      vertex   -2.973874e+01 -7.669280e+01 2.260000e+01
      vertex   -3.054082e+01 -7.695796e+01 2.260000e+01
      vertex   -3.043555e+01 -7.661092e+01 2.260000e+01
    endloop
  endfacet
  facet normal -1.009335e-14 8.830538e-16 -1.000000e+00
    outer loop
      vertex   -2.973874e+01 -7.669280e+01 2.260000e+01
      vertex   -3.043555e+01 -7.661092e+01 2.260000e+01
      vertex   -2.970000e+01 -7.625000e+01 2.260000e+01
    endloop
  endfacet
  facet normal -0.000000e+00 -1.968715e-14 -1.000000e+00
    outer loop
      vertex   -2.970000e+01 -7.625000e+01 2.260000e+01
      vertex   -3.043555e+01 -7.661092e+01 2.260000e+01
      vertex   -3.040000e+01 -7.625000e+01 2.260000e+01
    endloop
  endfacet
  facet normal -1.998365e-28 -9.843573e-15 -1.000000e+00
    outer loop
      vertex   -6.810000e+01 -4.225000e+01 2.260000e+01
      vertex   -6.880000e+01 -4.225000e+01 2.260000e+01
      vertex   -6.806445e+01 -4.188908e+01 2.260000e+01
    endloop
  endfacet
  facet normal -5.046676e-15 4.415269e-16 -1.000000e+00
    outer loop
      vertex   -6.806445e+01 -4.188908e+01 2.260000e+01
      vertex   -6.880000e+01 -4.225000e+01 2.260000e+01
      vertex   -6.876126e+01 -4.180720e+01 2.260000e+01
    endloop
  endfacet
  facet normal -4.923065e-15 1.493395e-15 -1.000000e+00
    outer loop
      vertex   -6.806445e+01 -4.188908e+01 2.260000e+01
      vertex   -6.876126e+01 -4.180720e+01 2.260000e+01
      vertex   -6.795918e+01 -4.154204e+01 2.260000e+01
    endloop
  endfacet
  facet normal -4.859855e-15 1.302194e-15 -1.000000e+00
    outer loop
      vertex   -6.795918e+01 -4.154204e+01 2.260000e+01
      vertex   -6.876126e+01 -4.180720e+01 2.260000e+01
      vertex   -6.864622e+01 -4.137785e+01 2.260000e+01
    endloop
  endfacet
  facet normal -4.585337e-15 2.450914e-15 -1.000000e+00
    outer loop
      vertex   -6.795918e+01 -4.154204e+01 2.260000e+01
      vertex   -6.864622e+01 -4.137785e+01 2.260000e+01
      vertex   -6.778822e+01 -4.122220e+01 2.260000e+01
    endloop
  endfacet
  facet normal -4.523359e-15 2.109277e-15 -1.000000e+00
    outer loop
      vertex   -6.778822e+01 -4.122220e+01 2.260000e+01
      vertex   -6.864622e+01 -4.137785e+01 2.260000e+01
      vertex   -6.845836e+01 -4.097500e+01 2.260000e+01
    endloop
  endfacet
  facet normal -4.069482e-15 3.339738e-15 -1.000000e+00
    outer loop
      vertex   -6.778822e+01 -4.122220e+01 2.260000e+01
      vertex   -6.845836e+01 -4.097500e+01 2.260000e+01
      vertex   -6.755815e+01 -4.094185e+01 2.260000e+01
    endloop
  endfacet
  facet normal -4.131894e-15 5.034728e-15 -1.000000e+00
    outer loop
      vertex   -6.755815e+01 -4.094185e+01 2.260000e+01
      vertex   -6.845836e+01 -4.097500e+01 2.260000e+01
      vertex   -6.727780e+01 -4.071178e+01 2.260000e+01
    endloop
  endfacet
  facet normal -3.566079e-15 2.496995e-15 -1.000000e+00
    outer loop
      vertex   -6.727780e+01 -4.071178e+01 2.260000e+01
      vertex   -6.845836e+01 -4.097500e+01 2.260000e+01
      vertex   -6.820341e+01 -4.061089e+01 2.260000e+01
    endloop
  endfacet
  facet normal -3.188121e-15 5.964556e-15 -1.000000e+00
    outer loop
      vertex   -6.727780e+01 -4.071178e+01 2.260000e+01
      vertex   -6.820341e+01 -4.061089e+01 2.260000e+01
      vertex   -6.695796e+01 -4.054082e+01 2.260000e+01
    endloop
  endfacet
  facet normal -3.022608e-15 3.022608e-15 -1.000000e+00
    outer loop
      vertex   -6.695796e+01 -4.054082e+01 2.260000e+01
      vertex   -6.820341e+01 -4.061089e+01 2.260000e+01
      vertex   -6.788911e+01 -4.029659e+01 2.260000e+01
    endloop
  endfacet
  facet normal -2.046161e-15 6.745288e-15 -1.000000e+00
    outer loop
      vertex   -6.695796e+01 -4.054082e+01 2.260000e+01
      vertex   -6.788911e+01 -4.029659e+01 2.260000e+01
      vertex   -6.661092e+01 -4.043555e+01 2.260000e+01
    endloop
  endfacet
  facet normal 3.843501e-15 6.091975e-14 -1.000000e+00
    outer loop
      vertex   -6.661092e+01 -4.043555e+01 2.260000e+01
      vertex   -6.788911e+01 -4.029659e+01 2.260000e+01
      vertex   -6.625000e+01 -4.040000e+01 2.260000e+01
    endloop
  endfacet
  facet normal 0.000000e+00 0.000000e+00 -1.000000e+00
    outer loop
      vertex   -6.625000e+01 -4.040000e+01 2.260000e+01
      vertex   -6.788911e+01 -4.029659e+01 2.260000e+01
      vertex   -6.625000e+01 -4.000000e+01 2.260000e+01
    endloop
  endfacet
  facet normal 0.000000e+00 0.000000e+00 -1.000000e+00
    outer loop
      vertex   -6.625000e+01 -4.000000e+01 2.260000e+01
      vertex   -6.788911e+01 -4.029659e+01 2.260000e+01
      vertex   -6.752500e+01 -4.004164e+01 2.260000e+01
    endloop
  endfacet
  facet normal -0.000000e+00 0.000000e+00 -1.000000e+00
    outer loop
      vertex   -6.625000e+01 -4.000000e+01 2.260000e+01
      vertex   -6.752500e+01 -4.004164e+01 2.260000e+01
      vertex   -6.712215e+01 -3.985378e+01 2.260000e+01
    endloop
  endfacet
  facet normal 0.000000e+00 0.000000e+00 -1.000000e+00
    outer loop
      vertex   -6.712215e+01 -3.985378e+01 2.260000e+01
      vertex   -6.669280e+01 -3.973874e+01 2.260000e+01
      vertex   -6.625000e+01 -4.000000e+01 2.260000e+01
    endloop
  endfacet
  facet normal 0.000000e+00 0.000000e+00 -1.000000e+00
    outer loop
      vertex   -6.625000e+01 -4.000000e+01 2.260000e+01
      vertex   -6.669280e+01 -3.973874e+01 2.260000e+01
      vertex   -6.625000e+01 -3.970000e+01 2.260000e+01
    endloop
  endfacet
  facet normal 0.000000e+00 0.000000e+00 -1.000000e+00
    outer loop
      vertex   -6.625000e+01 -4.000000e+01 2.260000e+01
      vertex   -6.625000e+01 -3.970000e+01 2.260000e+01
      vertex   -3.225000e+01 -3.970000e+01 2.260000e+01
    endloop
  endfacet
  facet normal 0.000000e+00 0.000000e+00 -1.000000e+00
    outer loop
      vertex   -6.625000e+01 -4.000000e+01 2.260000e+01
      vertex   -3.225000e+01 -3.970000e+01 2.260000e+01
      vertex   -3.225000e+01 -4.000000e+01 2.260000e+01
    endloop
  endfacet
  facet normal 0.000000e+00 0.000000e+00 -1.000000e+00
    outer loop
      vertex   -3.225000e+01 -4.000000e+01 2.260000e+01
      vertex   -3.225000e+01 -3.970000e+01 2.260000e+01
      vertex   -3.180720e+01 -3.973874e+01 2.260000e+01
    endloop
  endfacet
  facet normal 0.000000e+00 0.000000e+00 -1.000000e+00
    outer loop
      vertex   -3.225000e+01 -4.000000e+01 2.260000e+01
      vertex   -3.180720e+01 -3.973874e+01 2.260000e+01
      vertex   -3.137785e+01 -3.985378e+01 2.260000e+01
    endloop
  endfacet
  facet normal 0.000000e+00 -0.000000e+00 -1.000000e+00
    outer loop
      vertex   -3.137785e+01 -3.985378e+01 2.260000e+01
      vertex   -3.097500e+01 -4.004164e+01 2.260000e+01
      vertex   -3.225000e+01 -4.000000e+01 2.260000e+01
    endloop
  endfacet
  facet normal 0.000000e+00 0.000000e+00 -1.000000e+00
    outer loop
      vertex   -3.225000e+01 -4.000000e+01 2.260000e+01
      vertex   -3.097500e+01 -4.004164e+01 2.260000e+01
      vertex   -3.061089e+01 -4.029659e+01 2.260000e+01
    endloop
  endfacet
  facet normal 0.000000e+00 -0.000000e+00 -1.000000e+00
    outer loop
      vertex   -3.225000e+01 -4.000000e+01 2.260000e+01
      vertex   -3.061089e+01 -4.029659e+01 2.260000e+01
      vertex   -3.225000e+01 -4.040000e+01 2.260000e+01
    endloop
  endfacet
  facet normal 7.687002e-15 -1.218395e-13 -1.000000e+00
    outer loop
      vertex   -3.225000e+01 -4.040000e+01 2.260000e+01
      vertex   -3.061089e+01 -4.029659e+01 2.260000e+01
      vertex   -3.188908e+01 -4.043555e+01 2.260000e+01
    endloop
  endfacet
  facet normal -4.092321e-15 -1.349058e-14 -1.000000e+00
    outer loop
      vertex   -3.188908e+01 -4.043555e+01 2.260000e+01
      vertex   -3.061089e+01 -4.029659e+01 2.260000e+01
      vertex   -3.154204e+01 -4.054082e+01 2.260000e+01
    endloop
  endfacet
  facet normal -6.045216e-15 -6.045216e-15 -1.000000e+00
    outer loop
      vertex   -3.154204e+01 -4.054082e+01 2.260000e+01
      vertex   -3.061089e+01 -4.029659e+01 2.260000e+01
      vertex   -3.029659e+01 -4.061089e+01 2.260000e+01
    endloop
  endfacet
  facet normal -6.376243e-15 -1.192911e-14 -1.000000e+00
    outer loop
      vertex   -3.154204e+01 -4.054082e+01 2.260000e+01
      vertex   -3.029659e+01 -4.061089e+01 2.260000e+01
      vertex   -3.122220e+01 -4.071178e+01 2.260000e+01
    endloop
  endfacet
  facet normal -7.132158e-15 -4.993991e-15 -1.000000e+00
    outer loop
      vertex   -3.122220e+01 -4.071178e+01 2.260000e+01
      vertex   -3.029659e+01 -4.061089e+01 2.260000e+01
      vertex   -3.004164e+01 -4.097500e+01 2.260000e+01
    endloop
  endfacet
  facet normal -8.263789e-15 -1.006946e-14 -1.000000e+00
    outer loop
      vertex   -3.122220e+01 -4.071178e+01 2.260000e+01
      vertex   -3.004164e+01 -4.097500e+01 2.260000e+01
      vertex   -3.094185e+01 -4.094185e+01 2.260000e+01
    endloop
  endfacet
  facet normal -8.138964e-15 -6.679475e-15 -1.000000e+00
    outer loop
      vertex   -3.094185e+01 -4.094185e+01 2.260000e+01
      vertex   -3.004164e+01 -4.097500e+01 2.260000e+01
      vertex   -3.071178e+01 -4.122220e+01 2.260000e+01
    endloop
  endfacet
  facet normal -9.046718e-15 -4.218554e-15 -1.000000e+00
    outer loop
      vertex   -3.071178e+01 -4.122220e+01 2.260000e+01
      vertex   -3.004164e+01 -4.097500e+01 2.260000e+01
      vertex   -2.985378e+01 -4.137785e+01 2.260000e+01
    endloop
  endfacet
  facet normal -9.170674e-15 -4.901827e-15 -1.000000e+00
    outer loop
      vertex   -3.071178e+01 -4.122220e+01 2.260000e+01
      vertex   -2.985378e+01 -4.137785e+01 2.260000e+01
      vertex   -3.054082e+01 -4.154204e+01 2.260000e+01
    endloop
  endfacet
  facet normal -9.719710e-15 -2.604389e-15 -1.000000e+00
    outer loop
      vertex   -3.054082e+01 -4.154204e+01 2.260000e+01
      vertex   -2.985378e+01 -4.137785e+01 2.260000e+01
      vertex   -2.973874e+01 -4.180720e+01 2.260000e+01
    endloop
  endfacet
  facet normal -9.846129e-15 -2.986791e-15 -1.000000e+00
    outer loop
      vertex   -3.054082e+01 -4.154204e+01 2.260000e+01
      vertex   -2.973874e+01 -4.180720e+01 2.260000e+01
      vertex   -3.043555e+01 -4.188908e+01 2.260000e+01
    endloop
  endfacet
  facet normal -1.009335e-14 -8.830538e-16 -1.000000e+00
    outer loop
      vertex   -3.043555e+01 -4.188908e+01 2.260000e+01
      vertex   -2.973874e+01 -4.180720e+01 2.260000e+01
      vertex   -2.970000e+01 -4.225000e+01 2.260000e+01
    endloop
  endfacet
  facet normal 0.000000e+00 1.968715e-14 -1.000000e+00
    outer loop
      vertex   -3.043555e+01 -4.188908e+01 2.260000e+01
      vertex   -2.970000e+01 -4.225000e+01 2.260000e+01
      vertex   -3.040000e+01 -4.225000e+01 2.260000e+01
    endloop
  endfacet
  facet normal 0.000000e+00 1.000000e+00 0.000000e+00
    outer loop
      vertex   -6.170000e+01 -6.775000e+01 -4.000000e+00
      vertex   -6.170000e+01 -6.775000e+01 -1.000000e+00
      vertex   -5.470000e+01 -6.775000e+01 -4.000000e+00
    endloop
  endfacet
  facet normal 0.000000e+00 1.000000e+00 -0.000000e+00
    outer loop
      vertex   -5.470000e+01 -6.775000e+01 -4.000000e+00
      vertex   -6.170000e+01 -6.775000e+01 -1.000000e+00
      vertex   -5.470000e+01 -6.775000e+01 -1.000000e+00
    endloop
  endfacet
  facet normal 1.000000e+00 0.000000e+00 -0.000000e+00
    outer loop
      vertex   -6.170000e+01 -6.275000e+01 -4.000000e+00
      vertex   -6.170000e+01 -6.275000e+01 -1.000000e+00
      vertex   -6.170000e+01 -6.775000e+01 -4.000000e+00
    endloop
  endfacet
  facet normal 1.000000e+00 0.000000e+00 0.000000e+00
    outer loop
      vertex   -6.170000e+01 -6.775000e+01 -4.000000e+00
      vertex   -6.170000e+01 -6.275000e+01 -1.000000e+00
      vertex   -6.170000e+01 -6.775000e+01 -1.000000e+00
    endloop
  endfacet
  facet normal 1.000000e+00 0.000000e+00 -0.000000e+00
    outer loop
      vertex   -6.170000e+01 -5.025000e+01 -4.000000e+00
      vertex   -6.170000e+01 -5.025000e+01 -1.000000e+00
      vertex   -6.170000e+01 -5.475000e+01 -4.000000e+00
    endloop
  endfacet
  facet normal 1.000000e+00 0.000000e+00 0.000000e+00
    outer loop
      vertex   -6.170000e+01 -5.475000e+01 -4.000000e+00
      vertex   -6.170000e+01 -5.025000e+01 -1.000000e+00
      vertex   -6.170000e+01 -5.475000e+01 -1.000000e+00
    endloop
  endfacet
  facet normal 0.000000e+00 -1.000000e+00 0.000000e+00
    outer loop
      vertex   -5.470000e+01 -5.025000e+01 -4.000000e+00
      vertex   -5.470000e+01 -5.025000e+01 -1.000000e+00
      vertex   -6.170000e+01 -5.025000e+01 -4.000000e+00
    endloop
  endfacet
  facet normal 0.000000e+00 -1.000000e+00 0.000000e+00
    outer loop
      vertex   -6.170000e+01 -5.025000e+01 -4.000000e+00
      vertex   -5.470000e+01 -5.025000e+01 -1.000000e+00
      vertex   -6.170000e+01 -5.025000e+01 -1.000000e+00
    endloop
  endfacet
  facet normal 1.000000e+00 0.000000e+00 -0.000000e+00
    outer loop
      vertex   -4.670000e+01 -6.275000e+01 -4.000000e+00
      vertex   -4.670000e+01 -6.275000e+01 -1.000000e+00
      vertex   -4.670000e+01 -6.775000e+01 -4.000000e+00
    endloop
  endfacet
  facet normal 1.000000e+00 0.000000e+00 0.000000e+00
    outer loop
      vertex   -4.670000e+01 -6.775000e+01 -4.000000e+00
      vertex   -4.670000e+01 -6.275000e+01 -1.000000e+00
      vertex   -4.670000e+01 -6.775000e+01 -1.000000e+00
    endloop
  endfacet
  facet normal 0.000000e+00 -1.000000e+00 0.000000e+00
    outer loop
      vertex   -3.970000e+01 -6.275000e+01 -4.000000e+00
      vertex   -3.970000e+01 -6.275000e+01 -1.000000e+00
      vertex   -4.670000e+01 -6.275000e+01 -4.000000e+00
    endloop
  endfacet
  facet normal 0.000000e+00 -1.000000e+00 0.000000e+00
    outer loop
      vertex   -4.670000e+01 -6.275000e+01 -4.000000e+00
      vertex   -3.970000e+01 -6.275000e+01 -1.000000e+00
      vertex   -4.670000e+01 -6.275000e+01 -1.000000e+00
    endloop
  endfacet
  facet normal 1.000000e+00 0.000000e+00 -0.000000e+00
    outer loop
      vertex   -4.670000e+01 -4.975000e+01 -4.000000e+00
      vertex   -4.670000e+01 -4.975000e+01 -1.000000e+00
      vertex   -4.670000e+01 -5.475000e+01 -4.000000e+00
    endloop
  endfacet
  facet normal 1.000000e+00 0.000000e+00 0.000000e+00
    outer loop
      vertex   -4.670000e+01 -5.475000e+01 -4.000000e+00
      vertex   -4.670000e+01 -4.975000e+01 -1.000000e+00
      vertex   -4.670000e+01 -5.475000e+01 -1.000000e+00
    endloop
  endfacet
  facet normal -0.000000e+00 -1.000000e+00 -0.000000e+00
    outer loop
      vertex   -3.970000e+01 -4.975000e+01 -1.000000e+00
      vertex   -4.670000e+01 -4.975000e+01 -1.000000e+00
      vertex   -3.970000e+01 -4.975000e+01 -4.000000e+00
    endloop
  endfacet
  facet normal 0.000000e+00 -1.000000e+00 0.000000e+00
    outer loop
      vertex   -3.970000e+01 -4.975000e+01 -4.000000e+00
      vertex   -4.670000e+01 -4.975000e+01 -1.000000e+00
      vertex   -4.670000e+01 -4.975000e+01 -4.000000e+00
    endloop
  endfacet
  facet normal 1.119645e-01 9.937122e-01 -0.000000e+00
    outer loop
      vertex   -3.225000e+01 -4.065000e+01 -4.000000e+00
      vertex   -3.225000e+01 -4.065000e+01 -2.400000e+00
      vertex   -3.189397e+01 -4.069012e+01 -4.000000e+00
    endloop
  endfacet
  facet normal 1.119645e-01 9.937122e-01 -0.000000e+00
    outer loop
      vertex   -3.189397e+01 -4.069012e+01 -4.000000e+00
      vertex   -3.225000e+01 -4.065000e+01 -2.400000e+00
      vertex   -3.189397e+01 -4.069012e+01 -2.400000e+00
    endloop
  endfacet
  facet normal 3.302791e-01 9.438833e-01 -0.000000e+00
    outer loop
      vertex   -3.189397e+01 -4.069012e+01 -4.000000e+00
      vertex   -3.189397e+01 -4.069012e+01 -2.400000e+00
      vertex   -3.155579e+01 -4.080845e+01 -4.000000e+00
    endloop
  endfacet
  facet normal 3.302791e-01 9.438833e-01 -0.000000e+00
    outer loop
      vertex   -3.155579e+01 -4.080845e+01 -4.000000e+00
      vertex   -3.189397e+01 -4.069012e+01 -2.400000e+00
      vertex   -3.155579e+01 -4.080845e+01 -2.400000e+00
    endloop
  endfacet
  facet normal 5.320321e-01 8.467242e-01 -0.000000e+00
    outer loop
      vertex   -3.155579e+01 -4.080845e+01 -4.000000e+00
      vertex   -3.155579e+01 -4.080845e+01 -2.400000e+00
      vertex   -3.125242e+01 -4.099907e+01 -4.000000e+00
    endloop
  endfacet
  facet normal 5.320321e-01 8.467242e-01 -0.000000e+00
    outer loop
      vertex   -3.125242e+01 -4.099907e+01 -4.000000e+00
      vertex   -3.155579e+01 -4.080845e+01 -2.400000e+00
      vertex   -3.125242e+01 -4.099907e+01 -2.400000e+00
    endloop
  endfacet
  facet normal 7.071068e-01 7.071068e-01 -0.000000e+00
    outer loop
      vertex   -3.125242e+01 -4.099907e+01 -4.000000e+00
      vertex   -3.125242e+01 -4.099907e+01 -2.400000e+00
      vertex   -3.099907e+01 -4.125242e+01 -4.000000e+00
    endloop
  endfacet
  facet normal 7.071068e-01 7.071068e-01 -0.000000e+00
    outer loop
      vertex   -3.099907e+01 -4.125242e+01 -4.000000e+00
      vertex   -3.125242e+01 -4.099907e+01 -2.400000e+00
      vertex   -3.099907e+01 -4.125242e+01 -2.400000e+00
    endloop
  endfacet
  facet normal 8.467242e-01 5.320321e-01 -0.000000e+00
    outer loop
      vertex   -3.099907e+01 -4.125242e+01 -4.000000e+00
      vertex   -3.099907e+01 -4.125242e+01 -2.400000e+00
      vertex   -3.080845e+01 -4.155579e+01 -4.000000e+00
    endloop
  endfacet
  facet normal 8.467242e-01 5.320321e-01 -0.000000e+00
    outer loop
      vertex   -3.080845e+01 -4.155579e+01 -4.000000e+00
      vertex   -3.099907e+01 -4.125242e+01 -2.400000e+00
      vertex   -3.080845e+01 -4.155579e+01 -2.400000e+00
    endloop
  endfacet
  facet normal 9.438833e-01 3.302791e-01 -0.000000e+00
    outer loop
      vertex   -3.080845e+01 -4.155579e+01 -4.000000e+00
      vertex   -3.080845e+01 -4.155579e+01 -2.400000e+00
      vertex   -3.069012e+01 -4.189397e+01 -4.000000e+00
    endloop
  endfacet
  facet normal 9.438833e-01 3.302791e-01 -0.000000e+00
    outer loop
      vertex   -3.069012e+01 -4.189397e+01 -4.000000e+00
      vertex   -3.080845e+01 -4.155579e+01 -2.400000e+00
      vertex   -3.069012e+01 -4.189397e+01 -2.400000e+00
    endloop
  endfacet
  facet normal 9.937122e-01 1.119645e-01 -0.000000e+00
    outer loop
      vertex   -3.069012e+01 -4.189397e+01 -4.000000e+00
      vertex   -3.069012e+01 -4.189397e+01 -2.400000e+00
      vertex   -3.065000e+01 -4.225000e+01 -4.000000e+00
    endloop
  endfacet
  facet normal 9.937122e-01 1.119645e-01 -0.000000e+00
    outer loop
      vertex   -3.065000e+01 -4.225000e+01 -4.000000e+00
      vertex   -3.069012e+01 -4.189397e+01 -2.400000e+00
      vertex   -3.065000e+01 -4.225000e+01 -2.400000e+00
    endloop
  endfacet
  facet normal 6.269495e-16 1.000000e+00 0.000000e+00
    outer loop
      vertex   -6.625000e+01 -4.065000e+01 -2.400000e+00
      vertex   -3.225000e+01 -4.065000e+01 -2.400000e+00
      vertex   -6.625000e+01 -4.065000e+01 -4.000000e+00
    endloop
  endfacet
  facet normal 6.269495e-16 1.000000e+00 0.000000e+00
    outer loop
      vertex   -6.625000e+01 -4.065000e+01 -4.000000e+00
      vertex   -3.225000e+01 -4.065000e+01 -2.400000e+00
      vertex   -3.225000e+01 -4.065000e+01 -4.000000e+00
    endloop
  endfacet
  facet normal -9.937122e-01 1.119645e-01 0.000000e+00
    outer loop
      vertex   -6.785000e+01 -4.225000e+01 -4.000000e+00
      vertex   -6.785000e+01 -4.225000e+01 -2.400000e+00
      vertex   -6.780988e+01 -4.189397e+01 -4.000000e+00
    endloop
  endfacet
  facet normal -9.937122e-01 1.119645e-01 0.000000e+00
    outer loop
      vertex   -6.780988e+01 -4.189397e+01 -4.000000e+00
      vertex   -6.785000e+01 -4.225000e+01 -2.400000e+00
      vertex   -6.780988e+01 -4.189397e+01 -2.400000e+00
    endloop
  endfacet
  facet normal -9.438833e-01 3.302791e-01 0.000000e+00
    outer loop
      vertex   -6.780988e+01 -4.189397e+01 -4.000000e+00
      vertex   -6.780988e+01 -4.189397e+01 -2.400000e+00
      vertex   -6.769155e+01 -4.155579e+01 -4.000000e+00
    endloop
  endfacet
  facet normal -9.438833e-01 3.302791e-01 0.000000e+00
    outer loop
      vertex   -6.769155e+01 -4.155579e+01 -4.000000e+00
      vertex   -6.780988e+01 -4.189397e+01 -2.400000e+00
      vertex   -6.769155e+01 -4.155579e+01 -2.400000e+00
    endloop
  endfacet
  facet normal -8.467242e-01 5.320321e-01 0.000000e+00
    outer loop
      vertex   -6.769155e+01 -4.155579e+01 -4.000000e+00
      vertex   -6.769155e+01 -4.155579e+01 -2.400000e+00
      vertex   -6.750093e+01 -4.125242e+01 -4.000000e+00
    endloop
  endfacet
  facet normal -8.467242e-01 5.320321e-01 0.000000e+00
    outer loop
      vertex   -6.750093e+01 -4.125242e+01 -4.000000e+00
      vertex   -6.769155e+01 -4.155579e+01 -2.400000e+00
      vertex   -6.750093e+01 -4.125242e+01 -2.400000e+00
    endloop
  endfacet
  facet normal -7.071068e-01 7.071068e-01 0.000000e+00
    outer loop
      vertex   -6.750093e+01 -4.125242e+01 -4.000000e+00
      vertex   -6.750093e+01 -4.125242e+01 -2.400000e+00
      vertex   -6.724758e+01 -4.099907e+01 -4.000000e+00
    endloop
  endfacet
  facet normal -7.071068e-01 7.071068e-01 0.000000e+00
    outer loop
      vertex   -6.724758e+01 -4.099907e+01 -4.000000e+00
      vertex   -6.750093e+01 -4.125242e+01 -2.400000e+00
      vertex   -6.724758e+01 -4.099907e+01 -2.400000e+00
    endloop
  endfacet
  facet normal -5.320321e-01 8.467242e-01 0.000000e+00
    outer loop
      vertex   -6.724758e+01 -4.099907e+01 -4.000000e+00
      vertex   -6.724758e+01 -4.099907e+01 -2.400000e+00
      vertex   -6.694421e+01 -4.080845e+01 -4.000000e+00
    endloop
  endfacet
  facet normal -5.320321e-01 8.467242e-01 0.000000e+00
    outer loop
      vertex   -6.694421e+01 -4.080845e+01 -4.000000e+00
      vertex   -6.724758e+01 -4.099907e+01 -2.400000e+00
      vertex   -6.694421e+01 -4.080845e+01 -2.400000e+00
    endloop
  endfacet
  facet normal -3.302791e-01 9.438833e-01 0.000000e+00
    outer loop
      vertex   -6.694421e+01 -4.080845e+01 -4.000000e+00
      vertex   -6.694421e+01 -4.080845e+01 -2.400000e+00
      vertex   -6.660603e+01 -4.069012e+01 -4.000000e+00
    endloop
  endfacet
  facet normal -3.302791e-01 9.438833e-01 0.000000e+00
    outer loop
      vertex   -6.660603e+01 -4.069012e+01 -4.000000e+00
      vertex   -6.694421e+01 -4.080845e+01 -2.400000e+00
      vertex   -6.660603e+01 -4.069012e+01 -2.400000e+00
    endloop
  endfacet
  facet normal -1.119645e-01 9.937122e-01 0.000000e+00
    outer loop
      vertex   -6.660603e+01 -4.069012e+01 -4.000000e+00
      vertex   -6.660603e+01 -4.069012e+01 -2.400000e+00
      vertex   -6.625000e+01 -4.065000e+01 -4.000000e+00
    endloop
  endfacet
  facet normal -1.119645e-01 9.937122e-01 0.000000e+00
    outer loop
      vertex   -6.625000e+01 -4.065000e+01 -4.000000e+00
      vertex   -6.660603e+01 -4.069012e+01 -2.400000e+00
      vertex   -6.625000e+01 -4.065000e+01 -2.400000e+00
    endloop
  endfacet
  facet normal -1.000000e+00 0.000000e+00 0.000000e+00
    outer loop
      vertex   -6.785000e+01 -7.625000e+01 -2.400000e+00
      vertex   -6.785000e+01 -4.225000e+01 -2.400000e+00
      vertex   -6.785000e+01 -7.625000e+01 -4.000000e+00
    endloop
  endfacet
  facet normal -1.000000e+00 0.000000e+00 0.000000e+00
    outer loop
      vertex   -6.785000e+01 -7.625000e+01 -4.000000e+00
      vertex   -6.785000e+01 -4.225000e+01 -2.400000e+00
      vertex   -6.785000e+01 -4.225000e+01 -4.000000e+00
    endloop
  endfacet
  facet normal 0.000000e+00 -9.473903e-16 -1.000000e+00
    outer loop
      vertex   -3.120000e+01 -5.425000e+01 2.660000e+01
      vertex   -3.120000e+01 -5.050000e+01 2.660000e+01
      vertex   -2.970000e+01 -5.425000e+01 2.660000e+01
    endloop
  endfacet
  facet normal 1.465126e-15 -3.613400e-16 -1.000000e+00
    outer loop
      vertex   -2.970000e+01 -5.425000e+01 2.660000e+01
      vertex   -3.120000e+01 -5.050000e+01 2.660000e+01
      vertex   -2.970000e+01 -4.441795e+01 2.660000e+01
    endloop
  endfacet
  facet normal -0.000000e+00 0.000000e+00 -1.000000e+00
    outer loop
      vertex   -2.970000e+01 -4.441795e+01 2.660000e+01
      vertex   -3.120000e+01 -5.050000e+01 2.660000e+01
      vertex   -3.040000e+01 -4.441795e+01 2.660000e+01
    endloop
  endfacet
  facet normal 0.000000e+00 0.000000e+00 -1.000000e+00
    outer loop
      vertex   -3.040000e+01 -4.441795e+01 2.660000e+01
      vertex   -3.120000e+01 -5.050000e+01 2.660000e+01
      vertex   -4.011594e+01 -4.801551e+01 2.660000e+01
    endloop
  endfacet
  facet normal 0.000000e+00 0.000000e+00 -1.000000e+00
    outer loop
      vertex   -3.040000e+01 -4.441795e+01 2.660000e+01
      vertex   -4.011594e+01 -4.801551e+01 2.660000e+01
      vertex   -4.032785e+01 -4.744736e+01 2.660000e+01
    endloop
  endfacet
  facet normal 0.000000e+00 0.000000e+00 -1.000000e+00
    outer loop
      vertex   -3.625000e+01 -5.050000e+01 2.660000e+01
      vertex   -3.903316e+01 -4.946194e+01 2.660000e+01
      vertex   -3.120000e+01 -5.050000e+01 2.660000e+01
    endloop
  endfacet
  facet normal 0.000000e+00 0.000000e+00 -1.000000e+00
    outer loop
      vertex   -3.120000e+01 -5.050000e+01 2.660000e+01
      vertex   -3.903316e+01 -4.946194e+01 2.660000e+01
      vertex   -3.946194e+01 -4.903316e+01 2.660000e+01
    endloop
  endfacet
  facet normal 0.000000e+00 0.000000e+00 -1.000000e+00
    outer loop
      vertex   -3.120000e+01 -5.050000e+01 2.660000e+01
      vertex   -3.946194e+01 -4.903316e+01 2.660000e+01
      vertex   -3.982533e+01 -4.854772e+01 2.660000e+01
    endloop
  endfacet
  facet normal 0.000000e+00 0.000000e+00 -1.000000e+00
    outer loop
      vertex   -3.685484e+01 -5.045674e+01 2.660000e+01
      vertex   -3.744736e+01 -5.032785e+01 2.660000e+01
      vertex   -3.625000e+01 -5.050000e+01 2.660000e+01
    endloop
  endfacet
  facet normal 0.000000e+00 0.000000e+00 -1.000000e+00
    outer loop
      vertex   -3.625000e+01 -5.050000e+01 2.660000e+01
      vertex   -3.744736e+01 -5.032785e+01 2.660000e+01
      vertex   -3.801551e+01 -5.011594e+01 2.660000e+01
    endloop
  endfacet
  facet normal 0.000000e+00 0.000000e+00 -1.000000e+00
    outer loop
      vertex   -3.625000e+01 -5.050000e+01 2.660000e+01
      vertex   -3.801551e+01 -5.011594e+01 2.660000e+01
      vertex   -3.854772e+01 -4.982533e+01 2.660000e+01
    endloop
  endfacet
  facet normal 0.000000e+00 0.000000e+00 -1.000000e+00
    outer loop
      vertex   -3.854772e+01 -4.982533e+01 2.660000e+01
      vertex   -3.903316e+01 -4.946194e+01 2.660000e+01
      vertex   -3.625000e+01 -5.050000e+01 2.660000e+01
    endloop
  endfacet
  facet normal 0.000000e+00 0.000000e+00 -1.000000e+00
    outer loop
      vertex   -3.982533e+01 -4.854772e+01 2.660000e+01
      vertex   -4.011594e+01 -4.801551e+01 2.660000e+01
      vertex   -3.120000e+01 -5.050000e+01 2.660000e+01
    endloop
  endfacet
  facet normal 0.000000e+00 0.000000e+00 -1.000000e+00
    outer loop
      vertex   -4.032785e+01 -4.744736e+01 2.660000e+01
      vertex   -4.045674e+01 -4.685484e+01 2.660000e+01
      vertex   -3.040000e+01 -4.441795e+01 2.660000e+01
    endloop
  endfacet
  facet normal 0.000000e+00 0.000000e+00 -1.000000e+00
    outer loop
      vertex   -3.040000e+01 -4.441795e+01 2.660000e+01
      vertex   -4.045674e+01 -4.685484e+01 2.660000e+01
      vertex   -4.050000e+01 -4.625000e+01 2.660000e+01
    endloop
  endfacet
  facet normal -0.000000e+00 0.000000e+00 -1.000000e+00
    outer loop
      vertex   -3.040000e+01 -4.441795e+01 2.660000e+01
      vertex   -4.050000e+01 -4.625000e+01 2.660000e+01
      vertex   -4.050000e+01 -4.120000e+01 2.660000e+01
    endloop
  endfacet
  facet normal 0.000000e+00 0.000000e+00 -1.000000e+00
    outer loop
      vertex   -5.800000e+01 -4.120000e+01 2.660000e+01
      vertex   -3.441795e+01 -4.000000e+01 2.660000e+01
      vertex   -4.050000e+01 -4.120000e+01 2.660000e+01
    endloop
  endfacet
  facet normal 0.000000e+00 0.000000e+00 -1.000000e+00
    outer loop
      vertex   -4.050000e+01 -4.120000e+01 2.660000e+01
      vertex   -3.441795e+01 -4.000000e+01 2.660000e+01
      vertex   -3.441795e+01 -4.040000e+01 2.660000e+01
    endloop
  endfacet
  facet normal 0.000000e+00 0.000000e+00 -1.000000e+00
    outer loop
      vertex   -4.050000e+01 -4.120000e+01 2.660000e+01
      vertex   -3.441795e+01 -4.040000e+01 2.660000e+01
      vertex   -2.944041e+01 -4.272825e+01 2.660000e+01
    endloop
  endfacet
  facet normal 0.000000e+00 0.000000e+00 -1.000000e+00
    outer loop
      vertex   -2.944041e+01 -4.272825e+01 2.660000e+01
      vertex   -3.441795e+01 -4.040000e+01 2.660000e+01
      vertex   -2.940004e+01 -4.223480e+01 2.660000e+01
    endloop
  endfacet
  facet normal 0.000000e+00 0.000000e+00 -1.000000e+00
    outer loop
      vertex   -2.940004e+01 -4.223480e+01 2.660000e+01
      vertex   -3.441795e+01 -4.040000e+01 2.660000e+01
      vertex   -2.944568e+01 -4.174180e+01 2.660000e+01
    endloop
  endfacet
  facet normal 0.000000e+00 0.000000e+00 -1.000000e+00
    outer loop
      vertex   -2.944568e+01 -4.174180e+01 2.660000e+01
      vertex   -3.441795e+01 -4.040000e+01 2.660000e+01
      vertex   -2.957594e+01 -4.126414e+01 2.660000e+01
    endloop
  endfacet
  facet normal 0.000000e+00 0.000000e+00 -1.000000e+00
    outer loop
      vertex   -2.957594e+01 -4.126414e+01 2.660000e+01
      vertex   -3.441795e+01 -4.040000e+01 2.660000e+01
      vertex   -2.978691e+01 -4.081623e+01 2.660000e+01
    endloop
  endfacet
  facet normal 0.000000e+00 0.000000e+00 -1.000000e+00
    outer loop
      vertex   -2.978691e+01 -4.081623e+01 2.660000e+01
      vertex   -3.441795e+01 -4.040000e+01 2.660000e+01
      vertex   -3.225000e+01 -4.000000e+01 2.660000e+01
    endloop
  endfacet
  facet normal 0.000000e+00 0.000000e+00 -1.000000e+00
    outer loop
      vertex   -2.978691e+01 -4.081623e+01 2.660000e+01
      vertex   -3.225000e+01 -4.000000e+01 2.660000e+01
      vertex   -3.007221e+01 -4.041159e+01 2.660000e+01
    endloop
  endfacet
  facet normal 0.000000e+00 0.000000e+00 -1.000000e+00
    outer loop
      vertex   -3.007221e+01 -4.041159e+01 2.660000e+01
      vertex   -3.225000e+01 -4.000000e+01 2.660000e+01
      vertex   -3.042324e+01 -4.006244e+01 2.660000e+01
    endloop
  endfacet
  facet normal 0.000000e+00 0.000000e+00 -1.000000e+00
    outer loop
      vertex   -3.042324e+01 -4.006244e+01 2.660000e+01
      vertex   -3.225000e+01 -4.000000e+01 2.660000e+01
      vertex   -3.082939e+01 -3.977930e+01 2.660000e+01
    endloop
  endfacet
  facet normal -0.000000e+00 0.000000e+00 -1.000000e+00
    outer loop
      vertex   -3.082939e+01 -3.977930e+01 2.660000e+01
      vertex   -3.225000e+01 -4.000000e+01 2.660000e+01
      vertex   -3.127842e+01 -3.957072e+01 2.660000e+01
    endloop
  endfacet
  facet normal -0.000000e+00 0.000000e+00 -1.000000e+00
    outer loop
      vertex   -3.127842e+01 -3.957072e+01 2.660000e+01
      vertex   -3.225000e+01 -4.000000e+01 2.660000e+01
      vertex   -3.175677e+01 -3.944301e+01 2.660000e+01
    endloop
  endfacet
  facet normal -0.000000e+00 0.000000e+00 -1.000000e+00
    outer loop
      vertex   -3.175677e+01 -3.944301e+01 2.660000e+01
      vertex   -3.225000e+01 -4.000000e+01 2.660000e+01
      vertex   -3.225000e+01 -3.940000e+01 2.660000e+01
    endloop
  endfacet
  facet normal 0.000000e+00 0.000000e+00 -1.000000e+00
    outer loop
      vertex   -5.800000e+01 -4.625000e+01 2.660000e+01
      vertex   -6.810000e+01 -4.441795e+01 2.660000e+01
      vertex   -5.800000e+01 -4.120000e+01 2.660000e+01
    endloop
  endfacet
  facet normal 2.441977e-15 -7.664500e-15 -1.000000e+00
    outer loop
      vertex   -5.800000e+01 -4.120000e+01 2.660000e+01
      vertex   -6.810000e+01 -4.441795e+01 2.660000e+01
      vertex   -6.844728e+01 -4.406507e+01 2.660000e+01
    endloop
  endfacet
  facet normal 2.860030e-16 1.971194e-16 -1.000000e+00
    outer loop
      vertex   -5.800000e+01 -4.120000e+01 2.660000e+01
      vertex   -6.844728e+01 -4.406507e+01 2.660000e+01
      vertex   -6.872825e+01 -4.365741e+01 2.660000e+01
    endloop
  endfacet
  facet normal -0.000000e+00 0.000000e+00 -1.000000e+00
    outer loop
      vertex   -5.800000e+01 -4.625000e+01 2.660000e+01
      vertex   -5.804326e+01 -4.685484e+01 2.660000e+01
      vertex   -6.810000e+01 -4.441795e+01 2.660000e+01
    endloop
  endfacet
  facet normal 0.000000e+00 0.000000e+00 -1.000000e+00
    outer loop
      vertex   -6.810000e+01 -4.441795e+01 2.660000e+01
      vertex   -5.804326e+01 -4.685484e+01 2.660000e+01
      vertex   -5.817215e+01 -4.744736e+01 2.660000e+01
    endloop
  endfacet
  facet normal 0.000000e+00 0.000000e+00 -1.000000e+00
    outer loop
      vertex   -6.810000e+01 -4.441795e+01 2.660000e+01
      vertex   -5.817215e+01 -4.744736e+01 2.660000e+01
      vertex   -5.838406e+01 -4.801551e+01 2.660000e+01
    endloop
  endfacet
  facet normal 0.000000e+00 0.000000e+00 -1.000000e+00
    outer loop
      vertex   -6.810000e+01 -4.441795e+01 2.660000e+01
      vertex   -5.838406e+01 -4.801551e+01 2.660000e+01
      vertex   -6.730000e+01 -5.050000e+01 2.660000e+01
    endloop
  endfacet
  facet normal 0.000000e+00 0.000000e+00 -1.000000e+00
    outer loop
      vertex   -6.730000e+01 -5.050000e+01 2.660000e+01
      vertex   -5.838406e+01 -4.801551e+01 2.660000e+01
      vertex   -5.867467e+01 -4.854772e+01 2.660000e+01
    endloop
  endfacet
  facet normal 0.000000e+00 0.000000e+00 -1.000000e+00
    outer loop
      vertex   -6.730000e+01 -5.050000e+01 2.660000e+01
      vertex   -5.867467e+01 -4.854772e+01 2.660000e+01
      vertex   -5.903806e+01 -4.903316e+01 2.660000e+01
    endloop
  endfacet
  facet normal 0.000000e+00 0.000000e+00 -1.000000e+00
    outer loop
      vertex   -5.903806e+01 -4.903316e+01 2.660000e+01
      vertex   -5.946684e+01 -4.946194e+01 2.660000e+01
      vertex   -6.730000e+01 -5.050000e+01 2.660000e+01
    endloop
  endfacet
  facet normal 0.000000e+00 0.000000e+00 -1.000000e+00
    outer loop
      vertex   -6.730000e+01 -5.050000e+01 2.660000e+01
      vertex   -5.946684e+01 -4.946194e+01 2.660000e+01
      vertex   -6.225000e+01 -5.050000e+01 2.660000e+01
    endloop
  endfacet
  facet normal 0.000000e+00 0.000000e+00 -1.000000e+00
    outer loop
      vertex   -6.225000e+01 -5.050000e+01 2.660000e+01
      vertex   -5.946684e+01 -4.946194e+01 2.660000e+01
      vertex   -5.995228e+01 -4.982533e+01 2.660000e+01
    endloop
  endfacet
  facet normal 0.000000e+00 0.000000e+00 -1.000000e+00
    outer loop
      vertex   -6.225000e+01 -5.050000e+01 2.660000e+01
      vertex   -5.995228e+01 -4.982533e+01 2.660000e+01
      vertex   -6.048449e+01 -5.011594e+01 2.660000e+01
    endloop
  endfacet
  facet normal 0.000000e+00 0.000000e+00 -1.000000e+00
    outer loop
      vertex   -6.048449e+01 -5.011594e+01 2.660000e+01
      vertex   -6.105264e+01 -5.032785e+01 2.660000e+01
      vertex   -6.225000e+01 -5.050000e+01 2.660000e+01
    endloop
  endfacet
  facet normal 0.000000e+00 0.000000e+00 -1.000000e+00
    outer loop
      vertex   -6.225000e+01 -5.050000e+01 2.660000e+01
      vertex   -6.105264e+01 -5.032785e+01 2.660000e+01
      vertex   -6.164516e+01 -5.045674e+01 2.660000e+01
    endloop
  endfacet
  facet normal -0.000000e+00 -1.231829e-07 -1.000000e+00
    outer loop
      vertex   -6.730000e+01 -5.425000e+01 2.660000e+01
      vertex   -6.880000e+01 -5.425000e+01 2.660000e+01
      vertex   -6.730000e+01 -5.050000e+01 2.660000e+01
    endloop
  endfacet
  facet normal -1.905007e-07 -4.698267e-08 -1.000000e+00
    outer loop
      vertex   -6.730000e+01 -5.050000e+01 2.660000e+01
      vertex   -6.880000e+01 -5.425000e+01 2.660000e+01
      vertex   -6.880000e+01 -4.441795e+01 2.660000e+01
    endloop
  endfacet
  facet normal 0.000000e+00 0.000000e+00 -1.000000e+00
    outer loop
      vertex   -6.730000e+01 -5.050000e+01 2.660000e+01
      vertex   -6.880000e+01 -4.441795e+01 2.660000e+01
      vertex   -6.810000e+01 -4.441795e+01 2.660000e+01
    endloop
  endfacet
  facet normal 2.997104e-16 1.372777e-16 -1.000000e+00
    outer loop
      vertex   -6.872825e+01 -4.365741e+01 2.660000e+01
      vertex   -6.893442e+01 -4.320727e+01 2.660000e+01
      vertex   -5.800000e+01 -4.120000e+01 2.660000e+01
    endloop
  endfacet
  facet normal 3.100396e-16 8.100997e-17 -1.000000e+00
    outer loop
      vertex   -5.800000e+01 -4.120000e+01 2.660000e+01
      vertex   -6.893442e+01 -4.320727e+01 2.660000e+01
      vertex   -6.905959e+01 -4.272825e+01 2.660000e+01
    endloop
  endfacet
  facet normal 1.566576e-16 1.190999e-15 -1.000000e+00
    outer loop
      vertex   -5.800000e+01 -4.120000e+01 2.660000e+01
      vertex   -6.905959e+01 -4.272825e+01 2.660000e+01
      vertex   -6.408205e+01 -4.040000e+01 2.660000e+01
    endloop
  endfacet
  facet normal 6.874413e-16 5.624426e-17 -1.000000e+00
    outer loop
      vertex   -6.408205e+01 -4.040000e+01 2.660000e+01
      vertex   -6.905959e+01 -4.272825e+01 2.660000e+01
      vertex   -6.909996e+01 -4.223480e+01 2.660000e+01
    endloop
  endfacet
  facet normal 7.328108e-16 -6.783497e-17 -1.000000e+00
    outer loop
      vertex   -6.408205e+01 -4.040000e+01 2.660000e+01
      vertex   -6.909996e+01 -4.223480e+01 2.660000e+01
      vertex   -6.905432e+01 -4.174180e+01 2.660000e+01
    endloop
  endfacet
  facet normal 7.712666e-16 -2.103398e-16 -1.000000e+00
    outer loop
      vertex   -6.905432e+01 -4.174180e+01 2.660000e+01
      vertex   -6.892406e+01 -4.126414e+01 2.660000e+01
      vertex   -6.408205e+01 -4.040000e+01 2.660000e+01
    endloop
  endfacet
  facet normal 8.010648e-16 -3.773072e-16 -1.000000e+00
    outer loop
      vertex   -6.408205e+01 -4.040000e+01 2.660000e+01
      vertex   -6.892406e+01 -4.126414e+01 2.660000e+01
      vertex   -6.871309e+01 -4.081623e+01 2.660000e+01
    endloop
  endfacet
  facet normal 5.158615e-16 2.795903e-15 -1.000000e+00
    outer loop
      vertex   -6.408205e+01 -4.040000e+01 2.660000e+01
      vertex   -6.871309e+01 -4.081623e+01 2.660000e+01
      vertex   -6.625000e+01 -4.000000e+01 2.660000e+01
    endloop
  endfacet
  facet normal 1.882150e-15 -1.327062e-15 -1.000000e+00
    outer loop
      vertex   -6.625000e+01 -4.000000e+01 2.660000e+01
      vertex   -6.871309e+01 -4.081623e+01 2.660000e+01
      vertex   -6.842779e+01 -4.041159e+01 2.660000e+01
    endloop
  endfacet
  facet normal 2.014018e-15 -2.024792e-15 -1.000000e+00
    outer loop
      vertex   -6.625000e+01 -4.000000e+01 2.660000e+01
      vertex   -6.842779e+01 -4.041159e+01 2.660000e+01
      vertex   -6.807676e+01 -4.006244e+01 2.660000e+01
    endloop
  endfacet
  facet normal 2.045080e-15 -2.933612e-15 -1.000000e+00
    outer loop
      vertex   -6.807676e+01 -4.006244e+01 2.660000e+01
      vertex   -6.767061e+01 -3.977930e+01 2.660000e+01
      vertex   -6.625000e+01 -4.000000e+01 2.660000e+01
    endloop
  endfacet
  facet normal 1.874047e-15 -4.034507e-15 -1.000000e+00
    outer loop
      vertex   -6.625000e+01 -4.000000e+01 2.660000e+01
      vertex   -6.767061e+01 -3.977930e+01 2.660000e+01
      vertex   -6.722158e+01 -3.957072e+01 2.660000e+01
    endloop
  endfacet
  facet normal 1.377349e-15 -5.158680e-15 -1.000000e+00
    outer loop
      vertex   -6.625000e+01 -4.000000e+01 2.660000e+01
      vertex   -6.722158e+01 -3.957072e+01 2.660000e+01
      vertex   -6.674323e+01 -3.944301e+01 2.660000e+01
    endloop
  endfacet
  facet normal 7.202905e-15 0.000000e+00 -1.000000e+00
    outer loop
      vertex   -6.674323e+01 -3.944301e+01 2.660000e+01
      vertex   -6.625000e+01 -3.940000e+01 2.660000e+01
      vertex   -6.625000e+01 -4.000000e+01 2.660000e+01
    endloop
  endfacet
  facet normal 0.000000e+00 2.870734e-14 -1.000000e+00
    outer loop
      vertex   -6.450071e+01 -4.000000e+01 2.660000e+01
      vertex   -6.435222e+01 -4.012376e+01 2.660000e+01
      vertex   -6.625000e+01 -4.000000e+01 2.660000e+01
    endloop
  endfacet
  facet normal -2.009164e-15 -2.102906e-15 -1.000000e+00
    outer loop
      vertex   -6.625000e+01 -4.000000e+01 2.660000e+01
      vertex   -6.435222e+01 -4.012376e+01 2.660000e+01
      vertex   -6.421245e+01 -4.025729e+01 2.660000e+01
    endloop
  endfacet
  facet normal -5.524777e-15 -2.994358e-14 -1.000000e+00
    outer loop
      vertex   -6.625000e+01 -4.000000e+01 2.660000e+01
      vertex   -6.421245e+01 -4.025729e+01 2.660000e+01
      vertex   -6.408205e+01 -4.040000e+01 2.660000e+01
    endloop
  endfacet
  facet normal 0.000000e+00 0.000000e+00 -1.000000e+00
    outer loop
      vertex   -6.408205e+01 -4.040000e+01 2.660000e+01
      vertex   -6.408205e+01 -4.000000e+01 2.660000e+01
      vertex   -5.800000e+01 -4.120000e+01 2.660000e+01
    endloop
  endfacet
  facet normal 0.000000e+00 0.000000e+00 -1.000000e+00
    outer loop
      vertex   -5.800000e+01 -4.120000e+01 2.660000e+01
      vertex   -6.408205e+01 -4.000000e+01 2.660000e+01
      vertex   -3.441795e+01 -4.000000e+01 2.660000e+01
    endloop
  endfacet
  facet normal 0.000000e+00 0.000000e+00 -1.000000e+00
    outer loop
      vertex   -3.441795e+01 -4.040000e+01 2.660000e+01
      vertex   -3.428755e+01 -4.025729e+01 2.660000e+01
      vertex   -3.225000e+01 -4.000000e+01 2.660000e+01
    endloop
  endfacet
  facet normal 0.000000e+00 0.000000e+00 -1.000000e+00
    outer loop
      vertex   -3.225000e+01 -4.000000e+01 2.660000e+01
      vertex   -3.428755e+01 -4.025729e+01 2.660000e+01
      vertex   -3.414778e+01 -4.012376e+01 2.660000e+01
    endloop
  endfacet
  facet normal -0.000000e+00 0.000000e+00 -1.000000e+00
    outer loop
      vertex   -3.225000e+01 -4.000000e+01 2.660000e+01
      vertex   -3.414778e+01 -4.012376e+01 2.660000e+01
      vertex   -3.399929e+01 -4.000000e+01 2.660000e+01
    endloop
  endfacet
  facet normal -0.000000e+00 0.000000e+00 -1.000000e+00
    outer loop
      vertex   -2.944041e+01 -4.272825e+01 2.660000e+01
      vertex   -2.956558e+01 -4.320727e+01 2.660000e+01
      vertex   -4.050000e+01 -4.120000e+01 2.660000e+01
    endloop
  endfacet
  facet normal 0.000000e+00 0.000000e+00 -1.000000e+00
    outer loop
      vertex   -4.050000e+01 -4.120000e+01 2.660000e+01
      vertex   -2.956558e+01 -4.320727e+01 2.660000e+01
      vertex   -2.977175e+01 -4.365741e+01 2.660000e+01
    endloop
  endfacet
  facet normal 0.000000e+00 0.000000e+00 -1.000000e+00
    outer loop
      vertex   -4.050000e+01 -4.120000e+01 2.660000e+01
      vertex   -2.977175e+01 -4.365741e+01 2.660000e+01
      vertex   -3.005272e+01 -4.406507e+01 2.660000e+01
    endloop
  endfacet
  facet normal -0.000000e+00 0.000000e+00 -1.000000e+00
    outer loop
      vertex   -3.005272e+01 -4.406507e+01 2.660000e+01
      vertex   -3.040000e+01 -4.441795e+01 2.660000e+01
      vertex   -4.050000e+01 -4.120000e+01 2.660000e+01
    endloop
  endfacet
  facet normal -1.000000e+00 0.000000e+00 0.000000e+00
    outer loop
      vertex   -5.470000e+01 -5.475000e+01 -4.000000e+00
      vertex   -5.470000e+01 -5.475000e+01 -1.000000e+00
      vertex   -5.470000e+01 -5.025000e+01 -4.000000e+00
    endloop
  endfacet
  facet normal -1.000000e+00 0.000000e+00 0.000000e+00
    outer loop
      vertex   -5.470000e+01 -5.025000e+01 -4.000000e+00
      vertex   -5.470000e+01 -5.475000e+01 -1.000000e+00
      vertex   -5.470000e+01 -5.025000e+01 -1.000000e+00
    endloop
  endfacet
  facet normal 1.000000e+00 0.000000e+00 0.000000e+00
    outer loop
      vertex   -3.065000e+01 -4.225000e+01 -2.400000e+00
      vertex   -3.065000e+01 -7.625000e+01 -2.400000e+00
      vertex   -3.065000e+01 -4.225000e+01 -4.000000e+00
    endloop
  endfacet
  facet normal 1.000000e+00 0.000000e+00 0.000000e+00
    outer loop
      vertex   -3.065000e+01 -4.225000e+01 -4.000000e+00
      vertex   -3.065000e+01 -7.625000e+01 -2.400000e+00
      vertex   -3.065000e+01 -7.625000e+01 -4.000000e+00
    endloop
  endfacet
  facet normal 9.937122e-01 -1.119645e-01 0.000000e+00
    outer loop
      vertex   -3.065000e+01 -7.625000e+01 -4.000000e+00
      vertex   -3.065000e+01 -7.625000e+01 -2.400000e+00
      vertex   -3.069012e+01 -7.660603e+01 -4.000000e+00
    endloop
  endfacet
  facet normal 9.937122e-01 -1.119645e-01 0.000000e+00
    outer loop
      vertex   -3.069012e+01 -7.660603e+01 -4.000000e+00
      vertex   -3.065000e+01 -7.625000e+01 -2.400000e+00
      vertex   -3.069012e+01 -7.660603e+01 -2.400000e+00
    endloop
  endfacet
  facet normal 9.438833e-01 -3.302791e-01 0.000000e+00
    outer loop
      vertex   -3.069012e+01 -7.660603e+01 -4.000000e+00
      vertex   -3.069012e+01 -7.660603e+01 -2.400000e+00
      vertex   -3.080845e+01 -7.694421e+01 -4.000000e+00
    endloop
  endfacet
  facet normal 9.438833e-01 -3.302791e-01 0.000000e+00
    outer loop
      vertex   -3.080845e+01 -7.694421e+01 -4.000000e+00
      vertex   -3.069012e+01 -7.660603e+01 -2.400000e+00
      vertex   -3.080845e+01 -7.694421e+01 -2.400000e+00
    endloop
  endfacet
  facet normal 8.467242e-01 -5.320321e-01 0.000000e+00
    outer loop
      vertex   -3.080845e+01 -7.694421e+01 -4.000000e+00
      vertex   -3.080845e+01 -7.694421e+01 -2.400000e+00
      vertex   -3.099907e+01 -7.724758e+01 -4.000000e+00
    endloop
  endfacet
  facet normal 8.467242e-01 -5.320321e-01 0.000000e+00
    outer loop
      vertex   -3.099907e+01 -7.724758e+01 -4.000000e+00
      vertex   -3.080845e+01 -7.694421e+01 -2.400000e+00
      vertex   -3.099907e+01 -7.724758e+01 -2.400000e+00
    endloop
  endfacet
  facet normal 7.071068e-01 -7.071068e-01 0.000000e+00
    outer loop
      vertex   -3.099907e+01 -7.724758e+01 -4.000000e+00
      vertex   -3.099907e+01 -7.724758e+01 -2.400000e+00
      vertex   -3.125242e+01 -7.750093e+01 -4.000000e+00
    endloop
  endfacet
  facet normal 7.071068e-01 -7.071068e-01 0.000000e+00
    outer loop
      vertex   -3.125242e+01 -7.750093e+01 -4.000000e+00
      vertex   -3.099907e+01 -7.724758e+01 -2.400000e+00
      vertex   -3.125242e+01 -7.750093e+01 -2.400000e+00
    endloop
  endfacet
  facet normal 5.320321e-01 -8.467242e-01 0.000000e+00
    outer loop
      vertex   -3.125242e+01 -7.750093e+01 -4.000000e+00
      vertex   -3.125242e+01 -7.750093e+01 -2.400000e+00
      vertex   -3.155579e+01 -7.769155e+01 -4.000000e+00
    endloop
  endfacet
  facet normal 5.320321e-01 -8.467242e-01 0.000000e+00
    outer loop
      vertex   -3.155579e+01 -7.769155e+01 -4.000000e+00
      vertex   -3.125242e+01 -7.750093e+01 -2.400000e+00
      vertex   -3.155579e+01 -7.769155e+01 -2.400000e+00
    endloop
  endfacet
  facet normal 3.302791e-01 -9.438833e-01 0.000000e+00
    outer loop
      vertex   -3.155579e+01 -7.769155e+01 -4.000000e+00
      vertex   -3.155579e+01 -7.769155e+01 -2.400000e+00
      vertex   -3.189397e+01 -7.780988e+01 -4.000000e+00
    endloop
  endfacet
  facet normal 3.302791e-01 -9.438833e-01 0.000000e+00
    outer loop
      vertex   -3.189397e+01 -7.780988e+01 -4.000000e+00
      vertex   -3.155579e+01 -7.769155e+01 -2.400000e+00
      vertex   -3.189397e+01 -7.780988e+01 -2.400000e+00
    endloop
  endfacet
  facet normal 1.119645e-01 -9.937122e-01 0.000000e+00
    outer loop
      vertex   -3.189397e+01 -7.780988e+01 -4.000000e+00
      vertex   -3.189397e+01 -7.780988e+01 -2.400000e+00
      vertex   -3.225000e+01 -7.785000e+01 -4.000000e+00
    endloop
  endfacet
  facet normal 1.119645e-01 -9.937122e-01 0.000000e+00
    outer loop
      vertex   -3.225000e+01 -7.785000e+01 -4.000000e+00
      vertex   -3.189397e+01 -7.780988e+01 -2.400000e+00
      vertex   -3.225000e+01 -7.785000e+01 -2.400000e+00
    endloop
  endfacet
  facet normal -1.000000e+00 0.000000e+00 0.000000e+00
    outer loop
      vertex   -3.970000e+01 -5.475000e+01 -4.000000e+00
      vertex   -3.970000e+01 -5.475000e+01 -1.000000e+00
      vertex   -3.970000e+01 -4.975000e+01 -4.000000e+00
    endloop
  endfacet
  facet normal -1.000000e+00 0.000000e+00 0.000000e+00
    outer loop
      vertex   -3.970000e+01 -4.975000e+01 -4.000000e+00
      vertex   -3.970000e+01 -5.475000e+01 -1.000000e+00
      vertex   -3.970000e+01 -4.975000e+01 -1.000000e+00
    endloop
  endfacet
  facet normal -0.000000e+00 1.000000e+00 0.000000e+00
    outer loop
      vertex   -4.670000e+01 -5.475000e+01 -1.000000e+00
      vertex   -3.970000e+01 -5.475000e+01 -1.000000e+00
      vertex   -4.670000e+01 -5.475000e+01 -4.000000e+00
    endloop
  endfacet
  facet normal 0.000000e+00 1.000000e+00 0.000000e+00
    outer loop
      vertex   -4.670000e+01 -5.475000e+01 -4.000000e+00
      vertex   -3.970000e+01 -5.475000e+01 -1.000000e+00
      vertex   -3.970000e+01 -5.475000e+01 -4.000000e+00
    endloop
  endfacet
  facet normal -0.000000e+00 1.000000e+00 0.000000e+00
    outer loop
      vertex   -6.170000e+01 -5.475000e+01 -1.000000e+00
      vertex   -5.470000e+01 -5.475000e+01 -1.000000e+00
      vertex   -6.170000e+01 -5.475000e+01 -4.000000e+00
    endloop
  endfacet
  facet normal 0.000000e+00 1.000000e+00 0.000000e+00
    outer loop
      vertex   -6.170000e+01 -5.475000e+01 -4.000000e+00
      vertex   -5.470000e+01 -5.475000e+01 -1.000000e+00
      vertex   -5.470000e+01 -5.475000e+01 -4.000000e+00
    endloop
  endfacet
  facet normal 0.000000e+00 -1.000000e+00 0.000000e+00
    outer loop
      vertex   -5.470000e+01 -6.275000e+01 -4.000000e+00
      vertex   -5.470000e+01 -6.275000e+01 -1.000000e+00
      vertex   -6.170000e+01 -6.275000e+01 -4.000000e+00
    endloop
  endfacet
  facet normal 0.000000e+00 -1.000000e+00 0.000000e+00
    outer loop
      vertex   -6.170000e+01 -6.275000e+01 -4.000000e+00
      vertex   -5.470000e+01 -6.275000e+01 -1.000000e+00
      vertex   -6.170000e+01 -6.275000e+01 -1.000000e+00
    endloop
  endfacet
  facet normal -1.000000e+00 0.000000e+00 0.000000e+00
    outer loop
      vertex   -5.470000e+01 -6.775000e+01 -4.000000e+00
      vertex   -5.470000e+01 -6.775000e+01 -1.000000e+00
      vertex   -5.470000e+01 -6.275000e+01 -4.000000e+00
    endloop
  endfacet
  facet normal -1.000000e+00 0.000000e+00 0.000000e+00
    outer loop
      vertex   -5.470000e+01 -6.275000e+01 -4.000000e+00
      vertex   -5.470000e+01 -6.775000e+01 -1.000000e+00
      vertex   -5.470000e+01 -6.275000e+01 -1.000000e+00
    endloop
  endfacet
  facet normal 0.000000e+00 0.000000e+00 1.000000e+00
    outer loop
      vertex   -5.470000e+01 -6.775000e+01 -1.000000e+00
      vertex   -4.670000e+01 -6.775000e+01 -1.000000e+00
      vertex   -5.470000e+01 -6.275000e+01 -1.000000e+00
    endloop
  endfacet
  facet normal -0.000000e+00 0.000000e+00 1.000000e+00
    outer loop
      vertex   -5.470000e+01 -6.275000e+01 -1.000000e+00
      vertex   -4.670000e+01 -6.775000e+01 -1.000000e+00
      vertex   -4.670000e+01 -6.275000e+01 -1.000000e+00
    endloop
  endfacet
  facet normal 0.000000e+00 0.000000e+00 1.000000e+00
    outer loop
      vertex   -5.470000e+01 -6.275000e+01 -1.000000e+00
      vertex   -4.670000e+01 -6.275000e+01 -1.000000e+00
      vertex   -5.470000e+01 -5.475000e+01 -1.000000e+00
    endloop
  endfacet
  facet normal 0.000000e+00 0.000000e+00 1.000000e+00
    outer loop
      vertex   -5.470000e+01 -5.475000e+01 -1.000000e+00
      vertex   -4.670000e+01 -6.275000e+01 -1.000000e+00
      vertex   -4.670000e+01 -5.475000e+01 -1.000000e+00
    endloop
  endfacet
  facet normal -0.000000e+00 0.000000e+00 1.000000e+00
    outer loop
      vertex   -5.470000e+01 -5.475000e+01 -1.000000e+00
      vertex   -4.670000e+01 -5.475000e+01 -1.000000e+00
      vertex   -5.470000e+01 -5.025000e+01 -1.000000e+00
    endloop
  endfacet
  facet normal -0.000000e+00 0.000000e+00 1.000000e+00
    outer loop
      vertex   -5.470000e+01 -5.025000e+01 -1.000000e+00
      vertex   -4.670000e+01 -5.475000e+01 -1.000000e+00
      vertex   -4.670000e+01 -4.975000e+01 -1.000000e+00
    endloop
  endfacet
  facet normal 0.000000e+00 -0.000000e+00 1.000000e+00
    outer loop
      vertex   -5.470000e+01 -5.025000e+01 -1.000000e+00
      vertex   -4.670000e+01 -4.975000e+01 -1.000000e+00
      vertex   -6.625000e+01 -3.970000e+01 -1.000000e+00
    endloop
  endfacet
  facet normal -0.000000e+00 0.000000e+00 1.000000e+00
    outer loop
      vertex   -6.625000e+01 -3.970000e+01 -1.000000e+00
      vertex   -4.670000e+01 -4.975000e+01 -1.000000e+00
      vertex   -3.225000e+01 -3.970000e+01 -1.000000e+00
    endloop
  endfacet
  facet normal 0.000000e+00 0.000000e+00 1.000000e+00
    outer loop
      vertex   -3.225000e+01 -3.970000e+01 -1.000000e+00
      vertex   -4.670000e+01 -4.975000e+01 -1.000000e+00
      vertex   -3.970000e+01 -4.975000e+01 -1.000000e+00
    endloop
  endfacet
  facet normal 0.000000e+00 0.000000e+00 1.000000e+00
    outer loop
      vertex   -3.225000e+01 -3.970000e+01 -1.000000e+00
      vertex   -3.970000e+01 -4.975000e+01 -1.000000e+00
      vertex   -2.970000e+01 -4.225000e+01 -1.000000e+00
    endloop
  endfacet
  facet normal 0.000000e+00 0.000000e+00 1.000000e+00
    outer loop
      vertex   -2.970000e+01 -4.225000e+01 -1.000000e+00
      vertex   -3.970000e+01 -4.975000e+01 -1.000000e+00
      vertex   -3.970000e+01 -5.475000e+01 -1.000000e+00
    endloop
  endfacet
  facet normal 0.000000e+00 0.000000e+00 1.000000e+00
    outer loop
      vertex   -2.970000e+01 -4.225000e+01 -1.000000e+00
      vertex   -3.970000e+01 -5.475000e+01 -1.000000e+00
      vertex   -3.970000e+01 -6.275000e+01 -1.000000e+00
    endloop
  endfacet
  facet normal 0.000000e+00 -0.000000e+00 1.000000e+00
    outer loop
      vertex   -3.970000e+01 -6.275000e+01 -1.000000e+00
      vertex   -3.970000e+01 -5.475000e+01 -1.000000e+00
      vertex   -4.670000e+01 -5.475000e+01 -1.000000e+00
    endloop
  endfacet
  facet normal 0.000000e+00 0.000000e+00 1.000000e+00
    outer loop
      vertex   -3.970000e+01 -6.275000e+01 -1.000000e+00
      vertex   -4.670000e+01 -5.475000e+01 -1.000000e+00
      vertex   -4.670000e+01 -6.275000e+01 -1.000000e+00
    endloop
  endfacet
  facet normal 0.000000e+00 0.000000e+00 1.000000e+00
    outer loop
      vertex   -4.670000e+01 -6.775000e+01 -1.000000e+00
      vertex   -5.470000e+01 -6.775000e+01 -1.000000e+00
      vertex   -6.625000e+01 -7.880000e+01 -1.000000e+00
    endloop
  endfacet
  facet normal 0.000000e+00 0.000000e+00 1.000000e+00
    outer loop
      vertex   -6.625000e+01 -7.880000e+01 -1.000000e+00
      vertex   -5.470000e+01 -6.775000e+01 -1.000000e+00
      vertex   -6.170000e+01 -6.775000e+01 -1.000000e+00
    endloop
  endfacet
  facet normal 0.000000e+00 -0.000000e+00 1.000000e+00
    outer loop
      vertex   -6.625000e+01 -7.880000e+01 -1.000000e+00
      vertex   -6.170000e+01 -6.775000e+01 -1.000000e+00
      vertex   -6.880000e+01 -7.625000e+01 -1.000000e+00
    endloop
  endfacet
  facet normal 0.000000e+00 0.000000e+00 1.000000e+00
    outer loop
      vertex   -6.880000e+01 -7.625000e+01 -1.000000e+00
      vertex   -6.170000e+01 -6.775000e+01 -1.000000e+00
      vertex   -6.170000e+01 -6.275000e+01 -1.000000e+00
    endloop
  endfacet
  facet normal 0.000000e+00 0.000000e+00 1.000000e+00
    outer loop
      vertex   -6.880000e+01 -7.625000e+01 -1.000000e+00
      vertex   -6.170000e+01 -6.275000e+01 -1.000000e+00
      vertex   -6.880000e+01 -4.225000e+01 -1.000000e+00
    endloop
  endfacet
  facet normal 0.000000e+00 0.000000e+00 1.000000e+00
    outer loop
      vertex   -6.880000e+01 -4.225000e+01 -1.000000e+00
      vertex   -6.170000e+01 -6.275000e+01 -1.000000e+00
      vertex   -6.170000e+01 -5.475000e+01 -1.000000e+00
    endloop
  endfacet
  facet normal 0.000000e+00 0.000000e+00 1.000000e+00
    outer loop
      vertex   -6.880000e+01 -4.225000e+01 -1.000000e+00
      vertex   -6.170000e+01 -5.475000e+01 -1.000000e+00
      vertex   -6.170000e+01 -5.025000e+01 -1.000000e+00
    endloop
  endfacet
  facet normal 0.000000e+00 0.000000e+00 1.000000e+00
    outer loop
      vertex   -6.170000e+01 -6.275000e+01 -1.000000e+00
      vertex   -5.470000e+01 -6.275000e+01 -1.000000e+00
      vertex   -6.170000e+01 -5.475000e+01 -1.000000e+00
    endloop
  endfacet
  facet normal -0.000000e+00 0.000000e+00 1.000000e+00
    outer loop
      vertex   -6.170000e+01 -5.475000e+01 -1.000000e+00
      vertex   -5.470000e+01 -6.275000e+01 -1.000000e+00
      vertex   -5.470000e+01 -5.475000e+01 -1.000000e+00
    endloop
  endfacet
  facet normal 0.000000e+00 0.000000e+00 1.000000e+00
    outer loop
      vertex   -2.970000e+01 -4.225000e+01 -1.000000e+00
      vertex   -3.970000e+01 -6.275000e+01 -1.000000e+00
      vertex   -2.970000e+01 -7.625000e+01 -1.000000e+00
    endloop
  endfacet
  facet normal 0.000000e+00 0.000000e+00 1.000000e+00
    outer loop
      vertex   -2.970000e+01 -7.625000e+01 -1.000000e+00
      vertex   -3.970000e+01 -6.275000e+01 -1.000000e+00
      vertex   -3.970000e+01 -6.775000e+01 -1.000000e+00
    endloop
  endfacet
  facet normal 0.000000e+00 0.000000e+00 1.000000e+00
    outer loop
      vertex   -2.970000e+01 -7.625000e+01 -1.000000e+00
      vertex   -3.970000e+01 -6.775000e+01 -1.000000e+00
      vertex   -3.225000e+01 -7.880000e+01 -1.000000e+00
    endloop
  endfacet
  facet normal 0.000000e+00 0.000000e+00 1.000000e+00
    outer loop
      vertex   -3.225000e+01 -7.880000e+01 -1.000000e+00
      vertex   -3.970000e+01 -6.775000e+01 -1.000000e+00
      vertex   -4.670000e+01 -6.775000e+01 -1.000000e+00
    endloop
  endfacet
  facet normal 0.000000e+00 0.000000e+00 1.000000e+00
    outer loop
      vertex   -3.225000e+01 -7.880000e+01 -1.000000e+00
      vertex   -4.670000e+01 -6.775000e+01 -1.000000e+00
      vertex   -6.625000e+01 -7.880000e+01 -1.000000e+00
    endloop
  endfacet
  facet normal -0.000000e+00 0.000000e+00 1.000000e+00
    outer loop
      vertex   -6.880000e+01 -4.225000e+01 -1.000000e+00
      vertex   -6.170000e+01 -5.025000e+01 -1.000000e+00
      vertex   -6.625000e+01 -3.970000e+01 -1.000000e+00
    endloop
  endfacet
  facet normal 0.000000e+00 0.000000e+00 1.000000e+00
    outer loop
      vertex   -6.625000e+01 -3.970000e+01 -1.000000e+00
      vertex   -6.170000e+01 -5.025000e+01 -1.000000e+00
      vertex   -5.470000e+01 -5.025000e+01 -1.000000e+00
    endloop
  endfacet
  facet normal 0.000000e+00 0.000000e+00 1.000000e+00
    outer loop
      vertex   -3.225000e+01 -7.880000e+01 -1.000000e+00
      vertex   -3.180720e+01 -7.876126e+01 -1.000000e+00
      vertex   -2.970000e+01 -7.625000e+01 -1.000000e+00
    endloop
  endfacet
  facet normal 0.000000e+00 0.000000e+00 1.000000e+00
    outer loop
      vertex   -2.970000e+01 -7.625000e+01 -1.000000e+00
      vertex   -3.180720e+01 -7.876126e+01 -1.000000e+00
      vertex   -3.137785e+01 -7.864622e+01 -1.000000e+00
    endloop
  endfacet
  facet normal 0.000000e+00 0.000000e+00 1.000000e+00
    outer loop
      vertex   -2.970000e+01 -7.625000e+01 -1.000000e+00
      vertex   -3.137785e+01 -7.864622e+01 -1.000000e+00
      vertex   -3.097500e+01 -7.845836e+01 -1.000000e+00
    endloop
  endfacet
  facet normal 0.000000e+00 0.000000e+00 1.000000e+00
    outer loop
      vertex   -3.097500e+01 -7.845836e+01 -1.000000e+00
      vertex   -3.061089e+01 -7.820341e+01 -1.000000e+00
      vertex   -2.970000e+01 -7.625000e+01 -1.000000e+00
    endloop
  endfacet
  facet normal 0.000000e+00 0.000000e+00 1.000000e+00
    outer loop
      vertex   -2.970000e+01 -7.625000e+01 -1.000000e+00
      vertex   -3.061089e+01 -7.820341e+01 -1.000000e+00
      vertex   -3.029659e+01 -7.788911e+01 -1.000000e+00
    endloop
  endfacet
  facet normal 0.000000e+00 0.000000e+00 1.000000e+00
    outer loop
      vertex   -2.970000e+01 -7.625000e+01 -1.000000e+00
      vertex   -3.029659e+01 -7.788911e+01 -1.000000e+00
      vertex   -3.004164e+01 -7.752500e+01 -1.000000e+00
    endloop
  endfacet
  facet normal 0.000000e+00 0.000000e+00 1.000000e+00
    outer loop
      vertex   -3.004164e+01 -7.752500e+01 -1.000000e+00
      vertex   -2.985378e+01 -7.712215e+01 -1.000000e+00
      vertex   -2.970000e+01 -7.625000e+01 -1.000000e+00
    endloop
  endfacet
  facet normal 0.000000e+00 0.000000e+00 1.000000e+00
    outer loop
      vertex   -2.970000e+01 -7.625000e+01 -1.000000e+00
      vertex   -2.985378e+01 -7.712215e+01 -1.000000e+00
      vertex   -2.973874e+01 -7.669280e+01 -1.000000e+00
    endloop
  endfacet
  facet normal 0.000000e+00 0.000000e+00 1.000000e+00
    outer loop
      vertex   -2.970000e+01 -4.225000e+01 -1.000000e+00
      vertex   -2.973874e+01 -4.180720e+01 -1.000000e+00
      vertex   -3.225000e+01 -3.970000e+01 -1.000000e+00
    endloop
  endfacet
  facet normal 0.000000e+00 0.000000e+00 1.000000e+00
    outer loop
      vertex   -3.225000e+01 -3.970000e+01 -1.000000e+00
      vertex   -2.973874e+01 -4.180720e+01 -1.000000e+00
      vertex   -2.985378e+01 -4.137785e+01 -1.000000e+00
    endloop
  endfacet
  facet normal 0.000000e+00 0.000000e+00 1.000000e+00
    outer loop
      vertex   -3.225000e+01 -3.970000e+01 -1.000000e+00
      vertex   -2.985378e+01 -4.137785e+01 -1.000000e+00
      vertex   -3.004164e+01 -4.097500e+01 -1.000000e+00
    endloop
  endfacet
  facet normal 0.000000e+00 0.000000e+00 1.000000e+00
    outer loop
      vertex   -3.004164e+01 -4.097500e+01 -1.000000e+00
      vertex   -3.029659e+01 -4.061089e+01 -1.000000e+00
      vertex   -3.225000e+01 -3.970000e+01 -1.000000e+00
    endloop
  endfacet
  facet normal 0.000000e+00 0.000000e+00 1.000000e+00
    outer loop
      vertex   -3.225000e+01 -3.970000e+01 -1.000000e+00
      vertex   -3.029659e+01 -4.061089e+01 -1.000000e+00
      vertex   -3.061089e+01 -4.029659e+01 -1.000000e+00
    endloop
  endfacet
  facet normal 0.000000e+00 0.000000e+00 1.000000e+00
    outer loop
      vertex   -3.225000e+01 -3.970000e+01 -1.000000e+00
      vertex   -3.061089e+01 -4.029659e+01 -1.000000e+00
      vertex   -3.097500e+01 -4.004164e+01 -1.000000e+00
    endloop
  endfacet
  facet normal 0.000000e+00 0.000000e+00 1.000000e+00
    outer loop
      vertex   -3.097500e+01 -4.004164e+01 -1.000000e+00
      vertex   -3.137785e+01 -3.985378e+01 -1.000000e+00
      vertex   -3.225000e+01 -3.970000e+01 -1.000000e+00
    endloop
  endfacet
  facet normal 0.000000e+00 0.000000e+00 1.000000e+00
    outer loop
      vertex   -3.225000e+01 -3.970000e+01 -1.000000e+00
      vertex   -3.137785e+01 -3.985378e+01 -1.000000e+00
      vertex   -3.180720e+01 -3.973874e+01 -1.000000e+00
    endloop
  endfacet
  facet normal -0.000000e+00 0.000000e+00 1.000000e+00
    outer loop
      vertex   -6.669280e+01 -3.973874e+01 -1.000000e+00
      vertex   -6.712215e+01 -3.985378e+01 -1.000000e+00
      vertex   -6.625000e+01 -3.970000e+01 -1.000000e+00
    endloop
  endfacet
  facet normal 0.000000e+00 0.000000e+00 1.000000e+00
    outer loop
      vertex   -6.625000e+01 -3.970000e+01 -1.000000e+00
      vertex   -6.712215e+01 -3.985378e+01 -1.000000e+00
      vertex   -6.752500e+01 -4.004164e+01 -1.000000e+00
    endloop
  endfacet
  facet normal 0.000000e+00 0.000000e+00 1.000000e+00
    outer loop
      vertex   -6.625000e+01 -3.970000e+01 -1.000000e+00
      vertex   -6.752500e+01 -4.004164e+01 -1.000000e+00
      vertex   -6.788911e+01 -4.029659e+01 -1.000000e+00
    endloop
  endfacet
  facet normal -0.000000e+00 0.000000e+00 1.000000e+00
    outer loop
      vertex   -6.788911e+01 -4.029659e+01 -1.000000e+00
      vertex   -6.820341e+01 -4.061089e+01 -1.000000e+00
      vertex   -6.625000e+01 -3.970000e+01 -1.000000e+00
    endloop
  endfacet
  facet normal 0.000000e+00 0.000000e+00 1.000000e+00
    outer loop
      vertex   -6.625000e+01 -3.970000e+01 -1.000000e+00
      vertex   -6.820341e+01 -4.061089e+01 -1.000000e+00
      vertex   -6.845836e+01 -4.097500e+01 -1.000000e+00
    endloop
  endfacet
  facet normal 0.000000e+00 0.000000e+00 1.000000e+00
    outer loop
      vertex   -6.625000e+01 -3.970000e+01 -1.000000e+00
      vertex   -6.845836e+01 -4.097500e+01 -1.000000e+00
      vertex   -6.864622e+01 -4.137785e+01 -1.000000e+00
    endloop
  endfacet
  facet normal -0.000000e+00 0.000000e+00 1.000000e+00
    outer loop
      vertex   -6.864622e+01 -4.137785e+01 -1.000000e+00
      vertex   -6.876126e+01 -4.180720e+01 -1.000000e+00
      vertex   -6.625000e+01 -3.970000e+01 -1.000000e+00
    endloop
  endfacet
  facet normal 0.000000e+00 0.000000e+00 1.000000e+00
    outer loop
      vertex   -6.625000e+01 -3.970000e+01 -1.000000e+00
      vertex   -6.876126e+01 -4.180720e+01 -1.000000e+00
      vertex   -6.880000e+01 -4.225000e+01 -1.000000e+00
    endloop
  endfacet
  facet normal -0.000000e+00 -0.000000e+00 1.000000e+00
    outer loop
      vertex   -6.876126e+01 -7.669280e+01 -1.000000e+00
      vertex   -6.864622e+01 -7.712215e+01 -1.000000e+00
      vertex   -6.880000e+01 -7.625000e+01 -1.000000e+00
    endloop
  endfacet
  facet normal 0.000000e+00 0.000000e+00 1.000000e+00
    outer loop
      vertex   -6.880000e+01 -7.625000e+01 -1.000000e+00
      vertex   -6.864622e+01 -7.712215e+01 -1.000000e+00
      vertex   -6.845836e+01 -7.752500e+01 -1.000000e+00
    endloop
  endfacet
  facet normal 0.000000e+00 0.000000e+00 1.000000e+00
    outer loop
      vertex   -6.880000e+01 -7.625000e+01 -1.000000e+00
      vertex   -6.845836e+01 -7.752500e+01 -1.000000e+00
      vertex   -6.820341e+01 -7.788911e+01 -1.000000e+00
    endloop
  endfacet
  facet normal -0.000000e+00 -0.000000e+00 1.000000e+00
    outer loop
      vertex   -6.820341e+01 -7.788911e+01 -1.000000e+00
      vertex   -6.788911e+01 -7.820341e+01 -1.000000e+00
      vertex   -6.880000e+01 -7.625000e+01 -1.000000e+00
    endloop
  endfacet
  facet normal 0.000000e+00 0.000000e+00 1.000000e+00
    outer loop
      vertex   -6.880000e+01 -7.625000e+01 -1.000000e+00
      vertex   -6.788911e+01 -7.820341e+01 -1.000000e+00
      vertex   -6.752500e+01 -7.845836e+01 -1.000000e+00
    endloop
  endfacet
  facet normal 0.000000e+00 0.000000e+00 1.000000e+00
    outer loop
      vertex   -6.880000e+01 -7.625000e+01 -1.000000e+00
      vertex   -6.752500e+01 -7.845836e+01 -1.000000e+00
      vertex   -6.712215e+01 -7.864622e+01 -1.000000e+00
    endloop
  endfacet
  facet normal -0.000000e+00 -0.000000e+00 1.000000e+00
    outer loop
      vertex   -6.712215e+01 -7.864622e+01 -1.000000e+00
      vertex   -6.669280e+01 -7.876126e+01 -1.000000e+00
      vertex   -6.880000e+01 -7.625000e+01 -1.000000e+00
    endloop
  endfacet
  facet normal 0.000000e+00 0.000000e+00 1.000000e+00
    outer loop
      vertex   -6.880000e+01 -7.625000e+01 -1.000000e+00
      vertex   -6.669280e+01 -7.876126e+01 -1.000000e+00
      vertex   -6.625000e+01 -7.880000e+01 -1.000000e+00
    endloop
  endfacet
  facet normal -1.000000e+00 0.000000e+00 0.000000e+00
    outer loop
      vertex   -3.970000e+01 -6.775000e+01 -4.000000e+00
      vertex   -3.970000e+01 -6.775000e+01 -1.000000e+00
      vertex   -3.970000e+01 -6.275000e+01 -4.000000e+00
    endloop
  endfacet
  facet normal -1.000000e+00 0.000000e+00 0.000000e+00
    outer loop
      vertex   -3.970000e+01 -6.275000e+01 -4.000000e+00
      vertex   -3.970000e+01 -6.775000e+01 -1.000000e+00
      vertex   -3.970000e+01 -6.275000e+01 -1.000000e+00
    endloop
  endfacet
  facet normal 0.000000e+00 1.000000e+00 0.000000e+00
    outer loop
      vertex   -4.670000e+01 -6.775000e+01 -4.000000e+00
      vertex   -4.670000e+01 -6.775000e+01 -1.000000e+00
      vertex   -3.970000e+01 -6.775000e+01 -4.000000e+00
    endloop
  endfacet
  facet normal 0.000000e+00 1.000000e+00 -0.000000e+00
    outer loop
      vertex   -3.970000e+01 -6.775000e+01 -4.000000e+00
      vertex   -4.670000e+01 -6.775000e+01 -1.000000e+00
      vertex   -3.970000e+01 -6.775000e+01 -1.000000e+00
    endloop
  endfacet
  facet normal -1.218759e-16 -0.000000e+00 -1.000000e+00
    outer loop
      vertex   -6.382513e+01 -7.810000e+01 2.680000e+01
      vertex   -3.467487e+01 -7.810000e+01 2.680000e+01
      vertex   -6.382513e+01 -7.850000e+01 2.680000e+01
    endloop
  endfacet
  facet normal -1.218759e-16 0.000000e+00 -1.000000e+00
    outer loop
      vertex   -6.382513e+01 -7.850000e+01 2.680000e+01
      vertex   -3.467487e+01 -7.810000e+01 2.680000e+01
      vertex   -3.467487e+01 -7.850000e+01 2.680000e+01
    endloop
  endfacet
  facet normal -1.701959e-29 -1.000000e+00 1.421085e-13
    outer loop
      vertex   -6.408205e+01 -7.810000e+01 2.660000e+01
      vertex   -3.441795e+01 -7.810000e+01 2.660000e+01
      vertex   -6.382513e+01 -7.810000e+01 2.680000e+01
    endloop
  endfacet
  facet normal 1.731961e-29 -1.000000e+00 1.421085e-13
    outer loop
      vertex   -6.382513e+01 -7.810000e+01 2.680000e+01
      vertex   -3.441795e+01 -7.810000e+01 2.660000e+01
      vertex   -3.467487e+01 -7.810000e+01 2.680000e+01
    endloop
  endfacet
  facet normal -1.000000e+00 -0.000000e+00 0.000000e+00
    outer loop
      vertex   -6.625000e+01 -3.940000e+01 2.660000e+01
      vertex   -6.625000e+01 -4.000000e+01 2.600000e+01
      vertex   -6.625000e+01 -4.000000e+01 2.660000e+01
    endloop
  endfacet
  facet normal 0.000000e+00 -1.000000e+00 0.000000e+00
    outer loop
      vertex   -3.399929e+01 -4.000000e+01 2.660000e+01
      vertex   -3.374786e+01 -4.000000e+01 2.645298e+01
      vertex   -3.225000e+01 -4.000000e+01 2.660000e+01
    endloop
  endfacet
  facet normal 0.000000e+00 -1.000000e+00 0.000000e+00
    outer loop
      vertex   -3.225000e+01 -4.000000e+01 2.660000e+01
      vertex   -3.374786e+01 -4.000000e+01 2.645298e+01
      vertex   -3.351152e+01 -4.000000e+01 2.632952e+01
    endloop
  endfacet
  facet normal 0.000000e+00 -1.000000e+00 0.000000e+00
    outer loop
      vertex   -3.225000e+01 -4.000000e+01 2.660000e+01
      vertex   -3.351152e+01 -4.000000e+01 2.632952e+01
      vertex   -3.307158e+01 -4.000000e+01 2.614531e+01
    endloop
  endfacet
  facet normal 0.000000e+00 -1.000000e+00 0.000000e+00
    outer loop
      vertex   -3.307158e+01 -4.000000e+01 2.614531e+01
      vertex   -3.265755e+01 -4.000000e+01 2.603661e+01
      vertex   -3.225000e+01 -4.000000e+01 2.660000e+01
    endloop
  endfacet
  facet normal 0.000000e+00 -1.000000e+00 -0.000000e+00
    outer loop
      vertex   -3.225000e+01 -4.000000e+01 2.660000e+01
      vertex   -3.265755e+01 -4.000000e+01 2.603661e+01
      vertex   -3.225000e+01 -4.000000e+01 2.600000e+01
    endloop
  endfacet
  facet normal 0.000000e+00 -1.000000e+00 0.000000e+00
    outer loop
      vertex   -6.625000e+01 -4.000000e+01 2.600000e+01
      vertex   -6.584245e+01 -4.000000e+01 2.603661e+01
      vertex   -6.625000e+01 -4.000000e+01 2.660000e+01
    endloop
  endfacet
  facet normal 0.000000e+00 -1.000000e+00 0.000000e+00
    outer loop
      vertex   -6.625000e+01 -4.000000e+01 2.660000e+01
      vertex   -6.584245e+01 -4.000000e+01 2.603661e+01
      vertex   -6.542842e+01 -4.000000e+01 2.614531e+01
    endloop
  endfacet
  facet normal 0.000000e+00 -1.000000e+00 0.000000e+00
    outer loop
      vertex   -6.625000e+01 -4.000000e+01 2.660000e+01
      vertex   -6.542842e+01 -4.000000e+01 2.614531e+01
      vertex   -6.498848e+01 -4.000000e+01 2.632952e+01
    endloop
  endfacet
  facet normal 0.000000e+00 -1.000000e+00 0.000000e+00
    outer loop
      vertex   -6.498848e+01 -4.000000e+01 2.632952e+01
      vertex   -6.475214e+01 -4.000000e+01 2.645298e+01
      vertex   -6.625000e+01 -4.000000e+01 2.660000e+01
    endloop
  endfacet
  facet normal 0.000000e+00 -1.000000e+00 0.000000e+00
    outer loop
      vertex   -6.625000e+01 -4.000000e+01 2.660000e+01
      vertex   -6.475214e+01 -4.000000e+01 2.645298e+01
      vertex   -6.450071e+01 -4.000000e+01 2.660000e+01
    endloop
  endfacet
  facet normal 1.000000e+00 0.000000e+00 0.000000e+00
    outer loop
      vertex   -3.225000e+01 -4.000000e+01 2.600000e+01
      vertex   -3.225000e+01 -3.940000e+01 2.660000e+01
      vertex   -3.225000e+01 -4.000000e+01 2.660000e+01
    endloop
  endfacet
  facet normal 0.000000e+00 -1.000000e+00 0.000000e+00
    outer loop
      vertex   -3.625000e+01 -5.050000e+01 2.660000e+01
      vertex   -3.120000e+01 -5.050000e+01 2.660000e+01
      vertex   -3.625000e+01 -5.050000e+01 3.100000e+01
    endloop
  endfacet
  facet normal 0.000000e+00 -1.000000e+00 0.000000e+00
    outer loop
      vertex   -3.625000e+01 -5.050000e+01 3.100000e+01
      vertex   -3.120000e+01 -5.050000e+01 2.660000e+01
      vertex   -3.120000e+01 -5.050000e+01 3.100000e+01
    endloop
  endfacet
  facet normal -2.814031e-15 1.000000e+00 0.000000e+00
    outer loop
      vertex   -3.120000e+01 -6.800000e+01 2.660000e+01
      vertex   -3.625000e+01 -6.800000e+01 2.660000e+01
      vertex   -3.120000e+01 -6.800000e+01 3.100000e+01
    endloop
  endfacet
  facet normal -2.814031e-15 1.000000e+00 0.000000e+00
    outer loop
      vertex   -3.120000e+01 -6.800000e+01 3.100000e+01
      vertex   -3.625000e+01 -6.800000e+01 2.660000e+01
      vertex   -3.625000e+01 -6.800000e+01 3.100000e+01
    endloop
  endfacet
  facet normal -7.133918e-02 9.974521e-01 0.000000e+00
    outer loop
      vertex   -3.625000e+01 -6.800000e+01 3.100000e+01
      vertex   -3.625000e+01 -6.800000e+01 2.660000e+01
      vertex   -3.685484e+01 -6.804326e+01 3.100000e+01
    endloop
  endfacet
  facet normal -7.133918e-02 9.974521e-01 1.152035e-16
    outer loop
      vertex   -3.685484e+01 -6.804326e+01 3.100000e+01
      vertex   -3.625000e+01 -6.800000e+01 2.660000e+01
      vertex   -3.685484e+01 -6.804326e+01 2.660000e+01
    endloop
  endfacet
  facet normal -2.125653e-01 9.771469e-01 3.432653e-16
    outer loop
      vertex   -3.685484e+01 -6.804326e+01 3.100000e+01
      vertex   -3.685484e+01 -6.804326e+01 2.660000e+01
      vertex   -3.744736e+01 -6.817215e+01 3.100000e+01
    endloop
  endfacet
  facet normal -2.125653e-01 9.771469e-01 0.000000e+00
    outer loop
      vertex   -3.744736e+01 -6.817215e+01 3.100000e+01
      vertex   -3.685484e+01 -6.804326e+01 2.660000e+01
      vertex   -3.744736e+01 -6.817215e+01 2.660000e+01
    endloop
  endfacet
  facet normal -3.494642e-01 9.369497e-01 0.000000e+00
    outer loop
      vertex   -3.744736e+01 -6.817215e+01 3.100000e+01
      vertex   -3.744736e+01 -6.817215e+01 2.660000e+01
      vertex   -3.801551e+01 -6.838406e+01 3.100000e+01
    endloop
  endfacet
  facet normal -3.494642e-01 9.369497e-01 0.000000e+00
    outer loop
      vertex   -3.801551e+01 -6.838406e+01 3.100000e+01
      vertex   -3.744736e+01 -6.817215e+01 2.660000e+01
      vertex   -3.801551e+01 -6.838406e+01 2.660000e+01
    endloop
  endfacet
  facet normal -4.792490e-01 8.776790e-01 0.000000e+00
    outer loop
      vertex   -3.801551e+01 -6.838406e+01 3.100000e+01
      vertex   -3.801551e+01 -6.838406e+01 2.660000e+01
      vertex   -3.854772e+01 -6.867467e+01 3.100000e+01
    endloop
  endfacet
  facet normal -4.792490e-01 8.776790e-01 0.000000e+00
    outer loop
      vertex   -3.854772e+01 -6.867467e+01 3.100000e+01
      vertex   -3.801551e+01 -6.838406e+01 2.660000e+01
      vertex   -3.854772e+01 -6.867467e+01 2.660000e+01
    endloop
  endfacet
  facet normal -5.992777e-01 8.005412e-01 0.000000e+00
    outer loop
      vertex   -3.854772e+01 -6.867467e+01 3.100000e+01
      vertex   -3.854772e+01 -6.867467e+01 2.660000e+01
      vertex   -3.903316e+01 -6.903806e+01 3.100000e+01
    endloop
  endfacet
  facet normal -5.992777e-01 8.005412e-01 0.000000e+00
    outer loop
      vertex   -3.903316e+01 -6.903806e+01 3.100000e+01
      vertex   -3.854772e+01 -6.867467e+01 2.660000e+01
      vertex   -3.903316e+01 -6.903806e+01 2.660000e+01
    endloop
  endfacet
  facet normal -7.071068e-01 7.071068e-01 0.000000e+00
    outer loop
      vertex   -3.903316e+01 -6.903806e+01 3.100000e+01
      vertex   -3.903316e+01 -6.903806e+01 2.660000e+01
      vertex   -3.946194e+01 -6.946684e+01 3.100000e+01
    endloop
  endfacet
  facet normal -7.071068e-01 7.071068e-01 0.000000e+00
    outer loop
      vertex   -3.946194e+01 -6.946684e+01 3.100000e+01
      vertex   -3.903316e+01 -6.903806e+01 2.660000e+01
      vertex   -3.946194e+01 -6.946684e+01 2.660000e+01
    endloop
  endfacet
  facet normal -8.005412e-01 5.992777e-01 0.000000e+00
    outer loop
      vertex   -3.946194e+01 -6.946684e+01 3.100000e+01
      vertex   -3.946194e+01 -6.946684e+01 2.660000e+01
      vertex   -3.982533e+01 -6.995228e+01 3.100000e+01
    endloop
  endfacet
  facet normal -8.005412e-01 5.992777e-01 0.000000e+00
    outer loop
      vertex   -3.982533e+01 -6.995228e+01 3.100000e+01
      vertex   -3.946194e+01 -6.946684e+01 2.660000e+01
      vertex   -3.982533e+01 -6.995228e+01 2.660000e+01
    endloop
  endfacet
  facet normal -8.776790e-01 4.792490e-01 0.000000e+00
    outer loop
      vertex   -3.982533e+01 -6.995228e+01 3.100000e+01
      vertex   -3.982533e+01 -6.995228e+01 2.660000e+01
      vertex   -4.011594e+01 -7.048449e+01 3.100000e+01
    endloop
  endfacet
  facet normal -8.776790e-01 4.792490e-01 0.000000e+00
    outer loop
      vertex   -4.011594e+01 -7.048449e+01 3.100000e+01
      vertex   -3.982533e+01 -6.995228e+01 2.660000e+01
      vertex   -4.011594e+01 -7.048449e+01 2.660000e+01
    endloop
  endfacet
  facet normal -9.369497e-01 3.494642e-01 0.000000e+00
    outer loop
      vertex   -4.011594e+01 -7.048449e+01 3.100000e+01
      vertex   -4.011594e+01 -7.048449e+01 2.660000e+01
      vertex   -4.032785e+01 -7.105264e+01 3.100000e+01
    endloop
  endfacet
  facet normal -9.369497e-01 3.494642e-01 0.000000e+00
    outer loop
      vertex   -4.032785e+01 -7.105264e+01 3.100000e+01
      vertex   -4.011594e+01 -7.048449e+01 2.660000e+01
      vertex   -4.032785e+01 -7.105264e+01 2.660000e+01
    endloop
  endfacet
  facet normal -9.771469e-01 2.125653e-01 0.000000e+00
    outer loop
      vertex   -4.032785e+01 -7.105264e+01 3.100000e+01
      vertex   -4.032785e+01 -7.105264e+01 2.660000e+01
      vertex   -4.045674e+01 -7.164516e+01 3.100000e+01
    endloop
  endfacet
  facet normal -9.771469e-01 2.125653e-01 0.000000e+00
    outer loop
      vertex   -4.045674e+01 -7.164516e+01 3.100000e+01
      vertex   -4.032785e+01 -7.105264e+01 2.660000e+01
      vertex   -4.045674e+01 -7.164516e+01 2.660000e+01
    endloop
  endfacet
  facet normal -9.974521e-01 7.133918e-02 0.000000e+00
    outer loop
      vertex   -4.045674e+01 -7.164516e+01 3.100000e+01
      vertex   -4.045674e+01 -7.164516e+01 2.660000e+01
      vertex   -4.050000e+01 -7.225000e+01 3.100000e+01
    endloop
  endfacet
  facet normal -9.974521e-01 7.133918e-02 0.000000e+00
    outer loop
      vertex   -4.050000e+01 -7.225000e+01 3.100000e+01
      vertex   -4.045674e+01 -7.164516e+01 2.660000e+01
      vertex   -4.050000e+01 -7.225000e+01 2.660000e+01
    endloop
  endfacet
  facet normal -1.000000e+00 0.000000e+00 0.000000e+00
    outer loop
      vertex   -4.050000e+01 -7.225000e+01 2.660000e+01
      vertex   -4.050000e+01 -7.730000e+01 2.660000e+01
      vertex   -4.050000e+01 -7.225000e+01 3.100000e+01
    endloop
  endfacet
  facet normal -1.000000e+00 -0.000000e+00 0.000000e+00
    outer loop
      vertex   -4.050000e+01 -7.225000e+01 3.100000e+01
      vertex   -4.050000e+01 -7.730000e+01 2.660000e+01
      vertex   -4.050000e+01 -7.730000e+01 3.100000e+01
    endloop
  endfacet
  facet normal -8.120488e-16 1.000000e+00 0.000000e+00
    outer loop
      vertex   -4.050000e+01 -7.730000e+01 2.660000e+01
      vertex   -5.800000e+01 -7.730000e+01 2.660000e+01
      vertex   -4.050000e+01 -7.730000e+01 3.100000e+01
    endloop
  endfacet
  facet normal -8.120488e-16 1.000000e+00 0.000000e+00
    outer loop
      vertex   -4.050000e+01 -7.730000e+01 3.100000e+01
      vertex   -5.800000e+01 -7.730000e+01 2.660000e+01
      vertex   -5.800000e+01 -7.730000e+01 3.100000e+01
    endloop
  endfacet
  facet normal 1.000000e+00 0.000000e+00 0.000000e+00
    outer loop
      vertex   -5.800000e+01 -7.730000e+01 2.660000e+01
      vertex   -5.800000e+01 -7.225000e+01 2.660000e+01
      vertex   -5.800000e+01 -7.730000e+01 3.100000e+01
    endloop
  endfacet
  facet normal 1.000000e+00 -0.000000e+00 0.000000e+00
    outer loop
      vertex   -5.800000e+01 -7.730000e+01 3.100000e+01
      vertex   -5.800000e+01 -7.225000e+01 2.660000e+01
      vertex   -5.800000e+01 -7.225000e+01 3.100000e+01
    endloop
  endfacet
  facet normal 9.974521e-01 7.133918e-02 0.000000e+00
    outer loop
      vertex   -5.800000e+01 -7.225000e+01 3.100000e+01
      vertex   -5.800000e+01 -7.225000e+01 2.660000e+01
      vertex   -5.804326e+01 -7.164516e+01 3.100000e+01
    endloop
  endfacet
  facet normal 9.974521e-01 7.133918e-02 0.000000e+00
    outer loop
      vertex   -5.804326e+01 -7.164516e+01 3.100000e+01
      vertex   -5.800000e+01 -7.225000e+01 2.660000e+01
      vertex   -5.804326e+01 -7.164516e+01 2.660000e+01
    endloop
  endfacet
  facet normal 9.771469e-01 2.125653e-01 0.000000e+00
    outer loop
      vertex   -5.804326e+01 -7.164516e+01 3.100000e+01
      vertex   -5.804326e+01 -7.164516e+01 2.660000e+01
      vertex   -5.817215e+01 -7.105264e+01 3.100000e+01
    endloop
  endfacet
  facet normal 9.771469e-01 2.125653e-01 0.000000e+00
    outer loop
      vertex   -5.817215e+01 -7.105264e+01 3.100000e+01
      vertex   -5.804326e+01 -7.164516e+01 2.660000e+01
      vertex   -5.817215e+01 -7.105264e+01 2.660000e+01
    endloop
  endfacet
  facet normal 9.369497e-01 3.494642e-01 0.000000e+00
    outer loop
      vertex   -5.817215e+01 -7.105264e+01 3.100000e+01
      vertex   -5.817215e+01 -7.105264e+01 2.660000e+01
      vertex   -5.838406e+01 -7.048449e+01 3.100000e+01
    endloop
  endfacet
  facet normal 9.369497e-01 3.494642e-01 0.000000e+00
    outer loop
      vertex   -5.838406e+01 -7.048449e+01 3.100000e+01
      vertex   -5.817215e+01 -7.105264e+01 2.660000e+01
      vertex   -5.838406e+01 -7.048449e+01 2.660000e+01
    endloop
  endfacet
  facet normal 8.776790e-01 4.792490e-01 0.000000e+00
    outer loop
      vertex   -5.838406e+01 -7.048449e+01 3.100000e+01
      vertex   -5.838406e+01 -7.048449e+01 2.660000e+01
      vertex   -5.867467e+01 -6.995228e+01 3.100000e+01
    endloop
  endfacet
  facet normal 8.776790e-01 4.792490e-01 0.000000e+00
    outer loop
      vertex   -5.867467e+01 -6.995228e+01 3.100000e+01
      vertex   -5.838406e+01 -7.048449e+01 2.660000e+01
      vertex   -5.867467e+01 -6.995228e+01 2.660000e+01
    endloop
  endfacet
  facet normal 8.005412e-01 5.992777e-01 0.000000e+00
    outer loop
      vertex   -5.867467e+01 -6.995228e+01 3.100000e+01
      vertex   -5.867467e+01 -6.995228e+01 2.660000e+01
      vertex   -5.903806e+01 -6.946684e+01 3.100000e+01
    endloop
  endfacet
  facet normal 8.005412e-01 5.992777e-01 0.000000e+00
    outer loop
      vertex   -5.903806e+01 -6.946684e+01 3.100000e+01
      vertex   -5.867467e+01 -6.995228e+01 2.660000e+01
      vertex   -5.903806e+01 -6.946684e+01 2.660000e+01
    endloop
  endfacet
  facet normal 7.071068e-01 7.071068e-01 0.000000e+00
    outer loop
      vertex   -5.903806e+01 -6.946684e+01 3.100000e+01
      vertex   -5.903806e+01 -6.946684e+01 2.660000e+01
      vertex   -5.946684e+01 -6.903806e+01 3.100000e+01
    endloop
  endfacet
  facet normal 7.071068e-01 7.071068e-01 0.000000e+00
    outer loop
      vertex   -5.946684e+01 -6.903806e+01 3.100000e+01
      vertex   -5.903806e+01 -6.946684e+01 2.660000e+01
      vertex   -5.946684e+01 -6.903806e+01 2.660000e+01
    endloop
  endfacet
  facet normal 5.992777e-01 8.005412e-01 0.000000e+00
    outer loop
      vertex   -5.946684e+01 -6.903806e+01 3.100000e+01
      vertex   -5.946684e+01 -6.903806e+01 2.660000e+01
      vertex   -5.995228e+01 -6.867467e+01 3.100000e+01
    endloop
  endfacet
  facet normal 5.992777e-01 8.005412e-01 0.000000e+00
    outer loop
      vertex   -5.995228e+01 -6.867467e+01 3.100000e+01
      vertex   -5.946684e+01 -6.903806e+01 2.660000e+01
      vertex   -5.995228e+01 -6.867467e+01 2.660000e+01
    endloop
  endfacet
  facet normal 4.792490e-01 8.776790e-01 0.000000e+00
    outer loop
      vertex   -5.995228e+01 -6.867467e+01 3.100000e+01
      vertex   -5.995228e+01 -6.867467e+01 2.660000e+01
      vertex   -6.048449e+01 -6.838406e+01 3.100000e+01
    endloop
  endfacet
  facet normal 4.792490e-01 8.776790e-01 0.000000e+00
    outer loop
      vertex   -6.048449e+01 -6.838406e+01 3.100000e+01
      vertex   -5.995228e+01 -6.867467e+01 2.660000e+01
      vertex   -6.048449e+01 -6.838406e+01 2.660000e+01
    endloop
  endfacet
  facet normal 3.494642e-01 9.369497e-01 0.000000e+00
    outer loop
      vertex   -6.048449e+01 -6.838406e+01 3.100000e+01
      vertex   -6.048449e+01 -6.838406e+01 2.660000e+01
      vertex   -6.105264e+01 -6.817215e+01 3.100000e+01
    endloop
  endfacet
  facet normal 3.494642e-01 9.369497e-01 0.000000e+00
    outer loop
      vertex   -6.105264e+01 -6.817215e+01 3.100000e+01
      vertex   -6.048449e+01 -6.838406e+01 2.660000e+01
      vertex   -6.105264e+01 -6.817215e+01 2.660000e+01
    endloop
  endfacet
  facet normal 2.125653e-01 9.771469e-01 0.000000e+00
    outer loop
      vertex   -6.105264e+01 -6.817215e+01 3.100000e+01
      vertex   -6.105264e+01 -6.817215e+01 2.660000e+01
      vertex   -6.164516e+01 -6.804326e+01 3.100000e+01
    endloop
  endfacet
  facet normal 2.125653e-01 9.771469e-01 0.000000e+00
    outer loop
      vertex   -6.164516e+01 -6.804326e+01 3.100000e+01
      vertex   -6.105264e+01 -6.817215e+01 2.660000e+01
      vertex   -6.164516e+01 -6.804326e+01 2.660000e+01
    endloop
  endfacet
  facet normal 7.133918e-02 9.974521e-01 0.000000e+00
    outer loop
      vertex   -6.164516e+01 -6.804326e+01 3.100000e+01
      vertex   -6.164516e+01 -6.804326e+01 2.660000e+01
      vertex   -6.225000e+01 -6.800000e+01 3.100000e+01
    endloop
  endfacet
  facet normal 7.133918e-02 9.974521e-01 0.000000e+00
    outer loop
      vertex   -6.225000e+01 -6.800000e+01 3.100000e+01
      vertex   -6.164516e+01 -6.804326e+01 2.660000e+01
      vertex   -6.225000e+01 -6.800000e+01 2.660000e+01
    endloop
  endfacet
  facet normal -5.050872e-02 7.062042e-01 7.062042e-01
    outer loop
      vertex   -3.225000e+01 -8.000000e+01 3.550000e+01
      vertex   -3.171632e+01 -7.996183e+01 3.550000e+01
      vertex   -3.225000e+01 -7.810000e+01 3.360000e+01
    endloop
  endfacet
  facet normal -6.921426e-02 7.027442e-01 7.080678e-01
    outer loop
      vertex   -3.225000e+01 -7.810000e+01 3.360000e+01
      vertex   -3.171632e+01 -7.996183e+01 3.550000e+01
      vertex   -3.188908e+01 -7.806445e+01 3.360000e+01
    endloop
  endfacet
  facet normal -1.506731e-01 6.926329e-01 7.053774e-01
    outer loop
      vertex   -3.188908e+01 -7.806445e+01 3.360000e+01
      vertex   -3.171632e+01 -7.996183e+01 3.550000e+01
      vertex   -3.119350e+01 -7.984810e+01 3.550000e+01
    endloop
  endfacet
  facet normal -2.047897e-01 6.751011e-01 7.087310e-01
    outer loop
      vertex   -3.188908e+01 -7.806445e+01 3.360000e+01
      vertex   -3.119350e+01 -7.984810e+01 3.550000e+01
      vertex   -3.154204e+01 -7.795918e+01 3.360000e+01
    endloop
  endfacet
  facet normal -2.476538e-01 6.639854e-01 7.055430e-01
    outer loop
      vertex   -3.154204e+01 -7.795918e+01 3.360000e+01
      vertex   -3.119350e+01 -7.984810e+01 3.550000e+01
      vertex   -3.069219e+01 -7.966112e+01 3.550000e+01
    endloop
  endfacet
  facet normal -3.331882e-01 6.233512e-01 7.074029e-01
    outer loop
      vertex   -3.154204e+01 -7.795918e+01 3.360000e+01
      vertex   -3.069219e+01 -7.966112e+01 3.550000e+01
      vertex   -3.122220e+01 -7.778822e+01 3.360000e+01
    endloop
  endfacet
  facet normal -3.390757e-01 6.209708e-01 7.066987e-01
    outer loop
      vertex   -3.122220e+01 -7.778822e+01 3.360000e+01
      vertex   -3.069219e+01 -7.966112e+01 3.550000e+01
      vertex   -3.022260e+01 -7.940470e+01 3.550000e+01
    endloop
  endfacet
  facet normal -4.245237e-01 5.670973e-01 7.058188e-01
    outer loop
      vertex   -3.122220e+01 -7.778822e+01 3.360000e+01
      vertex   -3.022260e+01 -7.940470e+01 3.550000e+01
      vertex   -2.979427e+01 -7.908406e+01 3.550000e+01
    endloop
  endfacet
  facet normal -4.476917e-01 5.455140e-01 7.085101e-01
    outer loop
      vertex   -3.122220e+01 -7.778822e+01 3.360000e+01
      vertex   -2.979427e+01 -7.908406e+01 3.550000e+01
      vertex   -3.094185e+01 -7.755815e+01 3.360000e+01
    endloop
  endfacet
  facet normal -5.012588e-01 5.012588e-01 7.053221e-01
    outer loop
      vertex   -3.094185e+01 -7.755815e+01 3.360000e+01
      vertex   -2.979427e+01 -7.908406e+01 3.550000e+01
      vertex   -2.941594e+01 -7.870573e+01 3.550000e+01
    endloop
  endfacet
  facet normal -5.455140e-01 4.476917e-01 7.085101e-01
    outer loop
      vertex   -3.094185e+01 -7.755815e+01 3.360000e+01
      vertex   -2.941594e+01 -7.870573e+01 3.550000e+01
      vertex   -3.071178e+01 -7.727780e+01 3.360000e+01
    endloop
  endfacet
  facet normal -5.670973e-01 4.245237e-01 7.058188e-01
    outer loop
      vertex   -3.071178e+01 -7.727780e+01 3.360000e+01
      vertex   -2.941594e+01 -7.870573e+01 3.550000e+01
      vertex   -2.909530e+01 -7.827740e+01 3.550000e+01
    endloop
  endfacet
  facet normal -6.209708e-01 3.390757e-01 7.066987e-01
    outer loop
      vertex   -3.071178e+01 -7.727780e+01 3.360000e+01
      vertex   -2.909530e+01 -7.827740e+01 3.550000e+01
      vertex   -2.883888e+01 -7.780781e+01 3.550000e+01
    endloop
  endfacet
  facet normal -6.233512e-01 3.331882e-01 7.074029e-01
    outer loop
      vertex   -3.071178e+01 -7.727780e+01 3.360000e+01
      vertex   -2.883888e+01 -7.780781e+01 3.550000e+01
      vertex   -3.054082e+01 -7.695796e+01 3.360000e+01
    endloop
  endfacet
  facet normal -6.639854e-01 2.476538e-01 7.055430e-01
    outer loop
      vertex   -3.054082e+01 -7.695796e+01 3.360000e+01
      vertex   -2.883888e+01 -7.780781e+01 3.550000e+01
      vertex   -2.865190e+01 -7.730650e+01 3.550000e+01
    endloop
  endfacet
  facet normal -6.751011e-01 2.047897e-01 7.087310e-01
    outer loop
      vertex   -3.054082e+01 -7.695796e+01 3.360000e+01
      vertex   -2.865190e+01 -7.730650e+01 3.550000e+01
      vertex   -3.043555e+01 -7.661092e+01 3.360000e+01
    endloop
  endfacet
  facet normal -6.926329e-01 1.506731e-01 7.053774e-01
    outer loop
      vertex   -3.043555e+01 -7.661092e+01 3.360000e+01
      vertex   -2.865190e+01 -7.730650e+01 3.550000e+01
      vertex   -2.853817e+01 -7.678368e+01 3.550000e+01
    endloop
  endfacet
  facet normal -7.027442e-01 6.921426e-02 7.080678e-01
    outer loop
      vertex   -3.043555e+01 -7.661092e+01 3.360000e+01
      vertex   -2.853817e+01 -7.678368e+01 3.550000e+01
      vertex   -3.040000e+01 -7.625000e+01 3.360000e+01
    endloop
  endfacet
  facet normal -7.062042e-01 5.050872e-02 7.062042e-01
    outer loop
      vertex   -3.040000e+01 -7.625000e+01 3.360000e+01
      vertex   -2.853817e+01 -7.678368e+01 3.550000e+01
      vertex   -2.850000e+01 -7.625000e+01 3.550000e+01
    endloop
  endfacet
  facet normal -0.000000e+00 7.071068e-01 7.071068e-01
    outer loop
      vertex   -6.625000e+01 -8.000000e+01 3.550000e+01
      vertex   -3.225000e+01 -8.000000e+01 3.550000e+01
      vertex   -6.625000e+01 -7.810000e+01 3.360000e+01
    endloop
  endfacet
  facet normal 2.955468e-16 7.071068e-01 7.071068e-01
    outer loop
      vertex   -6.625000e+01 -7.810000e+01 3.360000e+01
      vertex   -3.225000e+01 -8.000000e+01 3.550000e+01
      vertex   -3.225000e+01 -7.810000e+01 3.360000e+01
    endloop
  endfacet
  facet normal 7.062042e-01 5.050872e-02 7.062042e-01
    outer loop
      vertex   -7.000000e+01 -7.625000e+01 3.550000e+01
      vertex   -6.996183e+01 -7.678368e+01 3.550000e+01
      vertex   -6.810000e+01 -7.625000e+01 3.360000e+01
    endloop
  endfacet
  facet normal 7.027442e-01 6.921426e-02 7.080678e-01
    outer loop
      vertex   -6.810000e+01 -7.625000e+01 3.360000e+01
      vertex   -6.996183e+01 -7.678368e+01 3.550000e+01
      vertex   -6.806445e+01 -7.661092e+01 3.360000e+01
    endloop
  endfacet
  facet normal 6.926329e-01 1.506731e-01 7.053774e-01
    outer loop
      vertex   -6.806445e+01 -7.661092e+01 3.360000e+01
      vertex   -6.996183e+01 -7.678368e+01 3.550000e+01
      vertex   -6.984810e+01 -7.730650e+01 3.550000e+01
    endloop
  endfacet
  facet normal 6.751011e-01 2.047897e-01 7.087310e-01
    outer loop
      vertex   -6.806445e+01 -7.661092e+01 3.360000e+01
      vertex   -6.984810e+01 -7.730650e+01 3.550000e+01
      vertex   -6.795918e+01 -7.695796e+01 3.360000e+01
    endloop
  endfacet
  facet normal 6.639854e-01 2.476538e-01 7.055430e-01
    outer loop
      vertex   -6.795918e+01 -7.695796e+01 3.360000e+01
      vertex   -6.984810e+01 -7.730650e+01 3.550000e+01
      vertex   -6.966112e+01 -7.780781e+01 3.550000e+01
    endloop
  endfacet
  facet normal 6.233512e-01 3.331882e-01 7.074029e-01
    outer loop
      vertex   -6.795918e+01 -7.695796e+01 3.360000e+01
      vertex   -6.966112e+01 -7.780781e+01 3.550000e+01
      vertex   -6.778822e+01 -7.727780e+01 3.360000e+01
    endloop
  endfacet
  facet normal 6.209708e-01 3.390757e-01 7.066987e-01
    outer loop
      vertex   -6.778822e+01 -7.727780e+01 3.360000e+01
      vertex   -6.966112e+01 -7.780781e+01 3.550000e+01
      vertex   -6.940470e+01 -7.827740e+01 3.550000e+01
    endloop
  endfacet
  facet normal 5.670973e-01 4.245237e-01 7.058188e-01
    outer loop
      vertex   -6.778822e+01 -7.727780e+01 3.360000e+01
      vertex   -6.940470e+01 -7.827740e+01 3.550000e+01
      vertex   -6.908406e+01 -7.870573e+01 3.550000e+01
    endloop
  endfacet
  facet normal 5.455140e-01 4.476917e-01 7.085101e-01
    outer loop
      vertex   -6.778822e+01 -7.727780e+01 3.360000e+01
      vertex   -6.908406e+01 -7.870573e+01 3.550000e+01
      vertex   -6.755815e+01 -7.755815e+01 3.360000e+01
    endloop
  endfacet
  facet normal 5.012588e-01 5.012588e-01 7.053221e-01
    outer loop
      vertex   -6.755815e+01 -7.755815e+01 3.360000e+01
      vertex   -6.908406e+01 -7.870573e+01 3.550000e+01
      vertex   -6.870573e+01 -7.908406e+01 3.550000e+01
    endloop
  endfacet
  facet normal 4.476917e-01 5.455140e-01 7.085101e-01
    outer loop
      vertex   -6.755815e+01 -7.755815e+01 3.360000e+01
      vertex   -6.870573e+01 -7.908406e+01 3.550000e+01
      vertex   -6.727780e+01 -7.778822e+01 3.360000e+01
    endloop
  endfacet
  facet normal 4.245237e-01 5.670973e-01 7.058188e-01
    outer loop
      vertex   -6.727780e+01 -7.778822e+01 3.360000e+01
      vertex   -6.870573e+01 -7.908406e+01 3.550000e+01
      vertex   -6.827740e+01 -7.940470e+01 3.550000e+01
    endloop
  endfacet
  facet normal 3.390757e-01 6.209708e-01 7.066987e-01
    outer loop
      vertex   -6.727780e+01 -7.778822e+01 3.360000e+01
      vertex   -6.827740e+01 -7.940470e+01 3.550000e+01
      vertex   -6.780781e+01 -7.966112e+01 3.550000e+01
    endloop
  endfacet
  facet normal 3.331882e-01 6.233512e-01 7.074029e-01
    outer loop
      vertex   -6.727780e+01 -7.778822e+01 3.360000e+01
      vertex   -6.780781e+01 -7.966112e+01 3.550000e+01
      vertex   -6.695796e+01 -7.795918e+01 3.360000e+01
    endloop
  endfacet
  facet normal 2.476538e-01 6.639854e-01 7.055430e-01
    outer loop
      vertex   -6.695796e+01 -7.795918e+01 3.360000e+01
      vertex   -6.780781e+01 -7.966112e+01 3.550000e+01
      vertex   -6.730650e+01 -7.984810e+01 3.550000e+01
    endloop
  endfacet
  facet normal 2.047897e-01 6.751011e-01 7.087310e-01
    outer loop
      vertex   -6.695796e+01 -7.795918e+01 3.360000e+01
      vertex   -6.730650e+01 -7.984810e+01 3.550000e+01
      vertex   -6.661092e+01 -7.806445e+01 3.360000e+01
    endloop
  endfacet
  facet normal 1.506731e-01 6.926329e-01 7.053774e-01
    outer loop
      vertex   -6.661092e+01 -7.806445e+01 3.360000e+01
      vertex   -6.730650e+01 -7.984810e+01 3.550000e+01
      vertex   -6.678368e+01 -7.996183e+01 3.550000e+01
    endloop
  endfacet
  facet normal 6.921426e-02 7.027442e-01 7.080678e-01
    outer loop
      vertex   -6.661092e+01 -7.806445e+01 3.360000e+01
      vertex   -6.678368e+01 -7.996183e+01 3.550000e+01
      vertex   -6.625000e+01 -7.810000e+01 3.360000e+01
    endloop
  endfacet
  facet normal 5.050872e-02 7.062042e-01 7.062042e-01
    outer loop
      vertex   -6.625000e+01 -7.810000e+01 3.360000e+01
      vertex   -6.678368e+01 -7.996183e+01 3.550000e+01
      vertex   -6.625000e+01 -8.000000e+01 3.550000e+01
    endloop
  endfacet
  facet normal 7.071068e-01 -0.000000e+00 7.071068e-01
    outer loop
      vertex   -7.000000e+01 -7.625000e+01 3.550000e+01
      vertex   -6.810000e+01 -7.625000e+01 3.360000e+01
      vertex   -7.000000e+01 -4.225000e+01 3.550000e+01
    endloop
  endfacet
  facet normal 7.071068e-01 -5.833161e-19 7.071068e-01
    outer loop
      vertex   -7.000000e+01 -4.225000e+01 3.550000e+01
      vertex   -6.810000e+01 -7.625000e+01 3.360000e+01
      vertex   -6.810000e+01 -4.225000e+01 3.360000e+01
    endloop
  endfacet
  facet normal -9.965845e-01 8.257935e-02 2.444840e-16
    outer loop
      vertex   -3.304433e+01 -4.678493e+01 2.860000e+01
      vertex   -3.304433e+01 -4.678493e+01 3.100000e+01
      vertex   -3.300000e+01 -4.625000e+01 2.860000e+01
    endloop
  endfacet
  facet normal -9.965845e-01 8.257935e-02 0.000000e+00
    outer loop
      vertex   -3.300000e+01 -4.625000e+01 2.860000e+01
      vertex   -3.304433e+01 -4.678493e+01 3.100000e+01
      vertex   -3.300000e+01 -4.625000e+01 3.100000e+01
    endloop
  endfacet
  facet normal -9.965845e-01 -8.257935e-02 0.000000e+00
    outer loop
      vertex   -3.300000e+01 -4.625000e+01 2.860000e+01
      vertex   -3.300000e+01 -4.625000e+01 3.100000e+01
      vertex   -3.304433e+01 -4.571507e+01 2.860000e+01
    endloop
  endfacet
  facet normal -9.965845e-01 -8.257935e-02 -2.444840e-16
    outer loop
      vertex   -3.304433e+01 -4.571507e+01 2.860000e+01
      vertex   -3.300000e+01 -4.625000e+01 3.100000e+01
      vertex   -3.304433e+01 -4.571507e+01 3.100000e+01
    endloop
  endfacet
  facet normal -9.694003e-01 -2.454855e-01 -7.267830e-16
    outer loop
      vertex   -3.304433e+01 -4.571507e+01 2.860000e+01
      vertex   -3.304433e+01 -4.571507e+01 3.100000e+01
      vertex   -3.317609e+01 -4.519473e+01 2.860000e+01
    endloop
  endfacet
  facet normal -9.694003e-01 -2.454855e-01 0.000000e+00
    outer loop
      vertex   -3.317609e+01 -4.519473e+01 2.860000e+01
      vertex   -3.304433e+01 -4.571507e+01 3.100000e+01
      vertex   -3.317609e+01 -4.519473e+01 3.100000e+01
    endloop
  endfacet
  facet normal -9.157733e-01 -4.016954e-01 0.000000e+00
    outer loop
      vertex   -3.317609e+01 -4.519473e+01 2.860000e+01
      vertex   -3.317609e+01 -4.519473e+01 3.100000e+01
      vertex   -3.339171e+01 -4.470317e+01 2.860000e+01
    endloop
  endfacet
  facet normal -9.157733e-01 -4.016954e-01 0.000000e+00
    outer loop
      vertex   -3.339171e+01 -4.470317e+01 2.860000e+01
      vertex   -3.317609e+01 -4.519473e+01 3.100000e+01
      vertex   -3.339171e+01 -4.470317e+01 3.100000e+01
    endloop
  endfacet
  facet normal -8.371665e-01 -5.469482e-01 0.000000e+00
    outer loop
      vertex   -3.339171e+01 -4.470317e+01 2.860000e+01
      vertex   -3.339171e+01 -4.470317e+01 3.100000e+01
      vertex   -3.368529e+01 -4.425381e+01 2.860000e+01
    endloop
  endfacet
  facet normal -8.371665e-01 -5.469482e-01 0.000000e+00
    outer loop
      vertex   -3.368529e+01 -4.425381e+01 2.860000e+01
      vertex   -3.339171e+01 -4.470317e+01 3.100000e+01
      vertex   -3.368529e+01 -4.425381e+01 3.100000e+01
    endloop
  endfacet
  facet normal -7.357239e-01 -6.772816e-01 0.000000e+00
    outer loop
      vertex   -3.368529e+01 -4.425381e+01 2.860000e+01
      vertex   -3.368529e+01 -4.425381e+01 3.100000e+01
      vertex   -3.404883e+01 -4.385890e+01 2.860000e+01
    endloop
  endfacet
  facet normal -7.357239e-01 -6.772816e-01 0.000000e+00
    outer loop
      vertex   -3.404883e+01 -4.385890e+01 2.860000e+01
      vertex   -3.368529e+01 -4.425381e+01 3.100000e+01
      vertex   -3.404883e+01 -4.385890e+01 3.100000e+01
    endloop
  endfacet
  facet normal -6.142127e-01 -7.891405e-01 0.000000e+00
    outer loop
      vertex   -3.404883e+01 -4.385890e+01 2.860000e+01
      vertex   -3.404883e+01 -4.385890e+01 3.100000e+01
      vertex   -3.447242e+01 -4.352921e+01 2.860000e+01
    endloop
  endfacet
  facet normal -6.142127e-01 -7.891405e-01 0.000000e+00
    outer loop
      vertex   -3.447242e+01 -4.352921e+01 2.860000e+01
      vertex   -3.404883e+01 -4.385890e+01 3.100000e+01
      vertex   -3.447242e+01 -4.352921e+01 3.100000e+01
    endloop
  endfacet
  facet normal -4.759474e-01 -8.794738e-01 0.000000e+00
    outer loop
      vertex   -3.447242e+01 -4.352921e+01 2.860000e+01
      vertex   -3.447242e+01 -4.352921e+01 3.100000e+01
      vertex   -3.494449e+01 -4.327374e+01 2.860000e+01
    endloop
  endfacet
  facet normal -4.759474e-01 -8.794738e-01 0.000000e+00
    outer loop
      vertex   -3.494449e+01 -4.327374e+01 2.860000e+01
      vertex   -3.447242e+01 -4.352921e+01 3.100000e+01
      vertex   -3.494449e+01 -4.327374e+01 3.100000e+01
    endloop
  endfacet
  facet normal -3.246995e-01 -9.458172e-01 0.000000e+00
    outer loop
      vertex   -3.494449e+01 -4.327374e+01 2.860000e+01
      vertex   -3.494449e+01 -4.327374e+01 3.100000e+01
      vertex   -3.545217e+01 -4.309945e+01 2.860000e+01
    endloop
  endfacet
  facet normal -3.246995e-01 -9.458172e-01 0.000000e+00
    outer loop
      vertex   -3.545217e+01 -4.309945e+01 2.860000e+01
      vertex   -3.494449e+01 -4.327374e+01 3.100000e+01
      vertex   -3.545217e+01 -4.309945e+01 3.100000e+01
    endloop
  endfacet
  facet normal -1.645946e-01 -9.863613e-01 0.000000e+00
    outer loop
      vertex   -3.545217e+01 -4.309945e+01 2.860000e+01
      vertex   -3.545217e+01 -4.309945e+01 3.100000e+01
      vertex   -3.598162e+01 -4.301110e+01 2.860000e+01
    endloop
  endfacet
  facet normal -1.645946e-01 -9.863613e-01 -4.872979e-16
    outer loop
      vertex   -3.598162e+01 -4.301110e+01 2.860000e+01
      vertex   -3.545217e+01 -4.309945e+01 3.100000e+01
      vertex   -3.598162e+01 -4.301110e+01 3.100000e+01
    endloop
  endfacet
  facet normal 0.000000e+00 -1.000000e+00 0.000000e+00
    outer loop
      vertex   -3.598162e+01 -4.301110e+01 2.860000e+01
      vertex   -3.598162e+01 -4.301110e+01 3.100000e+01
      vertex   -3.651838e+01 -4.301110e+01 2.860000e+01
    endloop
  endfacet
  facet normal 0.000000e+00 -1.000000e+00 0.000000e+00
    outer loop
      vertex   -3.651838e+01 -4.301110e+01 2.860000e+01
      vertex   -3.598162e+01 -4.301110e+01 3.100000e+01
      vertex   -3.651838e+01 -4.301110e+01 3.100000e+01
    endloop
  endfacet
  facet normal 1.645946e-01 -9.863613e-01 0.000000e+00
    outer loop
      vertex   -3.651838e+01 -4.301110e+01 2.860000e+01
      vertex   -3.651838e+01 -4.301110e+01 3.100000e+01
      vertex   -3.704783e+01 -4.309945e+01 2.860000e+01
    endloop
  endfacet
  facet normal 1.645946e-01 -9.863613e-01 0.000000e+00
    outer loop
      vertex   -3.704783e+01 -4.309945e+01 2.860000e+01
      vertex   -3.651838e+01 -4.301110e+01 3.100000e+01
      vertex   -3.704783e+01 -4.309945e+01 3.100000e+01
    endloop
  endfacet
  facet normal 3.246995e-01 -9.458172e-01 0.000000e+00
    outer loop
      vertex   -3.704783e+01 -4.309945e+01 2.860000e+01
      vertex   -3.704783e+01 -4.309945e+01 3.100000e+01
      vertex   -3.755551e+01 -4.327374e+01 2.860000e+01
    endloop
  endfacet
  facet normal 3.246995e-01 -9.458172e-01 0.000000e+00
    outer loop
      vertex   -3.755551e+01 -4.327374e+01 2.860000e+01
      vertex   -3.704783e+01 -4.309945e+01 3.100000e+01
      vertex   -3.755551e+01 -4.327374e+01 3.100000e+01
    endloop
  endfacet
  facet normal 4.759474e-01 -8.794738e-01 0.000000e+00
    outer loop
      vertex   -3.755551e+01 -4.327374e+01 2.860000e+01
      vertex   -3.755551e+01 -4.327374e+01 3.100000e+01
      vertex   -3.802758e+01 -4.352921e+01 2.860000e+01
    endloop
  endfacet
  facet normal 4.759474e-01 -8.794738e-01 0.000000e+00
    outer loop
      vertex   -3.802758e+01 -4.352921e+01 2.860000e+01
      vertex   -3.755551e+01 -4.327374e+01 3.100000e+01
      vertex   -3.802758e+01 -4.352921e+01 3.100000e+01
    endloop
  endfacet
  facet normal 6.142127e-01 -7.891405e-01 0.000000e+00
    outer loop
      vertex   -3.802758e+01 -4.352921e+01 2.860000e+01
      vertex   -3.802758e+01 -4.352921e+01 3.100000e+01
      vertex   -3.845117e+01 -4.385890e+01 2.860000e+01
    endloop
  endfacet
  facet normal 6.142127e-01 -7.891405e-01 0.000000e+00
    outer loop
      vertex   -3.845117e+01 -4.385890e+01 2.860000e+01
      vertex   -3.802758e+01 -4.352921e+01 3.100000e+01
      vertex   -3.845117e+01 -4.385890e+01 3.100000e+01
    endloop
  endfacet
  facet normal 7.357239e-01 -6.772816e-01 0.000000e+00
    outer loop
      vertex   -3.845117e+01 -4.385890e+01 2.860000e+01
      vertex   -3.845117e+01 -4.385890e+01 3.100000e+01
      vertex   -3.881471e+01 -4.425381e+01 2.860000e+01
    endloop
  endfacet
  facet normal 7.357239e-01 -6.772816e-01 0.000000e+00
    outer loop
      vertex   -3.881471e+01 -4.425381e+01 2.860000e+01
      vertex   -3.845117e+01 -4.385890e+01 3.100000e+01
      vertex   -3.881471e+01 -4.425381e+01 3.100000e+01
    endloop
  endfacet
  facet normal 8.371665e-01 -5.469482e-01 0.000000e+00
    outer loop
      vertex   -3.881471e+01 -4.425381e+01 2.860000e+01
      vertex   -3.881471e+01 -4.425381e+01 3.100000e+01
      vertex   -3.910829e+01 -4.470317e+01 2.860000e+01
    endloop
  endfacet
  facet normal 8.371665e-01 -5.469482e-01 0.000000e+00
    outer loop
      vertex   -3.910829e+01 -4.470317e+01 2.860000e+01
      vertex   -3.881471e+01 -4.425381e+01 3.100000e+01
      vertex   -3.910829e+01 -4.470317e+01 3.100000e+01
    endloop
  endfacet
  facet normal 9.157733e-01 -4.016954e-01 0.000000e+00
    outer loop
      vertex   -3.910829e+01 -4.470317e+01 2.860000e+01
      vertex   -3.910829e+01 -4.470317e+01 3.100000e+01
      vertex   -3.932391e+01 -4.519473e+01 2.860000e+01
    endloop
  endfacet
  facet normal 9.157733e-01 -4.016954e-01 0.000000e+00
    outer loop
      vertex   -3.932391e+01 -4.519473e+01 2.860000e+01
      vertex   -3.910829e+01 -4.470317e+01 3.100000e+01
      vertex   -3.932391e+01 -4.519473e+01 3.100000e+01
    endloop
  endfacet
  facet normal 9.694003e-01 -2.454855e-01 0.000000e+00
    outer loop
      vertex   -3.932391e+01 -4.519473e+01 2.860000e+01
      vertex   -3.932391e+01 -4.519473e+01 3.100000e+01
      vertex   -3.945567e+01 -4.571507e+01 2.860000e+01
    endloop
  endfacet
  facet normal 9.694003e-01 -2.454855e-01 0.000000e+00
    outer loop
      vertex   -3.945567e+01 -4.571507e+01 2.860000e+01
      vertex   -3.932391e+01 -4.519473e+01 3.100000e+01
      vertex   -3.945567e+01 -4.571507e+01 3.100000e+01
    endloop
  endfacet
  facet normal 9.965845e-01 -8.257935e-02 0.000000e+00
    outer loop
      vertex   -3.945567e+01 -4.571507e+01 2.860000e+01
      vertex   -3.945567e+01 -4.571507e+01 3.100000e+01
      vertex   -3.950000e+01 -4.625000e+01 2.860000e+01
    endloop
  endfacet
  facet normal 9.965845e-01 -8.257935e-02 0.000000e+00
    outer loop
      vertex   -3.950000e+01 -4.625000e+01 2.860000e+01
      vertex   -3.945567e+01 -4.571507e+01 3.100000e+01
      vertex   -3.950000e+01 -4.625000e+01 3.100000e+01
    endloop
  endfacet
  facet normal 9.965845e-01 8.257935e-02 -0.000000e+00
    outer loop
      vertex   -3.950000e+01 -4.625000e+01 2.860000e+01
      vertex   -3.950000e+01 -4.625000e+01 3.100000e+01
      vertex   -3.945567e+01 -4.678493e+01 2.860000e+01
    endloop
  endfacet
  facet normal 9.965845e-01 8.257935e-02 -0.000000e+00
    outer loop
      vertex   -3.945567e+01 -4.678493e+01 2.860000e+01
      vertex   -3.950000e+01 -4.625000e+01 3.100000e+01
      vertex   -3.945567e+01 -4.678493e+01 3.100000e+01
    endloop
  endfacet
  facet normal 9.694003e-01 2.454855e-01 -0.000000e+00
    outer loop
      vertex   -3.945567e+01 -4.678493e+01 2.860000e+01
      vertex   -3.945567e+01 -4.678493e+01 3.100000e+01
      vertex   -3.932391e+01 -4.730527e+01 2.860000e+01
    endloop
  endfacet
  facet normal 9.694003e-01 2.454855e-01 -0.000000e+00
    outer loop
      vertex   -3.932391e+01 -4.730527e+01 2.860000e+01
      vertex   -3.945567e+01 -4.678493e+01 3.100000e+01
      vertex   -3.932391e+01 -4.730527e+01 3.100000e+01
    endloop
  endfacet
  facet normal 9.157733e-01 4.016954e-01 -0.000000e+00
    outer loop
      vertex   -3.932391e+01 -4.730527e+01 2.860000e+01
      vertex   -3.932391e+01 -4.730527e+01 3.100000e+01
      vertex   -3.910829e+01 -4.779683e+01 2.860000e+01
    endloop
  endfacet
  facet normal 9.157733e-01 4.016954e-01 -0.000000e+00
    outer loop
      vertex   -3.910829e+01 -4.779683e+01 2.860000e+01
      vertex   -3.932391e+01 -4.730527e+01 3.100000e+01
      vertex   -3.910829e+01 -4.779683e+01 3.100000e+01
    endloop
  endfacet
  facet normal 8.371665e-01 5.469482e-01 -0.000000e+00
    outer loop
      vertex   -3.910829e+01 -4.779683e+01 2.860000e+01
      vertex   -3.910829e+01 -4.779683e+01 3.100000e+01
      vertex   -3.881471e+01 -4.824619e+01 2.860000e+01
    endloop
  endfacet
  facet normal 8.371665e-01 5.469482e-01 -0.000000e+00
    outer loop
      vertex   -3.881471e+01 -4.824619e+01 2.860000e+01
      vertex   -3.910829e+01 -4.779683e+01 3.100000e+01
      vertex   -3.881471e+01 -4.824619e+01 3.100000e+01
    endloop
  endfacet
  facet normal 7.357239e-01 6.772816e-01 -0.000000e+00
    outer loop
      vertex   -3.881471e+01 -4.824619e+01 2.860000e+01
      vertex   -3.881471e+01 -4.824619e+01 3.100000e+01
      vertex   -3.845117e+01 -4.864110e+01 2.860000e+01
    endloop
  endfacet
  facet normal 7.357239e-01 6.772816e-01 -0.000000e+00
    outer loop
      vertex   -3.845117e+01 -4.864110e+01 2.860000e+01
      vertex   -3.881471e+01 -4.824619e+01 3.100000e+01
      vertex   -3.845117e+01 -4.864110e+01 3.100000e+01
    endloop
  endfacet
  facet normal 6.142127e-01 7.891405e-01 -0.000000e+00
    outer loop
      vertex   -3.845117e+01 -4.864110e+01 2.860000e+01
      vertex   -3.845117e+01 -4.864110e+01 3.100000e+01
      vertex   -3.802758e+01 -4.897079e+01 2.860000e+01
    endloop
  endfacet
  facet normal 6.142127e-01 7.891405e-01 -0.000000e+00
    outer loop
      vertex   -3.802758e+01 -4.897079e+01 2.860000e+01
      vertex   -3.845117e+01 -4.864110e+01 3.100000e+01
      vertex   -3.802758e+01 -4.897079e+01 3.100000e+01
    endloop
  endfacet
  facet normal 4.759474e-01 8.794738e-01 -0.000000e+00
    outer loop
      vertex   -3.802758e+01 -4.897079e+01 2.860000e+01
      vertex   -3.802758e+01 -4.897079e+01 3.100000e+01
      vertex   -3.755551e+01 -4.922626e+01 2.860000e+01
    endloop
  endfacet
  facet normal 4.759474e-01 8.794738e-01 -0.000000e+00
    outer loop
      vertex   -3.755551e+01 -4.922626e+01 2.860000e+01
      vertex   -3.802758e+01 -4.897079e+01 3.100000e+01
      vertex   -3.755551e+01 -4.922626e+01 3.100000e+01
    endloop
  endfacet
  facet normal 3.246995e-01 9.458172e-01 -0.000000e+00
    outer loop
      vertex   -3.755551e+01 -4.922626e+01 2.860000e+01
      vertex   -3.755551e+01 -4.922626e+01 3.100000e+01
      vertex   -3.704783e+01 -4.940055e+01 2.860000e+01
    endloop
  endfacet
  facet normal 3.246995e-01 9.458172e-01 -0.000000e+00
    outer loop
      vertex   -3.704783e+01 -4.940055e+01 2.860000e+01
      vertex   -3.755551e+01 -4.922626e+01 3.100000e+01
      vertex   -3.704783e+01 -4.940055e+01 3.100000e+01
    endloop
  endfacet
  facet normal 1.645946e-01 9.863613e-01 -0.000000e+00
    outer loop
      vertex   -3.704783e+01 -4.940055e+01 2.860000e+01
      vertex   -3.704783e+01 -4.940055e+01 3.100000e+01
      vertex   -3.651838e+01 -4.948890e+01 2.860000e+01
    endloop
  endfacet
  facet normal 1.645946e-01 9.863613e-01 -0.000000e+00
    outer loop
      vertex   -3.651838e+01 -4.948890e+01 2.860000e+01
      vertex   -3.704783e+01 -4.940055e+01 3.100000e+01
      vertex   -3.651838e+01 -4.948890e+01 3.100000e+01
    endloop
  endfacet
  facet normal 0.000000e+00 1.000000e+00 0.000000e+00
    outer loop
      vertex   -3.651838e+01 -4.948890e+01 2.860000e+01
      vertex   -3.651838e+01 -4.948890e+01 3.100000e+01
      vertex   -3.598162e+01 -4.948890e+01 2.860000e+01
    endloop
  endfacet
  facet normal 0.000000e+00 1.000000e+00 -0.000000e+00
    outer loop
      vertex   -3.598162e+01 -4.948890e+01 2.860000e+01
      vertex   -3.651838e+01 -4.948890e+01 3.100000e+01
      vertex   -3.598162e+01 -4.948890e+01 3.100000e+01
    endloop
  endfacet
  facet normal -1.645946e-01 9.863613e-01 4.872979e-16
    outer loop
      vertex   -3.598162e+01 -4.948890e+01 2.860000e+01
      vertex   -3.598162e+01 -4.948890e+01 3.100000e+01
      vertex   -3.545217e+01 -4.940055e+01 2.860000e+01
    endloop
  endfacet
  facet normal -1.645946e-01 9.863613e-01 0.000000e+00
    outer loop
      vertex   -3.545217e+01 -4.940055e+01 2.860000e+01
      vertex   -3.598162e+01 -4.948890e+01 3.100000e+01
      vertex   -3.545217e+01 -4.940055e+01 3.100000e+01
    endloop
  endfacet
  facet normal -3.246995e-01 9.458172e-01 0.000000e+00
    outer loop
      vertex   -3.545217e+01 -4.940055e+01 2.860000e+01
      vertex   -3.545217e+01 -4.940055e+01 3.100000e+01
      vertex   -3.494449e+01 -4.922626e+01 2.860000e+01
    endloop
  endfacet
  facet normal -3.246995e-01 9.458172e-01 0.000000e+00
    outer loop
      vertex   -3.494449e+01 -4.922626e+01 2.860000e+01
      vertex   -3.545217e+01 -4.940055e+01 3.100000e+01
      vertex   -3.494449e+01 -4.922626e+01 3.100000e+01
    endloop
  endfacet
  facet normal -4.759474e-01 8.794738e-01 0.000000e+00
    outer loop
      vertex   -3.494449e+01 -4.922626e+01 2.860000e+01
      vertex   -3.494449e+01 -4.922626e+01 3.100000e+01
      vertex   -3.447242e+01 -4.897079e+01 2.860000e+01
    endloop
  endfacet
  facet normal -4.759474e-01 8.794738e-01 0.000000e+00
    outer loop
      vertex   -3.447242e+01 -4.897079e+01 2.860000e+01
      vertex   -3.494449e+01 -4.922626e+01 3.100000e+01
      vertex   -3.447242e+01 -4.897079e+01 3.100000e+01
    endloop
  endfacet
  facet normal -6.142127e-01 7.891405e-01 0.000000e+00
    outer loop
      vertex   -3.447242e+01 -4.897079e+01 2.860000e+01
      vertex   -3.447242e+01 -4.897079e+01 3.100000e+01
      vertex   -3.404883e+01 -4.864110e+01 2.860000e+01
    endloop
  endfacet
  facet normal -6.142127e-01 7.891405e-01 0.000000e+00
    outer loop
      vertex   -3.404883e+01 -4.864110e+01 2.860000e+01
      vertex   -3.447242e+01 -4.897079e+01 3.100000e+01
      vertex   -3.404883e+01 -4.864110e+01 3.100000e+01
    endloop
  endfacet
  facet normal -7.357239e-01 6.772816e-01 0.000000e+00
    outer loop
      vertex   -3.404883e+01 -4.864110e+01 2.860000e+01
      vertex   -3.404883e+01 -4.864110e+01 3.100000e+01
      vertex   -3.368529e+01 -4.824619e+01 2.860000e+01
    endloop
  endfacet
  facet normal -7.357239e-01 6.772816e-01 0.000000e+00
    outer loop
      vertex   -3.368529e+01 -4.824619e+01 2.860000e+01
      vertex   -3.404883e+01 -4.864110e+01 3.100000e+01
      vertex   -3.368529e+01 -4.824619e+01 3.100000e+01
    endloop
  endfacet
  facet normal -8.371665e-01 5.469482e-01 0.000000e+00
    outer loop
      vertex   -3.368529e+01 -4.824619e+01 2.860000e+01
      vertex   -3.368529e+01 -4.824619e+01 3.100000e+01
      vertex   -3.339171e+01 -4.779683e+01 2.860000e+01
    endloop
  endfacet
  facet normal -8.371665e-01 5.469482e-01 0.000000e+00
    outer loop
      vertex   -3.339171e+01 -4.779683e+01 2.860000e+01
      vertex   -3.368529e+01 -4.824619e+01 3.100000e+01
      vertex   -3.339171e+01 -4.779683e+01 3.100000e+01
    endloop
  endfacet
  facet normal -9.157733e-01 4.016954e-01 0.000000e+00
    outer loop
      vertex   -3.339171e+01 -4.779683e+01 2.860000e+01
      vertex   -3.339171e+01 -4.779683e+01 3.100000e+01
      vertex   -3.317609e+01 -4.730527e+01 2.860000e+01
    endloop
  endfacet
  facet normal -9.157733e-01 4.016954e-01 0.000000e+00
    outer loop
      vertex   -3.317609e+01 -4.730527e+01 2.860000e+01
      vertex   -3.339171e+01 -4.779683e+01 3.100000e+01
      vertex   -3.317609e+01 -4.730527e+01 3.100000e+01
    endloop
  endfacet
  facet normal -9.694003e-01 2.454855e-01 0.000000e+00
    outer loop
      vertex   -3.317609e+01 -4.730527e+01 2.860000e+01
      vertex   -3.317609e+01 -4.730527e+01 3.100000e+01
      vertex   -3.304433e+01 -4.678493e+01 2.860000e+01
    endloop
  endfacet
  facet normal -9.694003e-01 2.454855e-01 7.267830e-16
    outer loop
      vertex   -3.304433e+01 -4.678493e+01 2.860000e+01
      vertex   -3.317609e+01 -4.730527e+01 3.100000e+01
      vertex   -3.304433e+01 -4.678493e+01 3.100000e+01
    endloop
  endfacet
  facet normal 0.000000e+00 0.000000e+00 1.000000e+00
    outer loop
      vertex   -3.304433e+01 -4.571507e+01 2.860000e+01
      vertex   -3.945567e+01 -4.571507e+01 2.860000e+01
      vertex   -3.300000e+01 -4.625000e+01 2.860000e+01
    endloop
  endfacet
  facet normal 0.000000e+00 0.000000e+00 1.000000e+00
    outer loop
      vertex   -3.300000e+01 -4.625000e+01 2.860000e+01
      vertex   -3.945567e+01 -4.571507e+01 2.860000e+01
      vertex   -3.950000e+01 -4.625000e+01 2.860000e+01
    endloop
  endfacet
  facet normal 0.000000e+00 0.000000e+00 1.000000e+00
    outer loop
      vertex   -3.300000e+01 -4.625000e+01 2.860000e+01
      vertex   -3.950000e+01 -4.625000e+01 2.860000e+01
      vertex   -3.304433e+01 -4.678493e+01 2.860000e+01
    endloop
  endfacet
  facet normal 0.000000e+00 0.000000e+00 1.000000e+00
    outer loop
      vertex   -3.304433e+01 -4.678493e+01 2.860000e+01
      vertex   -3.950000e+01 -4.625000e+01 2.860000e+01
      vertex   -3.945567e+01 -4.678493e+01 2.860000e+01
    endloop
  endfacet
  facet normal 0.000000e+00 0.000000e+00 1.000000e+00
    outer loop
      vertex   -3.304433e+01 -4.678493e+01 2.860000e+01
      vertex   -3.945567e+01 -4.678493e+01 2.860000e+01
      vertex   -3.317609e+01 -4.730527e+01 2.860000e+01
    endloop
  endfacet
  facet normal 0.000000e+00 0.000000e+00 1.000000e+00
    outer loop
      vertex   -3.317609e+01 -4.730527e+01 2.860000e+01
      vertex   -3.945567e+01 -4.678493e+01 2.860000e+01
      vertex   -3.932391e+01 -4.730527e+01 2.860000e+01
    endloop
  endfacet
  facet normal 0.000000e+00 0.000000e+00 1.000000e+00
    outer loop
      vertex   -3.317609e+01 -4.730527e+01 2.860000e+01
      vertex   -3.932391e+01 -4.730527e+01 2.860000e+01
      vertex   -3.339171e+01 -4.779683e+01 2.860000e+01
    endloop
  endfacet
  facet normal 0.000000e+00 0.000000e+00 1.000000e+00
    outer loop
      vertex   -3.339171e+01 -4.779683e+01 2.860000e+01
      vertex   -3.932391e+01 -4.730527e+01 2.860000e+01
      vertex   -3.910829e+01 -4.779683e+01 2.860000e+01
    endloop
  endfacet
  facet normal 0.000000e+00 0.000000e+00 1.000000e+00
    outer loop
      vertex   -3.339171e+01 -4.779683e+01 2.860000e+01
      vertex   -3.910829e+01 -4.779683e+01 2.860000e+01
      vertex   -3.368529e+01 -4.824619e+01 2.860000e+01
    endloop
  endfacet
  facet normal 0.000000e+00 0.000000e+00 1.000000e+00
    outer loop
      vertex   -3.368529e+01 -4.824619e+01 2.860000e+01
      vertex   -3.910829e+01 -4.779683e+01 2.860000e+01
      vertex   -3.881471e+01 -4.824619e+01 2.860000e+01
    endloop
  endfacet
  facet normal 0.000000e+00 0.000000e+00 1.000000e+00
    outer loop
      vertex   -3.368529e+01 -4.824619e+01 2.860000e+01
      vertex   -3.881471e+01 -4.824619e+01 2.860000e+01
      vertex   -3.404883e+01 -4.864110e+01 2.860000e+01
    endloop
  endfacet
  facet normal 0.000000e+00 0.000000e+00 1.000000e+00
    outer loop
      vertex   -3.404883e+01 -4.864110e+01 2.860000e+01
      vertex   -3.881471e+01 -4.824619e+01 2.860000e+01
      vertex   -3.845117e+01 -4.864110e+01 2.860000e+01
    endloop
  endfacet
  facet normal 0.000000e+00 0.000000e+00 1.000000e+00
    outer loop
      vertex   -3.404883e+01 -4.864110e+01 2.860000e+01
      vertex   -3.845117e+01 -4.864110e+01 2.860000e+01
      vertex   -3.447242e+01 -4.897079e+01 2.860000e+01
    endloop
  endfacet
  facet normal 0.000000e+00 0.000000e+00 1.000000e+00
    outer loop
      vertex   -3.447242e+01 -4.897079e+01 2.860000e+01
      vertex   -3.845117e+01 -4.864110e+01 2.860000e+01
      vertex   -3.802758e+01 -4.897079e+01 2.860000e+01
    endloop
  endfacet
  facet normal 0.000000e+00 0.000000e+00 1.000000e+00
    outer loop
      vertex   -3.447242e+01 -4.897079e+01 2.860000e+01
      vertex   -3.802758e+01 -4.897079e+01 2.860000e+01
      vertex   -3.494449e+01 -4.922626e+01 2.860000e+01
    endloop
  endfacet
  facet normal 0.000000e+00 0.000000e+00 1.000000e+00
    outer loop
      vertex   -3.494449e+01 -4.922626e+01 2.860000e+01
      vertex   -3.802758e+01 -4.897079e+01 2.860000e+01
      vertex   -3.755551e+01 -4.922626e+01 2.860000e+01
    endloop
  endfacet
  facet normal 0.000000e+00 0.000000e+00 1.000000e+00
    outer loop
      vertex   -3.494449e+01 -4.922626e+01 2.860000e+01
      vertex   -3.755551e+01 -4.922626e+01 2.860000e+01
      vertex   -3.545217e+01 -4.940055e+01 2.860000e+01
    endloop
  endfacet
  facet normal 0.000000e+00 0.000000e+00 1.000000e+00
    outer loop
      vertex   -3.545217e+01 -4.940055e+01 2.860000e+01
      vertex   -3.755551e+01 -4.922626e+01 2.860000e+01
      vertex   -3.704783e+01 -4.940055e+01 2.860000e+01
    endloop
  endfacet
  facet normal 0.000000e+00 0.000000e+00 1.000000e+00
    outer loop
      vertex   -3.545217e+01 -4.940055e+01 2.860000e+01
      vertex   -3.704783e+01 -4.940055e+01 2.860000e+01
      vertex   -3.598162e+01 -4.948890e+01 2.860000e+01
    endloop
  endfacet
  facet normal 0.000000e+00 0.000000e+00 1.000000e+00
    outer loop
      vertex   -3.598162e+01 -4.948890e+01 2.860000e+01
      vertex   -3.704783e+01 -4.940055e+01 2.860000e+01
      vertex   -3.651838e+01 -4.948890e+01 2.860000e+01
    endloop
  endfacet
  facet normal 0.000000e+00 0.000000e+00 1.000000e+00
    outer loop
      vertex   -3.945567e+01 -4.571507e+01 2.860000e+01
      vertex   -3.304433e+01 -4.571507e+01 2.860000e+01
      vertex   -3.932391e+01 -4.519473e+01 2.860000e+01
    endloop
  endfacet
  facet normal -0.000000e+00 0.000000e+00 1.000000e+00
    outer loop
      vertex   -3.932391e+01 -4.519473e+01 2.860000e+01
      vertex   -3.304433e+01 -4.571507e+01 2.860000e+01
      vertex   -3.317609e+01 -4.519473e+01 2.860000e+01
    endloop
  endfacet
  facet normal 0.000000e+00 0.000000e+00 1.000000e+00
    outer loop
      vertex   -3.932391e+01 -4.519473e+01 2.860000e+01
      vertex   -3.317609e+01 -4.519473e+01 2.860000e+01
      vertex   -3.910829e+01 -4.470317e+01 2.860000e+01
    endloop
  endfacet
  facet normal -0.000000e+00 0.000000e+00 1.000000e+00
    outer loop
      vertex   -3.910829e+01 -4.470317e+01 2.860000e+01
      vertex   -3.317609e+01 -4.519473e+01 2.860000e+01
      vertex   -3.339171e+01 -4.470317e+01 2.860000e+01
    endloop
  endfacet
  facet normal 0.000000e+00 0.000000e+00 1.000000e+00
    outer loop
      vertex   -3.910829e+01 -4.470317e+01 2.860000e+01
      vertex   -3.339171e+01 -4.470317e+01 2.860000e+01
      vertex   -3.881471e+01 -4.425381e+01 2.860000e+01
    endloop
  endfacet
  facet normal -0.000000e+00 0.000000e+00 1.000000e+00
    outer loop
      vertex   -3.881471e+01 -4.425381e+01 2.860000e+01
      vertex   -3.339171e+01 -4.470317e+01 2.860000e+01
      vertex   -3.368529e+01 -4.425381e+01 2.860000e+01
    endloop
  endfacet
  facet normal 0.000000e+00 0.000000e+00 1.000000e+00
    outer loop
      vertex   -3.881471e+01 -4.425381e+01 2.860000e+01
      vertex   -3.368529e+01 -4.425381e+01 2.860000e+01
      vertex   -3.845117e+01 -4.385890e+01 2.860000e+01
    endloop
  endfacet
  facet normal -0.000000e+00 0.000000e+00 1.000000e+00
    outer loop
      vertex   -3.845117e+01 -4.385890e+01 2.860000e+01
      vertex   -3.368529e+01 -4.425381e+01 2.860000e+01
      vertex   -3.404883e+01 -4.385890e+01 2.860000e+01
    endloop
  endfacet
  facet normal 0.000000e+00 0.000000e+00 1.000000e+00
    outer loop
      vertex   -3.845117e+01 -4.385890e+01 2.860000e+01
      vertex   -3.404883e+01 -4.385890e+01 2.860000e+01
      vertex   -3.802758e+01 -4.352921e+01 2.860000e+01
    endloop
  endfacet
  facet normal -0.000000e+00 0.000000e+00 1.000000e+00
    outer loop
      vertex   -3.802758e+01 -4.352921e+01 2.860000e+01
      vertex   -3.404883e+01 -4.385890e+01 2.860000e+01
      vertex   -3.447242e+01 -4.352921e+01 2.860000e+01
    endloop
  endfacet
  facet normal 0.000000e+00 0.000000e+00 1.000000e+00
    outer loop
      vertex   -3.802758e+01 -4.352921e+01 2.860000e+01
      vertex   -3.447242e+01 -4.352921e+01 2.860000e+01
      vertex   -3.755551e+01 -4.327374e+01 2.860000e+01
    endloop
  endfacet
  facet normal -0.000000e+00 0.000000e+00 1.000000e+00
    outer loop
      vertex   -3.755551e+01 -4.327374e+01 2.860000e+01
      vertex   -3.447242e+01 -4.352921e+01 2.860000e+01
      vertex   -3.494449e+01 -4.327374e+01 2.860000e+01
    endloop
  endfacet
  facet normal 0.000000e+00 0.000000e+00 1.000000e+00
    outer loop
      vertex   -3.755551e+01 -4.327374e+01 2.860000e+01
      vertex   -3.494449e+01 -4.327374e+01 2.860000e+01
      vertex   -3.704783e+01 -4.309945e+01 2.860000e+01
    endloop
  endfacet
  facet normal -0.000000e+00 0.000000e+00 1.000000e+00
    outer loop
      vertex   -3.704783e+01 -4.309945e+01 2.860000e+01
      vertex   -3.494449e+01 -4.327374e+01 2.860000e+01
      vertex   -3.545217e+01 -4.309945e+01 2.860000e+01
    endloop
  endfacet
  facet normal 0.000000e+00 0.000000e+00 1.000000e+00
    outer loop
      vertex   -3.704783e+01 -4.309945e+01 2.860000e+01
      vertex   -3.545217e+01 -4.309945e+01 2.860000e+01
      vertex   -3.651838e+01 -4.301110e+01 2.860000e+01
    endloop
  endfacet
  facet normal -0.000000e+00 0.000000e+00 1.000000e+00
    outer loop
      vertex   -3.651838e+01 -4.301110e+01 2.860000e+01
      vertex   -3.545217e+01 -4.309945e+01 2.860000e+01
      vertex   -3.598162e+01 -4.301110e+01 2.860000e+01
    endloop
  endfacet
  facet normal -9.965845e-01 8.257935e-02 2.444840e-16
    outer loop
      vertex   -5.904433e+01 -4.678493e+01 2.860000e+01
      vertex   -5.904433e+01 -4.678493e+01 3.100000e+01
      vertex   -5.900000e+01 -4.625000e+01 2.860000e+01
    endloop
  endfacet
  facet normal -9.965845e-01 8.257935e-02 0.000000e+00
    outer loop
      vertex   -5.900000e+01 -4.625000e+01 2.860000e+01
      vertex   -5.904433e+01 -4.678493e+01 3.100000e+01
      vertex   -5.900000e+01 -4.625000e+01 3.100000e+01
    endloop
  endfacet
  facet normal -9.965845e-01 -8.257935e-02 0.000000e+00
    outer loop
      vertex   -5.900000e+01 -4.625000e+01 2.860000e+01
      vertex   -5.900000e+01 -4.625000e+01 3.100000e+01
      vertex   -5.904433e+01 -4.571507e+01 2.860000e+01
    endloop
  endfacet
  facet normal -9.965845e-01 -8.257935e-02 -2.444840e-16
    outer loop
      vertex   -5.904433e+01 -4.571507e+01 2.860000e+01
      vertex   -5.900000e+01 -4.625000e+01 3.100000e+01
      vertex   -5.904433e+01 -4.571507e+01 3.100000e+01
    endloop
  endfacet
  facet normal -9.694003e-01 -2.454855e-01 -7.267830e-16
    outer loop
      vertex   -5.904433e+01 -4.571507e+01 2.860000e+01
      vertex   -5.904433e+01 -4.571507e+01 3.100000e+01
      vertex   -5.917609e+01 -4.519473e+01 2.860000e+01
    endloop
  endfacet
  facet normal -9.694003e-01 -2.454855e-01 0.000000e+00
    outer loop
      vertex   -5.917609e+01 -4.519473e+01 2.860000e+01
      vertex   -5.904433e+01 -4.571507e+01 3.100000e+01
      vertex   -5.917609e+01 -4.519473e+01 3.100000e+01
    endloop
  endfacet
  facet normal -9.157733e-01 -4.016954e-01 0.000000e+00
    outer loop
      vertex   -5.917609e+01 -4.519473e+01 2.860000e+01
      vertex   -5.917609e+01 -4.519473e+01 3.100000e+01
      vertex   -5.939171e+01 -4.470317e+01 2.860000e+01
    endloop
  endfacet
  facet normal -9.157733e-01 -4.016954e-01 0.000000e+00
    outer loop
      vertex   -5.939171e+01 -4.470317e+01 2.860000e+01
      vertex   -5.917609e+01 -4.519473e+01 3.100000e+01
      vertex   -5.939171e+01 -4.470317e+01 3.100000e+01
    endloop
  endfacet
  facet normal -8.371665e-01 -5.469482e-01 0.000000e+00
    outer loop
      vertex   -5.939171e+01 -4.470317e+01 2.860000e+01
      vertex   -5.939171e+01 -4.470317e+01 3.100000e+01
      vertex   -5.968529e+01 -4.425381e+01 2.860000e+01
    endloop
  endfacet
  facet normal -8.371665e-01 -5.469482e-01 0.000000e+00
    outer loop
      vertex   -5.968529e+01 -4.425381e+01 2.860000e+01
      vertex   -5.939171e+01 -4.470317e+01 3.100000e+01
      vertex   -5.968529e+01 -4.425381e+01 3.100000e+01
    endloop
  endfacet
  facet normal -7.357239e-01 -6.772816e-01 0.000000e+00
    outer loop
      vertex   -5.968529e+01 -4.425381e+01 2.860000e+01
      vertex   -5.968529e+01 -4.425381e+01 3.100000e+01
      vertex   -6.004883e+01 -4.385890e+01 2.860000e+01
    endloop
  endfacet
  facet normal -7.357239e-01 -6.772816e-01 2.178180e-15
    outer loop
      vertex   -6.004883e+01 -4.385890e+01 2.860000e+01
      vertex   -5.968529e+01 -4.425381e+01 3.100000e+01
      vertex   -6.004883e+01 -4.385890e+01 3.100000e+01
    endloop
  endfacet
  facet normal -6.142127e-01 -7.891405e-01 1.818435e-15
    outer loop
      vertex   -6.004883e+01 -4.385890e+01 2.860000e+01
      vertex   -6.004883e+01 -4.385890e+01 3.100000e+01
      vertex   -6.047242e+01 -4.352921e+01 2.860000e+01
    endloop
  endfacet
  facet normal -6.142127e-01 -7.891405e-01 0.000000e+00
    outer loop
      vertex   -6.047242e+01 -4.352921e+01 2.860000e+01
      vertex   -6.004883e+01 -4.385890e+01 3.100000e+01
      vertex   -6.047242e+01 -4.352921e+01 3.100000e+01
    endloop
  endfacet
  facet normal -4.759474e-01 -8.794738e-01 0.000000e+00
    outer loop
      vertex   -6.047242e+01 -4.352921e+01 2.860000e+01
      vertex   -6.047242e+01 -4.352921e+01 3.100000e+01
      vertex   -6.094449e+01 -4.327374e+01 2.860000e+01
    endloop
  endfacet
  facet normal -4.759474e-01 -8.794738e-01 0.000000e+00
    outer loop
      vertex   -6.094449e+01 -4.327374e+01 2.860000e+01
      vertex   -6.047242e+01 -4.352921e+01 3.100000e+01
      vertex   -6.094449e+01 -4.327374e+01 3.100000e+01
    endloop
  endfacet
  facet normal -3.246995e-01 -9.458172e-01 0.000000e+00
    outer loop
      vertex   -6.094449e+01 -4.327374e+01 2.860000e+01
      vertex   -6.094449e+01 -4.327374e+01 3.100000e+01
      vertex   -6.145217e+01 -4.309945e+01 2.860000e+01
    endloop
  endfacet
  facet normal -3.246995e-01 -9.458172e-01 0.000000e+00
    outer loop
      vertex   -6.145217e+01 -4.309945e+01 2.860000e+01
      vertex   -6.094449e+01 -4.327374e+01 3.100000e+01
      vertex   -6.145217e+01 -4.309945e+01 3.100000e+01
    endloop
  endfacet
  facet normal -1.645946e-01 -9.863613e-01 0.000000e+00
    outer loop
      vertex   -6.145217e+01 -4.309945e+01 2.860000e+01
      vertex   -6.145217e+01 -4.309945e+01 3.100000e+01
      vertex   -6.198162e+01 -4.301110e+01 2.860000e+01
    endloop
  endfacet
  facet normal -1.645946e-01 -9.863613e-01 0.000000e+00
    outer loop
      vertex   -6.198162e+01 -4.301110e+01 2.860000e+01
      vertex   -6.145217e+01 -4.309945e+01 3.100000e+01
      vertex   -6.198162e+01 -4.301110e+01 3.100000e+01
    endloop
  endfacet
  facet normal 0.000000e+00 -1.000000e+00 0.000000e+00
    outer loop
      vertex   -6.198162e+01 -4.301110e+01 2.860000e+01
      vertex   -6.198162e+01 -4.301110e+01 3.100000e+01
      vertex   -6.251838e+01 -4.301110e+01 2.860000e+01
    endloop
  endfacet
  facet normal 0.000000e+00 -1.000000e+00 0.000000e+00
    outer loop
      vertex   -6.251838e+01 -4.301110e+01 2.860000e+01
      vertex   -6.198162e+01 -4.301110e+01 3.100000e+01
      vertex   -6.251838e+01 -4.301110e+01 3.100000e+01
    endloop
  endfacet
  facet normal 1.645946e-01 -9.863613e-01 0.000000e+00
    outer loop
      vertex   -6.251838e+01 -4.301110e+01 2.860000e+01
      vertex   -6.251838e+01 -4.301110e+01 3.100000e+01
      vertex   -6.304783e+01 -4.309945e+01 2.860000e+01
    endloop
  endfacet
  facet normal 1.645946e-01 -9.863613e-01 0.000000e+00
    outer loop
      vertex   -6.304783e+01 -4.309945e+01 2.860000e+01
      vertex   -6.251838e+01 -4.301110e+01 3.100000e+01
      vertex   -6.304783e+01 -4.309945e+01 3.100000e+01
    endloop
  endfacet
  facet normal 3.246995e-01 -9.458172e-01 0.000000e+00
    outer loop
      vertex   -6.304783e+01 -4.309945e+01 2.860000e+01
      vertex   -6.304783e+01 -4.309945e+01 3.100000e+01
      vertex   -6.355551e+01 -4.327374e+01 2.860000e+01
    endloop
  endfacet
  facet normal 3.246995e-01 -9.458172e-01 0.000000e+00
    outer loop
      vertex   -6.355551e+01 -4.327374e+01 2.860000e+01
      vertex   -6.304783e+01 -4.309945e+01 3.100000e+01
      vertex   -6.355551e+01 -4.327374e+01 3.100000e+01
    endloop
  endfacet
  facet normal 4.759474e-01 -8.794738e-01 0.000000e+00
    outer loop
      vertex   -6.355551e+01 -4.327374e+01 2.860000e+01
      vertex   -6.355551e+01 -4.327374e+01 3.100000e+01
      vertex   -6.402758e+01 -4.352921e+01 2.860000e+01
    endloop
  endfacet
  facet normal 4.759474e-01 -8.794738e-01 0.000000e+00
    outer loop
      vertex   -6.402758e+01 -4.352921e+01 2.860000e+01
      vertex   -6.355551e+01 -4.327374e+01 3.100000e+01
      vertex   -6.402758e+01 -4.352921e+01 3.100000e+01
    endloop
  endfacet
  facet normal 6.142127e-01 -7.891405e-01 0.000000e+00
    outer loop
      vertex   -6.402758e+01 -4.352921e+01 2.860000e+01
      vertex   -6.402758e+01 -4.352921e+01 3.100000e+01
      vertex   -6.445117e+01 -4.385890e+01 2.860000e+01
    endloop
  endfacet
  facet normal 6.142127e-01 -7.891405e-01 0.000000e+00
    outer loop
      vertex   -6.445117e+01 -4.385890e+01 2.860000e+01
      vertex   -6.402758e+01 -4.352921e+01 3.100000e+01
      vertex   -6.445117e+01 -4.385890e+01 3.100000e+01
    endloop
  endfacet
  facet normal 7.357239e-01 -6.772816e-01 0.000000e+00
    outer loop
      vertex   -6.445117e+01 -4.385890e+01 2.860000e+01
      vertex   -6.445117e+01 -4.385890e+01 3.100000e+01
      vertex   -6.481471e+01 -4.425381e+01 2.860000e+01
    endloop
  endfacet
  facet normal 7.357239e-01 -6.772816e-01 0.000000e+00
    outer loop
      vertex   -6.481471e+01 -4.425381e+01 2.860000e+01
      vertex   -6.445117e+01 -4.385890e+01 3.100000e+01
      vertex   -6.481471e+01 -4.425381e+01 3.100000e+01
    endloop
  endfacet
  facet normal 8.371665e-01 -5.469482e-01 0.000000e+00
    outer loop
      vertex   -6.481471e+01 -4.425381e+01 2.860000e+01
      vertex   -6.481471e+01 -4.425381e+01 3.100000e+01
      vertex   -6.510829e+01 -4.470317e+01 2.860000e+01
    endloop
  endfacet
  facet normal 8.371665e-01 -5.469482e-01 0.000000e+00
    outer loop
      vertex   -6.510829e+01 -4.470317e+01 2.860000e+01
      vertex   -6.481471e+01 -4.425381e+01 3.100000e+01
      vertex   -6.510829e+01 -4.470317e+01 3.100000e+01
    endloop
  endfacet
  facet normal 9.157733e-01 -4.016954e-01 0.000000e+00
    outer loop
      vertex   -6.510829e+01 -4.470317e+01 2.860000e+01
      vertex   -6.510829e+01 -4.470317e+01 3.100000e+01
      vertex   -6.532391e+01 -4.519473e+01 2.860000e+01
    endloop
  endfacet
  facet normal 9.157733e-01 -4.016954e-01 0.000000e+00
    outer loop
      vertex   -6.532391e+01 -4.519473e+01 2.860000e+01
      vertex   -6.510829e+01 -4.470317e+01 3.100000e+01
      vertex   -6.532391e+01 -4.519473e+01 3.100000e+01
    endloop
  endfacet
  facet normal 9.694003e-01 -2.454855e-01 0.000000e+00
    outer loop
      vertex   -6.532391e+01 -4.519473e+01 2.860000e+01
      vertex   -6.532391e+01 -4.519473e+01 3.100000e+01
      vertex   -6.545567e+01 -4.571507e+01 2.860000e+01
    endloop
  endfacet
  facet normal 9.694003e-01 -2.454855e-01 0.000000e+00
    outer loop
      vertex   -6.545567e+01 -4.571507e+01 2.860000e+01
      vertex   -6.532391e+01 -4.519473e+01 3.100000e+01
      vertex   -6.545567e+01 -4.571507e+01 3.100000e+01
    endloop
  endfacet
  facet normal 9.965845e-01 -8.257935e-02 0.000000e+00
    outer loop
      vertex   -6.545567e+01 -4.571507e+01 2.860000e+01
      vertex   -6.545567e+01 -4.571507e+01 3.100000e+01
      vertex   -6.550000e+01 -4.625000e+01 2.860000e+01
    endloop
  endfacet
  facet normal 9.965845e-01 -8.257935e-02 0.000000e+00
    outer loop
      vertex   -6.550000e+01 -4.625000e+01 2.860000e+01
      vertex   -6.545567e+01 -4.571507e+01 3.100000e+01
      vertex   -6.550000e+01 -4.625000e+01 3.100000e+01
    endloop
  endfacet
  facet normal 9.965845e-01 8.257935e-02 -0.000000e+00
    outer loop
      vertex   -6.550000e+01 -4.625000e+01 2.860000e+01
      vertex   -6.550000e+01 -4.625000e+01 3.100000e+01
      vertex   -6.545567e+01 -4.678493e+01 2.860000e+01
    endloop
  endfacet
  facet normal 9.965845e-01 8.257935e-02 -0.000000e+00
    outer loop
      vertex   -6.545567e+01 -4.678493e+01 2.860000e+01
      vertex   -6.550000e+01 -4.625000e+01 3.100000e+01
      vertex   -6.545567e+01 -4.678493e+01 3.100000e+01
    endloop
  endfacet
  facet normal 9.694003e-01 2.454855e-01 -0.000000e+00
    outer loop
      vertex   -6.545567e+01 -4.678493e+01 2.860000e+01
      vertex   -6.545567e+01 -4.678493e+01 3.100000e+01
      vertex   -6.532391e+01 -4.730527e+01 2.860000e+01
    endloop
  endfacet
  facet normal 9.694003e-01 2.454855e-01 -0.000000e+00
    outer loop
      vertex   -6.532391e+01 -4.730527e+01 2.860000e+01
      vertex   -6.545567e+01 -4.678493e+01 3.100000e+01
      vertex   -6.532391e+01 -4.730527e+01 3.100000e+01
    endloop
  endfacet
  facet normal 9.157733e-01 4.016954e-01 -0.000000e+00
    outer loop
      vertex   -6.532391e+01 -4.730527e+01 2.860000e+01
      vertex   -6.532391e+01 -4.730527e+01 3.100000e+01
      vertex   -6.510829e+01 -4.779683e+01 2.860000e+01
    endloop
  endfacet
  facet normal 9.157733e-01 4.016954e-01 -0.000000e+00
    outer loop
      vertex   -6.510829e+01 -4.779683e+01 2.860000e+01
      vertex   -6.532391e+01 -4.730527e+01 3.100000e+01
      vertex   -6.510829e+01 -4.779683e+01 3.100000e+01
    endloop
  endfacet
  facet normal 8.371665e-01 5.469482e-01 -0.000000e+00
    outer loop
      vertex   -6.510829e+01 -4.779683e+01 2.860000e+01
      vertex   -6.510829e+01 -4.779683e+01 3.100000e+01
      vertex   -6.481471e+01 -4.824619e+01 2.860000e+01
    endloop
  endfacet
  facet normal 8.371665e-01 5.469482e-01 -0.000000e+00
    outer loop
      vertex   -6.481471e+01 -4.824619e+01 2.860000e+01
      vertex   -6.510829e+01 -4.779683e+01 3.100000e+01
      vertex   -6.481471e+01 -4.824619e+01 3.100000e+01
    endloop
  endfacet
  facet normal 7.357239e-01 6.772816e-01 -0.000000e+00
    outer loop
      vertex   -6.481471e+01 -4.824619e+01 2.860000e+01
      vertex   -6.481471e+01 -4.824619e+01 3.100000e+01
      vertex   -6.445117e+01 -4.864110e+01 2.860000e+01
    endloop
  endfacet
  facet normal 7.357239e-01 6.772816e-01 -0.000000e+00
    outer loop
      vertex   -6.445117e+01 -4.864110e+01 2.860000e+01
      vertex   -6.481471e+01 -4.824619e+01 3.100000e+01
      vertex   -6.445117e+01 -4.864110e+01 3.100000e+01
    endloop
  endfacet
  facet normal 6.142127e-01 7.891405e-01 -0.000000e+00
    outer loop
      vertex   -6.445117e+01 -4.864110e+01 2.860000e+01
      vertex   -6.445117e+01 -4.864110e+01 3.100000e+01
      vertex   -6.402758e+01 -4.897079e+01 2.860000e+01
    endloop
  endfacet
  facet normal 6.142127e-01 7.891405e-01 -0.000000e+00
    outer loop
      vertex   -6.402758e+01 -4.897079e+01 2.860000e+01
      vertex   -6.445117e+01 -4.864110e+01 3.100000e+01
      vertex   -6.402758e+01 -4.897079e+01 3.100000e+01
    endloop
  endfacet
  facet normal 4.759474e-01 8.794738e-01 -0.000000e+00
    outer loop
      vertex   -6.402758e+01 -4.897079e+01 2.860000e+01
      vertex   -6.402758e+01 -4.897079e+01 3.100000e+01
      vertex   -6.355551e+01 -4.922626e+01 2.860000e+01
    endloop
  endfacet
  facet normal 4.759474e-01 8.794738e-01 -0.000000e+00
    outer loop
      vertex   -6.355551e+01 -4.922626e+01 2.860000e+01
      vertex   -6.402758e+01 -4.897079e+01 3.100000e+01
      vertex   -6.355551e+01 -4.922626e+01 3.100000e+01
    endloop
  endfacet
  facet normal 3.246995e-01 9.458172e-01 -0.000000e+00
    outer loop
      vertex   -6.355551e+01 -4.922626e+01 2.860000e+01
      vertex   -6.355551e+01 -4.922626e+01 3.100000e+01
      vertex   -6.304783e+01 -4.940055e+01 2.860000e+01
    endloop
  endfacet
  facet normal 3.246995e-01 9.458172e-01 -0.000000e+00
    outer loop
      vertex   -6.304783e+01 -4.940055e+01 2.860000e+01
      vertex   -6.355551e+01 -4.922626e+01 3.100000e+01
      vertex   -6.304783e+01 -4.940055e+01 3.100000e+01
    endloop
  endfacet
  facet normal 1.645946e-01 9.863613e-01 -0.000000e+00
    outer loop
      vertex   -6.304783e+01 -4.940055e+01 2.860000e+01
      vertex   -6.304783e+01 -4.940055e+01 3.100000e+01
      vertex   -6.251838e+01 -4.948890e+01 2.860000e+01
    endloop
  endfacet
  facet normal 1.645946e-01 9.863613e-01 -0.000000e+00
    outer loop
      vertex   -6.251838e+01 -4.948890e+01 2.860000e+01
      vertex   -6.304783e+01 -4.940055e+01 3.100000e+01
      vertex   -6.251838e+01 -4.948890e+01 3.100000e+01
    endloop
  endfacet
  facet normal 0.000000e+00 1.000000e+00 0.000000e+00
    outer loop
      vertex   -6.251838e+01 -4.948890e+01 2.860000e+01
      vertex   -6.251838e+01 -4.948890e+01 3.100000e+01
      vertex   -6.198162e+01 -4.948890e+01 2.860000e+01
    endloop
  endfacet
  facet normal 0.000000e+00 1.000000e+00 -0.000000e+00
    outer loop
      vertex   -6.198162e+01 -4.948890e+01 2.860000e+01
      vertex   -6.251838e+01 -4.948890e+01 3.100000e+01
      vertex   -6.198162e+01 -4.948890e+01 3.100000e+01
    endloop
  endfacet
  facet normal -1.645946e-01 9.863613e-01 0.000000e+00
    outer loop
      vertex   -6.198162e+01 -4.948890e+01 2.860000e+01
      vertex   -6.198162e+01 -4.948890e+01 3.100000e+01
      vertex   -6.145217e+01 -4.940055e+01 2.860000e+01
    endloop
  endfacet
  facet normal -1.645946e-01 9.863613e-01 0.000000e+00
    outer loop
      vertex   -6.145217e+01 -4.940055e+01 2.860000e+01
      vertex   -6.198162e+01 -4.948890e+01 3.100000e+01
      vertex   -6.145217e+01 -4.940055e+01 3.100000e+01
    endloop
  endfacet
  facet normal -3.246995e-01 9.458172e-01 0.000000e+00
    outer loop
      vertex   -6.145217e+01 -4.940055e+01 2.860000e+01
      vertex   -6.145217e+01 -4.940055e+01 3.100000e+01
      vertex   -6.094449e+01 -4.922626e+01 2.860000e+01
    endloop
  endfacet
  facet normal -3.246995e-01 9.458172e-01 0.000000e+00
    outer loop
      vertex   -6.094449e+01 -4.922626e+01 2.860000e+01
      vertex   -6.145217e+01 -4.940055e+01 3.100000e+01
      vertex   -6.094449e+01 -4.922626e+01 3.100000e+01
    endloop
  endfacet
  facet normal -4.759474e-01 8.794738e-01 0.000000e+00
    outer loop
      vertex   -6.094449e+01 -4.922626e+01 2.860000e+01
      vertex   -6.094449e+01 -4.922626e+01 3.100000e+01
      vertex   -6.047242e+01 -4.897079e+01 2.860000e+01
    endloop
  endfacet
  facet normal -4.759474e-01 8.794738e-01 0.000000e+00
    outer loop
      vertex   -6.047242e+01 -4.897079e+01 2.860000e+01
      vertex   -6.094449e+01 -4.922626e+01 3.100000e+01
      vertex   -6.047242e+01 -4.897079e+01 3.100000e+01
    endloop
  endfacet
  facet normal -6.142127e-01 7.891405e-01 0.000000e+00
    outer loop
      vertex   -6.047242e+01 -4.897079e+01 2.860000e+01
      vertex   -6.047242e+01 -4.897079e+01 3.100000e+01
      vertex   -6.004883e+01 -4.864110e+01 2.860000e+01
    endloop
  endfacet
  facet normal -6.142127e-01 7.891405e-01 -1.818435e-15
    outer loop
      vertex   -6.004883e+01 -4.864110e+01 2.860000e+01
      vertex   -6.047242e+01 -4.897079e+01 3.100000e+01
      vertex   -6.004883e+01 -4.864110e+01 3.100000e+01
    endloop
  endfacet
  facet normal -7.357239e-01 6.772816e-01 -2.178180e-15
    outer loop
      vertex   -6.004883e+01 -4.864110e+01 2.860000e+01
      vertex   -6.004883e+01 -4.864110e+01 3.100000e+01
      vertex   -5.968529e+01 -4.824619e+01 2.860000e+01
    endloop
  endfacet
  facet normal -7.357239e-01 6.772816e-01 0.000000e+00
    outer loop
      vertex   -5.968529e+01 -4.824619e+01 2.860000e+01
      vertex   -6.004883e+01 -4.864110e+01 3.100000e+01
      vertex   -5.968529e+01 -4.824619e+01 3.100000e+01
    endloop
  endfacet
  facet normal -8.371665e-01 5.469482e-01 0.000000e+00
    outer loop
      vertex   -5.968529e+01 -4.824619e+01 2.860000e+01
      vertex   -5.968529e+01 -4.824619e+01 3.100000e+01
      vertex   -5.939171e+01 -4.779683e+01 2.860000e+01
    endloop
  endfacet
  facet normal -8.371665e-01 5.469482e-01 0.000000e+00
    outer loop
      vertex   -5.939171e+01 -4.779683e+01 2.860000e+01
      vertex   -5.968529e+01 -4.824619e+01 3.100000e+01
      vertex   -5.939171e+01 -4.779683e+01 3.100000e+01
    endloop
  endfacet
  facet normal -9.157733e-01 4.016954e-01 0.000000e+00
    outer loop
      vertex   -5.939171e+01 -4.779683e+01 2.860000e+01
      vertex   -5.939171e+01 -4.779683e+01 3.100000e+01
      vertex   -5.917609e+01 -4.730527e+01 2.860000e+01
    endloop
  endfacet
  facet normal -9.157733e-01 4.016954e-01 0.000000e+00
    outer loop
      vertex   -5.917609e+01 -4.730527e+01 2.860000e+01
      vertex   -5.939171e+01 -4.779683e+01 3.100000e+01
      vertex   -5.917609e+01 -4.730527e+01 3.100000e+01
    endloop
  endfacet
  facet normal -9.694003e-01 2.454855e-01 0.000000e+00
    outer loop
      vertex   -5.917609e+01 -4.730527e+01 2.860000e+01
      vertex   -5.917609e+01 -4.730527e+01 3.100000e+01
      vertex   -5.904433e+01 -4.678493e+01 2.860000e+01
    endloop
  endfacet
  facet normal -9.694003e-01 2.454855e-01 7.267830e-16
    outer loop
      vertex   -5.904433e+01 -4.678493e+01 2.860000e+01
      vertex   -5.917609e+01 -4.730527e+01 3.100000e+01
      vertex   -5.904433e+01 -4.678493e+01 3.100000e+01
    endloop
  endfacet
  facet normal 0.000000e+00 0.000000e+00 1.000000e+00
    outer loop
      vertex   -5.904433e+01 -4.571507e+01 2.860000e+01
      vertex   -6.545567e+01 -4.571507e+01 2.860000e+01
      vertex   -5.900000e+01 -4.625000e+01 2.860000e+01
    endloop
  endfacet
  facet normal 0.000000e+00 0.000000e+00 1.000000e+00
    outer loop
      vertex   -5.900000e+01 -4.625000e+01 2.860000e+01
      vertex   -6.545567e+01 -4.571507e+01 2.860000e+01
      vertex   -6.550000e+01 -4.625000e+01 2.860000e+01
    endloop
  endfacet
  facet normal 0.000000e+00 0.000000e+00 1.000000e+00
    outer loop
      vertex   -5.900000e+01 -4.625000e+01 2.860000e+01
      vertex   -6.550000e+01 -4.625000e+01 2.860000e+01
      vertex   -5.904433e+01 -4.678493e+01 2.860000e+01
    endloop
  endfacet
  facet normal 0.000000e+00 0.000000e+00 1.000000e+00
    outer loop
      vertex   -5.904433e+01 -4.678493e+01 2.860000e+01
      vertex   -6.550000e+01 -4.625000e+01 2.860000e+01
      vertex   -6.545567e+01 -4.678493e+01 2.860000e+01
    endloop
  endfacet
  facet normal 0.000000e+00 0.000000e+00 1.000000e+00
    outer loop
      vertex   -5.904433e+01 -4.678493e+01 2.860000e+01
      vertex   -6.545567e+01 -4.678493e+01 2.860000e+01
      vertex   -5.917609e+01 -4.730527e+01 2.860000e+01
    endloop
  endfacet
  facet normal 0.000000e+00 0.000000e+00 1.000000e+00
    outer loop
      vertex   -5.917609e+01 -4.730527e+01 2.860000e+01
      vertex   -6.545567e+01 -4.678493e+01 2.860000e+01
      vertex   -6.532391e+01 -4.730527e+01 2.860000e+01
    endloop
  endfacet
  facet normal 0.000000e+00 0.000000e+00 1.000000e+00
    outer loop
      vertex   -5.917609e+01 -4.730527e+01 2.860000e+01
      vertex   -6.532391e+01 -4.730527e+01 2.860000e+01
      vertex   -5.939171e+01 -4.779683e+01 2.860000e+01
    endloop
  endfacet
  facet normal 0.000000e+00 0.000000e+00 1.000000e+00
    outer loop
      vertex   -5.939171e+01 -4.779683e+01 2.860000e+01
      vertex   -6.532391e+01 -4.730527e+01 2.860000e+01
      vertex   -6.510829e+01 -4.779683e+01 2.860000e+01
    endloop
  endfacet
  facet normal 0.000000e+00 0.000000e+00 1.000000e+00
    outer loop
      vertex   -5.939171e+01 -4.779683e+01 2.860000e+01
      vertex   -6.510829e+01 -4.779683e+01 2.860000e+01
      vertex   -5.968529e+01 -4.824619e+01 2.860000e+01
    endloop
  endfacet
  facet normal 0.000000e+00 0.000000e+00 1.000000e+00
    outer loop
      vertex   -5.968529e+01 -4.824619e+01 2.860000e+01
      vertex   -6.510829e+01 -4.779683e+01 2.860000e+01
      vertex   -6.481471e+01 -4.824619e+01 2.860000e+01
    endloop
  endfacet
  facet normal 0.000000e+00 0.000000e+00 1.000000e+00
    outer loop
      vertex   -5.968529e+01 -4.824619e+01 2.860000e+01
      vertex   -6.481471e+01 -4.824619e+01 2.860000e+01
      vertex   -6.004883e+01 -4.864110e+01 2.860000e+01
    endloop
  endfacet
  facet normal 0.000000e+00 0.000000e+00 1.000000e+00
    outer loop
      vertex   -6.004883e+01 -4.864110e+01 2.860000e+01
      vertex   -6.481471e+01 -4.824619e+01 2.860000e+01
      vertex   -6.445117e+01 -4.864110e+01 2.860000e+01
    endloop
  endfacet
  facet normal 0.000000e+00 0.000000e+00 1.000000e+00
    outer loop
      vertex   -6.004883e+01 -4.864110e+01 2.860000e+01
      vertex   -6.445117e+01 -4.864110e+01 2.860000e+01
      vertex   -6.047242e+01 -4.897079e+01 2.860000e+01
    endloop
  endfacet
  facet normal 0.000000e+00 0.000000e+00 1.000000e+00
    outer loop
      vertex   -6.047242e+01 -4.897079e+01 2.860000e+01
      vertex   -6.445117e+01 -4.864110e+01 2.860000e+01
      vertex   -6.402758e+01 -4.897079e+01 2.860000e+01
    endloop
  endfacet
  facet normal 0.000000e+00 0.000000e+00 1.000000e+00
    outer loop
      vertex   -6.047242e+01 -4.897079e+01 2.860000e+01
      vertex   -6.402758e+01 -4.897079e+01 2.860000e+01
      vertex   -6.094449e+01 -4.922626e+01 2.860000e+01
    endloop
  endfacet
  facet normal 0.000000e+00 0.000000e+00 1.000000e+00
    outer loop
      vertex   -6.094449e+01 -4.922626e+01 2.860000e+01
      vertex   -6.402758e+01 -4.897079e+01 2.860000e+01
      vertex   -6.355551e+01 -4.922626e+01 2.860000e+01
    endloop
  endfacet
  facet normal 0.000000e+00 0.000000e+00 1.000000e+00
    outer loop
      vertex   -6.094449e+01 -4.922626e+01 2.860000e+01
      vertex   -6.355551e+01 -4.922626e+01 2.860000e+01
      vertex   -6.145217e+01 -4.940055e+01 2.860000e+01
    endloop
  endfacet
  facet normal 0.000000e+00 0.000000e+00 1.000000e+00
    outer loop
      vertex   -6.145217e+01 -4.940055e+01 2.860000e+01
      vertex   -6.355551e+01 -4.922626e+01 2.860000e+01
      vertex   -6.304783e+01 -4.940055e+01 2.860000e+01
    endloop
  endfacet
  facet normal 0.000000e+00 0.000000e+00 1.000000e+00
    outer loop
      vertex   -6.145217e+01 -4.940055e+01 2.860000e+01
      vertex   -6.304783e+01 -4.940055e+01 2.860000e+01
      vertex   -6.198162e+01 -4.948890e+01 2.860000e+01
    endloop
  endfacet
  facet normal 0.000000e+00 0.000000e+00 1.000000e+00
    outer loop
      vertex   -6.198162e+01 -4.948890e+01 2.860000e+01
      vertex   -6.304783e+01 -4.940055e+01 2.860000e+01
      vertex   -6.251838e+01 -4.948890e+01 2.860000e+01
    endloop
  endfacet
  facet normal 0.000000e+00 0.000000e+00 1.000000e+00
    outer loop
      vertex   -6.545567e+01 -4.571507e+01 2.860000e+01
      vertex   -5.904433e+01 -4.571507e+01 2.860000e+01
      vertex   -6.532391e+01 -4.519473e+01 2.860000e+01
    endloop
  endfacet
  facet normal -0.000000e+00 0.000000e+00 1.000000e+00
    outer loop
      vertex   -6.532391e+01 -4.519473e+01 2.860000e+01
      vertex   -5.904433e+01 -4.571507e+01 2.860000e+01
      vertex   -5.917609e+01 -4.519473e+01 2.860000e+01
    endloop
  endfacet
  facet normal 0.000000e+00 0.000000e+00 1.000000e+00
    outer loop
      vertex   -6.532391e+01 -4.519473e+01 2.860000e+01
      vertex   -5.917609e+01 -4.519473e+01 2.860000e+01
      vertex   -6.510829e+01 -4.470317e+01 2.860000e+01
    endloop
  endfacet
  facet normal -0.000000e+00 0.000000e+00 1.000000e+00
    outer loop
      vertex   -6.510829e+01 -4.470317e+01 2.860000e+01
      vertex   -5.917609e+01 -4.519473e+01 2.860000e+01
      vertex   -5.939171e+01 -4.470317e+01 2.860000e+01
    endloop
  endfacet
  facet normal 0.000000e+00 0.000000e+00 1.000000e+00
    outer loop
      vertex   -6.510829e+01 -4.470317e+01 2.860000e+01
      vertex   -5.939171e+01 -4.470317e+01 2.860000e+01
      vertex   -6.481471e+01 -4.425381e+01 2.860000e+01
    endloop
  endfacet
  facet normal -0.000000e+00 0.000000e+00 1.000000e+00
    outer loop
      vertex   -6.481471e+01 -4.425381e+01 2.860000e+01
      vertex   -5.939171e+01 -4.470317e+01 2.860000e+01
      vertex   -5.968529e+01 -4.425381e+01 2.860000e+01
    endloop
  endfacet
  facet normal 0.000000e+00 0.000000e+00 1.000000e+00
    outer loop
      vertex   -6.481471e+01 -4.425381e+01 2.860000e+01
      vertex   -5.968529e+01 -4.425381e+01 2.860000e+01
      vertex   -6.445117e+01 -4.385890e+01 2.860000e+01
    endloop
  endfacet
  facet normal -0.000000e+00 0.000000e+00 1.000000e+00
    outer loop
      vertex   -6.445117e+01 -4.385890e+01 2.860000e+01
      vertex   -5.968529e+01 -4.425381e+01 2.860000e+01
      vertex   -6.004883e+01 -4.385890e+01 2.860000e+01
    endloop
  endfacet
  facet normal 0.000000e+00 0.000000e+00 1.000000e+00
    outer loop
      vertex   -6.445117e+01 -4.385890e+01 2.860000e+01
      vertex   -6.004883e+01 -4.385890e+01 2.860000e+01
      vertex   -6.402758e+01 -4.352921e+01 2.860000e+01
    endloop
  endfacet
  facet normal -0.000000e+00 0.000000e+00 1.000000e+00
    outer loop
      vertex   -6.402758e+01 -4.352921e+01 2.860000e+01
      vertex   -6.004883e+01 -4.385890e+01 2.860000e+01
      vertex   -6.047242e+01 -4.352921e+01 2.860000e+01
    endloop
  endfacet
  facet normal 0.000000e+00 0.000000e+00 1.000000e+00
    outer loop
      vertex   -6.402758e+01 -4.352921e+01 2.860000e+01
      vertex   -6.047242e+01 -4.352921e+01 2.860000e+01
      vertex   -6.355551e+01 -4.327374e+01 2.860000e+01
    endloop
  endfacet
  facet normal -0.000000e+00 0.000000e+00 1.000000e+00
    outer loop
      vertex   -6.355551e+01 -4.327374e+01 2.860000e+01
      vertex   -6.047242e+01 -4.352921e+01 2.860000e+01
      vertex   -6.094449e+01 -4.327374e+01 2.860000e+01
    endloop
  endfacet
  facet normal 0.000000e+00 0.000000e+00 1.000000e+00
    outer loop
      vertex   -6.355551e+01 -4.327374e+01 2.860000e+01
      vertex   -6.094449e+01 -4.327374e+01 2.860000e+01
      vertex   -6.304783e+01 -4.309945e+01 2.860000e+01
    endloop
  endfacet
  facet normal -0.000000e+00 0.000000e+00 1.000000e+00
    outer loop
      vertex   -6.304783e+01 -4.309945e+01 2.860000e+01
      vertex   -6.094449e+01 -4.327374e+01 2.860000e+01
      vertex   -6.145217e+01 -4.309945e+01 2.860000e+01
    endloop
  endfacet
  facet normal 0.000000e+00 0.000000e+00 1.000000e+00
    outer loop
      vertex   -6.304783e+01 -4.309945e+01 2.860000e+01
      vertex   -6.145217e+01 -4.309945e+01 2.860000e+01
      vertex   -6.251838e+01 -4.301110e+01 2.860000e+01
    endloop
  endfacet
  facet normal -0.000000e+00 0.000000e+00 1.000000e+00
    outer loop
      vertex   -6.251838e+01 -4.301110e+01 2.860000e+01
      vertex   -6.145217e+01 -4.309945e+01 2.860000e+01
      vertex   -6.198162e+01 -4.301110e+01 2.860000e+01
    endloop
  endfacet
  facet normal -9.965845e-01 8.257935e-02 0.000000e+00
    outer loop
      vertex   -3.304433e+01 -7.278493e+01 2.860000e+01
      vertex   -3.304433e+01 -7.278493e+01 3.100000e+01
      vertex   -3.300000e+01 -7.225000e+01 2.860000e+01
    endloop
  endfacet
  facet normal -9.965845e-01 8.257935e-02 0.000000e+00
    outer loop
      vertex   -3.300000e+01 -7.225000e+01 2.860000e+01
      vertex   -3.304433e+01 -7.278493e+01 3.100000e+01
      vertex   -3.300000e+01 -7.225000e+01 3.100000e+01
    endloop
  endfacet
  facet normal -9.965845e-01 -8.257935e-02 0.000000e+00
    outer loop
      vertex   -3.300000e+01 -7.225000e+01 2.860000e+01
      vertex   -3.300000e+01 -7.225000e+01 3.100000e+01
      vertex   -3.304433e+01 -7.171507e+01 2.860000e+01
    endloop
  endfacet
  facet normal -9.965845e-01 -8.257935e-02 -4.889680e-16
    outer loop
      vertex   -3.304433e+01 -7.171507e+01 2.860000e+01
      vertex   -3.300000e+01 -7.225000e+01 3.100000e+01
      vertex   -3.304433e+01 -7.171507e+01 3.100000e+01
    endloop
  endfacet
  facet normal -9.694003e-01 -2.454855e-01 -1.453566e-15
    outer loop
      vertex   -3.304433e+01 -7.171507e+01 2.860000e+01
      vertex   -3.304433e+01 -7.171507e+01 3.100000e+01
      vertex   -3.317609e+01 -7.119473e+01 2.860000e+01
    endloop
  endfacet
  facet normal -9.694003e-01 -2.454855e-01 0.000000e+00
    outer loop
      vertex   -3.317609e+01 -7.119473e+01 2.860000e+01
      vertex   -3.304433e+01 -7.171507e+01 3.100000e+01
      vertex   -3.317609e+01 -7.119473e+01 3.100000e+01
    endloop
  endfacet
  facet normal -9.157733e-01 -4.016954e-01 0.000000e+00
    outer loop
      vertex   -3.317609e+01 -7.119473e+01 2.860000e+01
      vertex   -3.317609e+01 -7.119473e+01 3.100000e+01
      vertex   -3.339171e+01 -7.070317e+01 2.860000e+01
    endloop
  endfacet
  facet normal -9.157733e-01 -4.016954e-01 0.000000e+00
    outer loop
      vertex   -3.339171e+01 -7.070317e+01 2.860000e+01
      vertex   -3.317609e+01 -7.119473e+01 3.100000e+01
      vertex   -3.339171e+01 -7.070317e+01 3.100000e+01
    endloop
  endfacet
  facet normal -8.371665e-01 -5.469482e-01 0.000000e+00
    outer loop
      vertex   -3.339171e+01 -7.070317e+01 2.860000e+01
      vertex   -3.339171e+01 -7.070317e+01 3.100000e+01
      vertex   -3.368529e+01 -7.025381e+01 2.860000e+01
    endloop
  endfacet
  facet normal -8.371665e-01 -5.469482e-01 0.000000e+00
    outer loop
      vertex   -3.368529e+01 -7.025381e+01 2.860000e+01
      vertex   -3.339171e+01 -7.070317e+01 3.100000e+01
      vertex   -3.368529e+01 -7.025381e+01 3.100000e+01
    endloop
  endfacet
  facet normal -7.357239e-01 -6.772816e-01 0.000000e+00
    outer loop
      vertex   -3.368529e+01 -7.025381e+01 2.860000e+01
      vertex   -3.368529e+01 -7.025381e+01 3.100000e+01
      vertex   -3.404883e+01 -6.985890e+01 2.860000e+01
    endloop
  endfacet
  facet normal -7.357239e-01 -6.772816e-01 0.000000e+00
    outer loop
      vertex   -3.404883e+01 -6.985890e+01 2.860000e+01
      vertex   -3.368529e+01 -7.025381e+01 3.100000e+01
      vertex   -3.404883e+01 -6.985890e+01 3.100000e+01
    endloop
  endfacet
  facet normal -6.142127e-01 -7.891405e-01 0.000000e+00
    outer loop
      vertex   -3.404883e+01 -6.985890e+01 2.860000e+01
      vertex   -3.404883e+01 -6.985890e+01 3.100000e+01
      vertex   -3.447242e+01 -6.952921e+01 2.860000e+01
    endloop
  endfacet
  facet normal -6.142127e-01 -7.891405e-01 0.000000e+00
    outer loop
      vertex   -3.447242e+01 -6.952921e+01 2.860000e+01
      vertex   -3.404883e+01 -6.985890e+01 3.100000e+01
      vertex   -3.447242e+01 -6.952921e+01 3.100000e+01
    endloop
  endfacet
  facet normal -4.759474e-01 -8.794738e-01 0.000000e+00
    outer loop
      vertex   -3.447242e+01 -6.952921e+01 2.860000e+01
      vertex   -3.447242e+01 -6.952921e+01 3.100000e+01
      vertex   -3.494449e+01 -6.927374e+01 2.860000e+01
    endloop
  endfacet
  facet normal -4.759474e-01 -8.794738e-01 0.000000e+00
    outer loop
      vertex   -3.494449e+01 -6.927374e+01 2.860000e+01
      vertex   -3.447242e+01 -6.952921e+01 3.100000e+01
      vertex   -3.494449e+01 -6.927374e+01 3.100000e+01
    endloop
  endfacet
  facet normal -3.246995e-01 -9.458172e-01 0.000000e+00
    outer loop
      vertex   -3.494449e+01 -6.927374e+01 2.860000e+01
      vertex   -3.494449e+01 -6.927374e+01 3.100000e+01
      vertex   -3.545217e+01 -6.909945e+01 2.860000e+01
    endloop
  endfacet
  facet normal -3.246995e-01 -9.458172e-01 0.000000e+00
    outer loop
      vertex   -3.545217e+01 -6.909945e+01 2.860000e+01
      vertex   -3.494449e+01 -6.927374e+01 3.100000e+01
      vertex   -3.545217e+01 -6.909945e+01 3.100000e+01
    endloop
  endfacet
  facet normal -1.645946e-01 -9.863613e-01 0.000000e+00
    outer loop
      vertex   -3.545217e+01 -6.909945e+01 2.860000e+01
      vertex   -3.545217e+01 -6.909945e+01 3.100000e+01
      vertex   -3.598162e+01 -6.901110e+01 2.860000e+01
    endloop
  endfacet
  facet normal -1.645946e-01 -9.863613e-01 -4.872979e-16
    outer loop
      vertex   -3.598162e+01 -6.901110e+01 2.860000e+01
      vertex   -3.545217e+01 -6.909945e+01 3.100000e+01
      vertex   -3.598162e+01 -6.901110e+01 3.100000e+01
    endloop
  endfacet
  facet normal 0.000000e+00 -1.000000e+00 0.000000e+00
    outer loop
      vertex   -3.598162e+01 -6.901110e+01 2.860000e+01
      vertex   -3.598162e+01 -6.901110e+01 3.100000e+01
      vertex   -3.651838e+01 -6.901110e+01 2.860000e+01
    endloop
  endfacet
  facet normal 0.000000e+00 -1.000000e+00 0.000000e+00
    outer loop
      vertex   -3.651838e+01 -6.901110e+01 2.860000e+01
      vertex   -3.598162e+01 -6.901110e+01 3.100000e+01
      vertex   -3.651838e+01 -6.901110e+01 3.100000e+01
    endloop
  endfacet
  facet normal 1.645946e-01 -9.863613e-01 0.000000e+00
    outer loop
      vertex   -3.651838e+01 -6.901110e+01 2.860000e+01
      vertex   -3.651838e+01 -6.901110e+01 3.100000e+01
      vertex   -3.704783e+01 -6.909945e+01 2.860000e+01
    endloop
  endfacet
  facet normal 1.645946e-01 -9.863613e-01 0.000000e+00
    outer loop
      vertex   -3.704783e+01 -6.909945e+01 2.860000e+01
      vertex   -3.651838e+01 -6.901110e+01 3.100000e+01
      vertex   -3.704783e+01 -6.909945e+01 3.100000e+01
    endloop
  endfacet
  facet normal 3.246995e-01 -9.458172e-01 0.000000e+00
    outer loop
      vertex   -3.704783e+01 -6.909945e+01 2.860000e+01
      vertex   -3.704783e+01 -6.909945e+01 3.100000e+01
      vertex   -3.755551e+01 -6.927374e+01 2.860000e+01
    endloop
  endfacet
  facet normal 3.246995e-01 -9.458172e-01 0.000000e+00
    outer loop
      vertex   -3.755551e+01 -6.927374e+01 2.860000e+01
      vertex   -3.704783e+01 -6.909945e+01 3.100000e+01
      vertex   -3.755551e+01 -6.927374e+01 3.100000e+01
    endloop
  endfacet
  facet normal 4.759474e-01 -8.794738e-01 0.000000e+00
    outer loop
      vertex   -3.755551e+01 -6.927374e+01 2.860000e+01
      vertex   -3.755551e+01 -6.927374e+01 3.100000e+01
      vertex   -3.802758e+01 -6.952921e+01 2.860000e+01
    endloop
  endfacet
  facet normal 4.759474e-01 -8.794738e-01 0.000000e+00
    outer loop
      vertex   -3.802758e+01 -6.952921e+01 2.860000e+01
      vertex   -3.755551e+01 -6.927374e+01 3.100000e+01
      vertex   -3.802758e+01 -6.952921e+01 3.100000e+01
    endloop
  endfacet
  facet normal 6.142127e-01 -7.891405e-01 0.000000e+00
    outer loop
      vertex   -3.802758e+01 -6.952921e+01 2.860000e+01
      vertex   -3.802758e+01 -6.952921e+01 3.100000e+01
      vertex   -3.845117e+01 -6.985890e+01 2.860000e+01
    endloop
  endfacet
  facet normal 6.142127e-01 -7.891405e-01 0.000000e+00
    outer loop
      vertex   -3.845117e+01 -6.985890e+01 2.860000e+01
      vertex   -3.802758e+01 -6.952921e+01 3.100000e+01
      vertex   -3.845117e+01 -6.985890e+01 3.100000e+01
    endloop
  endfacet
  facet normal 7.357239e-01 -6.772816e-01 0.000000e+00
    outer loop
      vertex   -3.845117e+01 -6.985890e+01 2.860000e+01
      vertex   -3.845117e+01 -6.985890e+01 3.100000e+01
      vertex   -3.881471e+01 -7.025381e+01 2.860000e+01
    endloop
  endfacet
  facet normal 7.357239e-01 -6.772816e-01 0.000000e+00
    outer loop
      vertex   -3.881471e+01 -7.025381e+01 2.860000e+01
      vertex   -3.845117e+01 -6.985890e+01 3.100000e+01
      vertex   -3.881471e+01 -7.025381e+01 3.100000e+01
    endloop
  endfacet
  facet normal 8.371665e-01 -5.469482e-01 0.000000e+00
    outer loop
      vertex   -3.881471e+01 -7.025381e+01 2.860000e+01
      vertex   -3.881471e+01 -7.025381e+01 3.100000e+01
      vertex   -3.910829e+01 -7.070317e+01 2.860000e+01
    endloop
  endfacet
  facet normal 8.371665e-01 -5.469482e-01 0.000000e+00
    outer loop
      vertex   -3.910829e+01 -7.070317e+01 2.860000e+01
      vertex   -3.881471e+01 -7.025381e+01 3.100000e+01
      vertex   -3.910829e+01 -7.070317e+01 3.100000e+01
    endloop
  endfacet
  facet normal 9.157733e-01 -4.016954e-01 0.000000e+00
    outer loop
      vertex   -3.910829e+01 -7.070317e+01 2.860000e+01
      vertex   -3.910829e+01 -7.070317e+01 3.100000e+01
      vertex   -3.932391e+01 -7.119473e+01 2.860000e+01
    endloop
  endfacet
  facet normal 9.157733e-01 -4.016954e-01 0.000000e+00
    outer loop
      vertex   -3.932391e+01 -7.119473e+01 2.860000e+01
      vertex   -3.910829e+01 -7.070317e+01 3.100000e+01
      vertex   -3.932391e+01 -7.119473e+01 3.100000e+01
    endloop
  endfacet
  facet normal 9.694003e-01 -2.454855e-01 0.000000e+00
    outer loop
      vertex   -3.932391e+01 -7.119473e+01 2.860000e+01
      vertex   -3.932391e+01 -7.119473e+01 3.100000e+01
      vertex   -3.945567e+01 -7.171507e+01 2.860000e+01
    endloop
  endfacet
  facet normal 9.694003e-01 -2.454855e-01 0.000000e+00
    outer loop
      vertex   -3.945567e+01 -7.171507e+01 2.860000e+01
      vertex   -3.932391e+01 -7.119473e+01 3.100000e+01
      vertex   -3.945567e+01 -7.171507e+01 3.100000e+01
    endloop
  endfacet
  facet normal 9.965845e-01 -8.257935e-02 0.000000e+00
    outer loop
      vertex   -3.945567e+01 -7.171507e+01 2.860000e+01
      vertex   -3.945567e+01 -7.171507e+01 3.100000e+01
      vertex   -3.950000e+01 -7.225000e+01 2.860000e+01
    endloop
  endfacet
  facet normal 9.965845e-01 -8.257935e-02 0.000000e+00
    outer loop
      vertex   -3.950000e+01 -7.225000e+01 2.860000e+01
      vertex   -3.945567e+01 -7.171507e+01 3.100000e+01
      vertex   -3.950000e+01 -7.225000e+01 3.100000e+01
    endloop
  endfacet
  facet normal 9.965845e-01 8.257935e-02 -0.000000e+00
    outer loop
      vertex   -3.950000e+01 -7.225000e+01 2.860000e+01
      vertex   -3.950000e+01 -7.225000e+01 3.100000e+01
      vertex   -3.945567e+01 -7.278493e+01 2.860000e+01
    endloop
  endfacet
  facet normal 9.965845e-01 8.257935e-02 -0.000000e+00
    outer loop
      vertex   -3.945567e+01 -7.278493e+01 2.860000e+01
      vertex   -3.950000e+01 -7.225000e+01 3.100000e+01
      vertex   -3.945567e+01 -7.278493e+01 3.100000e+01
    endloop
  endfacet
  facet normal 9.694003e-01 2.454855e-01 -0.000000e+00
    outer loop
      vertex   -3.945567e+01 -7.278493e+01 2.860000e+01
      vertex   -3.945567e+01 -7.278493e+01 3.100000e+01
      vertex   -3.932391e+01 -7.330527e+01 2.860000e+01
    endloop
  endfacet
  facet normal 9.694003e-01 2.454855e-01 -0.000000e+00
    outer loop
      vertex   -3.932391e+01 -7.330527e+01 2.860000e+01
      vertex   -3.945567e+01 -7.278493e+01 3.100000e+01
      vertex   -3.932391e+01 -7.330527e+01 3.100000e+01
    endloop
  endfacet
  facet normal 9.157733e-01 4.016954e-01 -0.000000e+00
    outer loop
      vertex   -3.932391e+01 -7.330527e+01 2.860000e+01
      vertex   -3.932391e+01 -7.330527e+01 3.100000e+01
      vertex   -3.910829e+01 -7.379683e+01 2.860000e+01
    endloop
  endfacet
  facet normal 9.157733e-01 4.016954e-01 -0.000000e+00
    outer loop
      vertex   -3.910829e+01 -7.379683e+01 2.860000e+01
      vertex   -3.932391e+01 -7.330527e+01 3.100000e+01
      vertex   -3.910829e+01 -7.379683e+01 3.100000e+01
    endloop
  endfacet
  facet normal 8.371665e-01 5.469482e-01 -0.000000e+00
    outer loop
      vertex   -3.910829e+01 -7.379683e+01 2.860000e+01
      vertex   -3.910829e+01 -7.379683e+01 3.100000e+01
      vertex   -3.881471e+01 -7.424619e+01 2.860000e+01
    endloop
  endfacet
  facet normal 8.371665e-01 5.469482e-01 -0.000000e+00
    outer loop
      vertex   -3.881471e+01 -7.424619e+01 2.860000e+01
      vertex   -3.910829e+01 -7.379683e+01 3.100000e+01
      vertex   -3.881471e+01 -7.424619e+01 3.100000e+01
    endloop
  endfacet
  facet normal 7.357239e-01 6.772816e-01 -0.000000e+00
    outer loop
      vertex   -3.881471e+01 -7.424619e+01 2.860000e+01
      vertex   -3.881471e+01 -7.424619e+01 3.100000e+01
      vertex   -3.845117e+01 -7.464110e+01 2.860000e+01
    endloop
  endfacet
  facet normal 7.357239e-01 6.772816e-01 -0.000000e+00
    outer loop
      vertex   -3.845117e+01 -7.464110e+01 2.860000e+01
      vertex   -3.881471e+01 -7.424619e+01 3.100000e+01
      vertex   -3.845117e+01 -7.464110e+01 3.100000e+01
    endloop
  endfacet
  facet normal 6.142127e-01 7.891405e-01 -0.000000e+00
    outer loop
      vertex   -3.845117e+01 -7.464110e+01 2.860000e+01
      vertex   -3.845117e+01 -7.464110e+01 3.100000e+01
      vertex   -3.802758e+01 -7.497079e+01 2.860000e+01
    endloop
  endfacet
  facet normal 6.142127e-01 7.891405e-01 -0.000000e+00
    outer loop
      vertex   -3.802758e+01 -7.497079e+01 2.860000e+01
      vertex   -3.845117e+01 -7.464110e+01 3.100000e+01
      vertex   -3.802758e+01 -7.497079e+01 3.100000e+01
    endloop
  endfacet
  facet normal 4.759474e-01 8.794738e-01 -0.000000e+00
    outer loop
      vertex   -3.802758e+01 -7.497079e+01 2.860000e+01
      vertex   -3.802758e+01 -7.497079e+01 3.100000e+01
      vertex   -3.755551e+01 -7.522626e+01 2.860000e+01
    endloop
  endfacet
  facet normal 4.759474e-01 8.794738e-01 -0.000000e+00
    outer loop
      vertex   -3.755551e+01 -7.522626e+01 2.860000e+01
      vertex   -3.802758e+01 -7.497079e+01 3.100000e+01
      vertex   -3.755551e+01 -7.522626e+01 3.100000e+01
    endloop
  endfacet
  facet normal 3.246995e-01 9.458172e-01 -0.000000e+00
    outer loop
      vertex   -3.755551e+01 -7.522626e+01 2.860000e+01
      vertex   -3.755551e+01 -7.522626e+01 3.100000e+01
      vertex   -3.704783e+01 -7.540055e+01 2.860000e+01
    endloop
  endfacet
  facet normal 3.246995e-01 9.458172e-01 -0.000000e+00
    outer loop
      vertex   -3.704783e+01 -7.540055e+01 2.860000e+01
      vertex   -3.755551e+01 -7.522626e+01 3.100000e+01
      vertex   -3.704783e+01 -7.540055e+01 3.100000e+01
    endloop
  endfacet
  facet normal 1.645946e-01 9.863613e-01 -0.000000e+00
    outer loop
      vertex   -3.704783e+01 -7.540055e+01 2.860000e+01
      vertex   -3.704783e+01 -7.540055e+01 3.100000e+01
      vertex   -3.651838e+01 -7.548890e+01 2.860000e+01
    endloop
  endfacet
  facet normal 1.645946e-01 9.863613e-01 -0.000000e+00
    outer loop
      vertex   -3.651838e+01 -7.548890e+01 2.860000e+01
      vertex   -3.704783e+01 -7.540055e+01 3.100000e+01
      vertex   -3.651838e+01 -7.548890e+01 3.100000e+01
    endloop
  endfacet
  facet normal 0.000000e+00 1.000000e+00 0.000000e+00
    outer loop
      vertex   -3.651838e+01 -7.548890e+01 2.860000e+01
      vertex   -3.651838e+01 -7.548890e+01 3.100000e+01
      vertex   -3.598162e+01 -7.548890e+01 2.860000e+01
    endloop
  endfacet
  facet normal 0.000000e+00 1.000000e+00 -0.000000e+00
    outer loop
      vertex   -3.598162e+01 -7.548890e+01 2.860000e+01
      vertex   -3.651838e+01 -7.548890e+01 3.100000e+01
      vertex   -3.598162e+01 -7.548890e+01 3.100000e+01
    endloop
  endfacet
  facet normal -1.645946e-01 9.863613e-01 4.872979e-16
    outer loop
      vertex   -3.598162e+01 -7.548890e+01 2.860000e+01
      vertex   -3.598162e+01 -7.548890e+01 3.100000e+01
      vertex   -3.545217e+01 -7.540055e+01 2.860000e+01
    endloop
  endfacet
  facet normal -1.645946e-01 9.863613e-01 0.000000e+00
    outer loop
      vertex   -3.545217e+01 -7.540055e+01 2.860000e+01
      vertex   -3.598162e+01 -7.548890e+01 3.100000e+01
      vertex   -3.545217e+01 -7.540055e+01 3.100000e+01
    endloop
  endfacet
  facet normal -3.246995e-01 9.458172e-01 0.000000e+00
    outer loop
      vertex   -3.545217e+01 -7.540055e+01 2.860000e+01
      vertex   -3.545217e+01 -7.540055e+01 3.100000e+01
      vertex   -3.494449e+01 -7.522626e+01 2.860000e+01
    endloop
  endfacet
  facet normal -3.246995e-01 9.458172e-01 0.000000e+00
    outer loop
      vertex   -3.494449e+01 -7.522626e+01 2.860000e+01
      vertex   -3.545217e+01 -7.540055e+01 3.100000e+01
      vertex   -3.494449e+01 -7.522626e+01 3.100000e+01
    endloop
  endfacet
  facet normal -4.759474e-01 8.794738e-01 0.000000e+00
    outer loop
      vertex   -3.494449e+01 -7.522626e+01 2.860000e+01
      vertex   -3.494449e+01 -7.522626e+01 3.100000e+01
      vertex   -3.447242e+01 -7.497079e+01 2.860000e+01
    endloop
  endfacet
  facet normal -4.759474e-01 8.794738e-01 0.000000e+00
    outer loop
      vertex   -3.447242e+01 -7.497079e+01 2.860000e+01
      vertex   -3.494449e+01 -7.522626e+01 3.100000e+01
      vertex   -3.447242e+01 -7.497079e+01 3.100000e+01
    endloop
  endfacet
  facet normal -6.142127e-01 7.891405e-01 0.000000e+00
    outer loop
      vertex   -3.447242e+01 -7.497079e+01 2.860000e+01
      vertex   -3.447242e+01 -7.497079e+01 3.100000e+01
      vertex   -3.404883e+01 -7.464110e+01 2.860000e+01
    endloop
  endfacet
  facet normal -6.142127e-01 7.891405e-01 0.000000e+00
    outer loop
      vertex   -3.404883e+01 -7.464110e+01 2.860000e+01
      vertex   -3.447242e+01 -7.497079e+01 3.100000e+01
      vertex   -3.404883e+01 -7.464110e+01 3.100000e+01
    endloop
  endfacet
  facet normal -7.357239e-01 6.772816e-01 0.000000e+00
    outer loop
      vertex   -3.404883e+01 -7.464110e+01 2.860000e+01
      vertex   -3.404883e+01 -7.464110e+01 3.100000e+01
      vertex   -3.368529e+01 -7.424619e+01 2.860000e+01
    endloop
  endfacet
  facet normal -7.357239e-01 6.772816e-01 0.000000e+00
    outer loop
      vertex   -3.368529e+01 -7.424619e+01 2.860000e+01
      vertex   -3.404883e+01 -7.464110e+01 3.100000e+01
      vertex   -3.368529e+01 -7.424619e+01 3.100000e+01
    endloop
  endfacet
  facet normal -8.371665e-01 5.469482e-01 0.000000e+00
    outer loop
      vertex   -3.368529e+01 -7.424619e+01 2.860000e+01
      vertex   -3.368529e+01 -7.424619e+01 3.100000e+01
      vertex   -3.339171e+01 -7.379683e+01 2.860000e+01
    endloop
  endfacet
  facet normal -8.371665e-01 5.469482e-01 0.000000e+00
    outer loop
      vertex   -3.339171e+01 -7.379683e+01 2.860000e+01
      vertex   -3.368529e+01 -7.424619e+01 3.100000e+01
      vertex   -3.339171e+01 -7.379683e+01 3.100000e+01
    endloop
  endfacet
  facet normal -9.157733e-01 4.016954e-01 0.000000e+00
    outer loop
      vertex   -3.339171e+01 -7.379683e+01 2.860000e+01
      vertex   -3.339171e+01 -7.379683e+01 3.100000e+01
      vertex   -3.317609e+01 -7.330527e+01 2.860000e+01
    endloop
  endfacet
  facet normal -9.157733e-01 4.016954e-01 0.000000e+00
    outer loop
      vertex   -3.317609e+01 -7.330527e+01 2.860000e+01
      vertex   -3.339171e+01 -7.379683e+01 3.100000e+01
      vertex   -3.317609e+01 -7.330527e+01 3.100000e+01
    endloop
  endfacet
  facet normal -9.694003e-01 2.454855e-01 0.000000e+00
    outer loop
      vertex   -3.317609e+01 -7.330527e+01 2.860000e+01
      vertex   -3.317609e+01 -7.330527e+01 3.100000e+01
      vertex   -3.304433e+01 -7.278493e+01 2.860000e+01
    endloop
  endfacet
  facet normal -9.694003e-01 2.454855e-01 0.000000e+00
    outer loop
      vertex   -3.304433e+01 -7.278493e+01 2.860000e+01
      vertex   -3.317609e+01 -7.330527e+01 3.100000e+01
      vertex   -3.304433e+01 -7.278493e+01 3.100000e+01
    endloop
  endfacet
  facet normal 0.000000e+00 0.000000e+00 1.000000e+00
    outer loop
      vertex   -3.304433e+01 -7.171507e+01 2.860000e+01
      vertex   -3.945567e+01 -7.171507e+01 2.860000e+01
      vertex   -3.300000e+01 -7.225000e+01 2.860000e+01
    endloop
  endfacet
  facet normal 0.000000e+00 0.000000e+00 1.000000e+00
    outer loop
      vertex   -3.300000e+01 -7.225000e+01 2.860000e+01
      vertex   -3.945567e+01 -7.171507e+01 2.860000e+01
      vertex   -3.950000e+01 -7.225000e+01 2.860000e+01
    endloop
  endfacet
  facet normal 0.000000e+00 0.000000e+00 1.000000e+00
    outer loop
      vertex   -3.300000e+01 -7.225000e+01 2.860000e+01
      vertex   -3.950000e+01 -7.225000e+01 2.860000e+01
      vertex   -3.304433e+01 -7.278493e+01 2.860000e+01
    endloop
  endfacet
  facet normal 0.000000e+00 0.000000e+00 1.000000e+00
    outer loop
      vertex   -3.304433e+01 -7.278493e+01 2.860000e+01
      vertex   -3.950000e+01 -7.225000e+01 2.860000e+01
      vertex   -3.945567e+01 -7.278493e+01 2.860000e+01
    endloop
  endfacet
  facet normal 0.000000e+00 0.000000e+00 1.000000e+00
    outer loop
      vertex   -3.304433e+01 -7.278493e+01 2.860000e+01
      vertex   -3.945567e+01 -7.278493e+01 2.860000e+01
      vertex   -3.317609e+01 -7.330527e+01 2.860000e+01
    endloop
  endfacet
  facet normal 0.000000e+00 0.000000e+00 1.000000e+00
    outer loop
      vertex   -3.317609e+01 -7.330527e+01 2.860000e+01
      vertex   -3.945567e+01 -7.278493e+01 2.860000e+01
      vertex   -3.932391e+01 -7.330527e+01 2.860000e+01
    endloop
  endfacet
  facet normal 0.000000e+00 0.000000e+00 1.000000e+00
    outer loop
      vertex   -3.317609e+01 -7.330527e+01 2.860000e+01
      vertex   -3.932391e+01 -7.330527e+01 2.860000e+01
      vertex   -3.339171e+01 -7.379683e+01 2.860000e+01
    endloop
  endfacet
  facet normal 0.000000e+00 0.000000e+00 1.000000e+00
    outer loop
      vertex   -3.339171e+01 -7.379683e+01 2.860000e+01
      vertex   -3.932391e+01 -7.330527e+01 2.860000e+01
      vertex   -3.910829e+01 -7.379683e+01 2.860000e+01
    endloop
  endfacet
  facet normal 0.000000e+00 0.000000e+00 1.000000e+00
    outer loop
      vertex   -3.339171e+01 -7.379683e+01 2.860000e+01
      vertex   -3.910829e+01 -7.379683e+01 2.860000e+01
      vertex   -3.368529e+01 -7.424619e+01 2.860000e+01
    endloop
  endfacet
  facet normal 0.000000e+00 0.000000e+00 1.000000e+00
    outer loop
      vertex   -3.368529e+01 -7.424619e+01 2.860000e+01
      vertex   -3.910829e+01 -7.379683e+01 2.860000e+01
      vertex   -3.881471e+01 -7.424619e+01 2.860000e+01
    endloop
  endfacet
  facet normal 0.000000e+00 0.000000e+00 1.000000e+00
    outer loop
      vertex   -3.368529e+01 -7.424619e+01 2.860000e+01
      vertex   -3.881471e+01 -7.424619e+01 2.860000e+01
      vertex   -3.404883e+01 -7.464110e+01 2.860000e+01
    endloop
  endfacet
  facet normal 0.000000e+00 0.000000e+00 1.000000e+00
    outer loop
      vertex   -3.404883e+01 -7.464110e+01 2.860000e+01
      vertex   -3.881471e+01 -7.424619e+01 2.860000e+01
      vertex   -3.845117e+01 -7.464110e+01 2.860000e+01
    endloop
  endfacet
  facet normal 0.000000e+00 0.000000e+00 1.000000e+00
    outer loop
      vertex   -3.404883e+01 -7.464110e+01 2.860000e+01
      vertex   -3.845117e+01 -7.464110e+01 2.860000e+01
      vertex   -3.447242e+01 -7.497079e+01 2.860000e+01
    endloop
  endfacet
  facet normal 0.000000e+00 0.000000e+00 1.000000e+00
    outer loop
      vertex   -3.447242e+01 -7.497079e+01 2.860000e+01
      vertex   -3.845117e+01 -7.464110e+01 2.860000e+01
      vertex   -3.802758e+01 -7.497079e+01 2.860000e+01
    endloop
  endfacet
  facet normal 0.000000e+00 0.000000e+00 1.000000e+00
    outer loop
      vertex   -3.447242e+01 -7.497079e+01 2.860000e+01
      vertex   -3.802758e+01 -7.497079e+01 2.860000e+01
      vertex   -3.494449e+01 -7.522626e+01 2.860000e+01
    endloop
  endfacet
  facet normal 0.000000e+00 0.000000e+00 1.000000e+00
    outer loop
      vertex   -3.494449e+01 -7.522626e+01 2.860000e+01
      vertex   -3.802758e+01 -7.497079e+01 2.860000e+01
      vertex   -3.755551e+01 -7.522626e+01 2.860000e+01
    endloop
  endfacet
  facet normal 0.000000e+00 0.000000e+00 1.000000e+00
    outer loop
      vertex   -3.494449e+01 -7.522626e+01 2.860000e+01
      vertex   -3.755551e+01 -7.522626e+01 2.860000e+01
      vertex   -3.545217e+01 -7.540055e+01 2.860000e+01
    endloop
  endfacet
  facet normal 0.000000e+00 0.000000e+00 1.000000e+00
    outer loop
      vertex   -3.545217e+01 -7.540055e+01 2.860000e+01
      vertex   -3.755551e+01 -7.522626e+01 2.860000e+01
      vertex   -3.704783e+01 -7.540055e+01 2.860000e+01
    endloop
  endfacet
  facet normal 0.000000e+00 0.000000e+00 1.000000e+00
    outer loop
      vertex   -3.545217e+01 -7.540055e+01 2.860000e+01
      vertex   -3.704783e+01 -7.540055e+01 2.860000e+01
      vertex   -3.598162e+01 -7.548890e+01 2.860000e+01
    endloop
  endfacet
  facet normal 0.000000e+00 0.000000e+00 1.000000e+00
    outer loop
      vertex   -3.598162e+01 -7.548890e+01 2.860000e+01
      vertex   -3.704783e+01 -7.540055e+01 2.860000e+01
      vertex   -3.651838e+01 -7.548890e+01 2.860000e+01
    endloop
  endfacet
  facet normal 0.000000e+00 0.000000e+00 1.000000e+00
    outer loop
      vertex   -3.945567e+01 -7.171507e+01 2.860000e+01
      vertex   -3.304433e+01 -7.171507e+01 2.860000e+01
      vertex   -3.932391e+01 -7.119473e+01 2.860000e+01
    endloop
  endfacet
  facet normal -0.000000e+00 0.000000e+00 1.000000e+00
    outer loop
      vertex   -3.932391e+01 -7.119473e+01 2.860000e+01
      vertex   -3.304433e+01 -7.171507e+01 2.860000e+01
      vertex   -3.317609e+01 -7.119473e+01 2.860000e+01
    endloop
  endfacet
  facet normal 0.000000e+00 0.000000e+00 1.000000e+00
    outer loop
      vertex   -3.932391e+01 -7.119473e+01 2.860000e+01
      vertex   -3.317609e+01 -7.119473e+01 2.860000e+01
      vertex   -3.910829e+01 -7.070317e+01 2.860000e+01
    endloop
  endfacet
  facet normal -0.000000e+00 0.000000e+00 1.000000e+00
    outer loop
      vertex   -3.910829e+01 -7.070317e+01 2.860000e+01
      vertex   -3.317609e+01 -7.119473e+01 2.860000e+01
      vertex   -3.339171e+01 -7.070317e+01 2.860000e+01
    endloop
  endfacet
  facet normal 0.000000e+00 0.000000e+00 1.000000e+00
    outer loop
      vertex   -3.910829e+01 -7.070317e+01 2.860000e+01
      vertex   -3.339171e+01 -7.070317e+01 2.860000e+01
      vertex   -3.881471e+01 -7.025381e+01 2.860000e+01
    endloop
  endfacet
  facet normal -0.000000e+00 0.000000e+00 1.000000e+00
    outer loop
      vertex   -3.881471e+01 -7.025381e+01 2.860000e+01
      vertex   -3.339171e+01 -7.070317e+01 2.860000e+01
      vertex   -3.368529e+01 -7.025381e+01 2.860000e+01
    endloop
  endfacet
  facet normal 0.000000e+00 0.000000e+00 1.000000e+00
    outer loop
      vertex   -3.881471e+01 -7.025381e+01 2.860000e+01
      vertex   -3.368529e+01 -7.025381e+01 2.860000e+01
      vertex   -3.845117e+01 -6.985890e+01 2.860000e+01
    endloop
  endfacet
  facet normal -0.000000e+00 0.000000e+00 1.000000e+00
    outer loop
      vertex   -3.845117e+01 -6.985890e+01 2.860000e+01
      vertex   -3.368529e+01 -7.025381e+01 2.860000e+01
      vertex   -3.404883e+01 -6.985890e+01 2.860000e+01
    endloop
  endfacet
  facet normal 0.000000e+00 0.000000e+00 1.000000e+00
    outer loop
      vertex   -3.845117e+01 -6.985890e+01 2.860000e+01
      vertex   -3.404883e+01 -6.985890e+01 2.860000e+01
      vertex   -3.802758e+01 -6.952921e+01 2.860000e+01
    endloop
  endfacet
  facet normal -0.000000e+00 0.000000e+00 1.000000e+00
    outer loop
      vertex   -3.802758e+01 -6.952921e+01 2.860000e+01
      vertex   -3.404883e+01 -6.985890e+01 2.860000e+01
      vertex   -3.447242e+01 -6.952921e+01 2.860000e+01
    endloop
  endfacet
  facet normal 0.000000e+00 0.000000e+00 1.000000e+00
    outer loop
      vertex   -3.802758e+01 -6.952921e+01 2.860000e+01
      vertex   -3.447242e+01 -6.952921e+01 2.860000e+01
      vertex   -3.755551e+01 -6.927374e+01 2.860000e+01
    endloop
  endfacet
  facet normal -0.000000e+00 0.000000e+00 1.000000e+00
    outer loop
      vertex   -3.755551e+01 -6.927374e+01 2.860000e+01
      vertex   -3.447242e+01 -6.952921e+01 2.860000e+01
      vertex   -3.494449e+01 -6.927374e+01 2.860000e+01
    endloop
  endfacet
  facet normal 0.000000e+00 0.000000e+00 1.000000e+00
    outer loop
      vertex   -3.755551e+01 -6.927374e+01 2.860000e+01
      vertex   -3.494449e+01 -6.927374e+01 2.860000e+01
      vertex   -3.704783e+01 -6.909945e+01 2.860000e+01
    endloop
  endfacet
  facet normal -0.000000e+00 0.000000e+00 1.000000e+00
    outer loop
      vertex   -3.704783e+01 -6.909945e+01 2.860000e+01
      vertex   -3.494449e+01 -6.927374e+01 2.860000e+01
      vertex   -3.545217e+01 -6.909945e+01 2.860000e+01
    endloop
  endfacet
  facet normal 0.000000e+00 0.000000e+00 1.000000e+00
    outer loop
      vertex   -3.704783e+01 -6.909945e+01 2.860000e+01
      vertex   -3.545217e+01 -6.909945e+01 2.860000e+01
      vertex   -3.651838e+01 -6.901110e+01 2.860000e+01
    endloop
  endfacet
  facet normal -0.000000e+00 0.000000e+00 1.000000e+00
    outer loop
      vertex   -3.651838e+01 -6.901110e+01 2.860000e+01
      vertex   -3.545217e+01 -6.909945e+01 2.860000e+01
      vertex   -3.598162e+01 -6.901110e+01 2.860000e+01
    endloop
  endfacet
  facet normal -9.965845e-01 8.257935e-02 0.000000e+00
    outer loop
      vertex   -5.904433e+01 -7.278493e+01 2.860000e+01
      vertex   -5.904433e+01 -7.278493e+01 3.100000e+01
      vertex   -5.900000e+01 -7.225000e+01 2.860000e+01
    endloop
  endfacet
  facet normal -9.965845e-01 8.257935e-02 0.000000e+00
    outer loop
      vertex   -5.900000e+01 -7.225000e+01 2.860000e+01
      vertex   -5.904433e+01 -7.278493e+01 3.100000e+01
      vertex   -5.900000e+01 -7.225000e+01 3.100000e+01
    endloop
  endfacet
  facet normal -9.965845e-01 -8.257935e-02 0.000000e+00
    outer loop
      vertex   -5.900000e+01 -7.225000e+01 2.860000e+01
      vertex   -5.900000e+01 -7.225000e+01 3.100000e+01
      vertex   -5.904433e+01 -7.171507e+01 2.860000e+01
    endloop
  endfacet
  facet normal -9.965845e-01 -8.257935e-02 -4.889680e-16
    outer loop
      vertex   -5.904433e+01 -7.171507e+01 2.860000e+01
      vertex   -5.900000e+01 -7.225000e+01 3.100000e+01
      vertex   -5.904433e+01 -7.171507e+01 3.100000e+01
    endloop
  endfacet
  facet normal -9.694003e-01 -2.454855e-01 -1.453566e-15
    outer loop
      vertex   -5.904433e+01 -7.171507e+01 2.860000e+01
      vertex   -5.904433e+01 -7.171507e+01 3.100000e+01
      vertex   -5.917609e+01 -7.119473e+01 2.860000e+01
    endloop
  endfacet
  facet normal -9.694003e-01 -2.454855e-01 0.000000e+00
    outer loop
      vertex   -5.917609e+01 -7.119473e+01 2.860000e+01
      vertex   -5.904433e+01 -7.171507e+01 3.100000e+01
      vertex   -5.917609e+01 -7.119473e+01 3.100000e+01
    endloop
  endfacet
  facet normal -9.157733e-01 -4.016954e-01 0.000000e+00
    outer loop
      vertex   -5.917609e+01 -7.119473e+01 2.860000e+01
      vertex   -5.917609e+01 -7.119473e+01 3.100000e+01
      vertex   -5.939171e+01 -7.070317e+01 2.860000e+01
    endloop
  endfacet
  facet normal -9.157733e-01 -4.016954e-01 0.000000e+00
    outer loop
      vertex   -5.939171e+01 -7.070317e+01 2.860000e+01
      vertex   -5.917609e+01 -7.119473e+01 3.100000e+01
      vertex   -5.939171e+01 -7.070317e+01 3.100000e+01
    endloop
  endfacet
  facet normal -8.371665e-01 -5.469482e-01 0.000000e+00
    outer loop
      vertex   -5.939171e+01 -7.070317e+01 2.860000e+01
      vertex   -5.939171e+01 -7.070317e+01 3.100000e+01
      vertex   -5.968529e+01 -7.025381e+01 2.860000e+01
    endloop
  endfacet
  facet normal -8.371665e-01 -5.469482e-01 0.000000e+00
    outer loop
      vertex   -5.968529e+01 -7.025381e+01 2.860000e+01
      vertex   -5.939171e+01 -7.070317e+01 3.100000e+01
      vertex   -5.968529e+01 -7.025381e+01 3.100000e+01
    endloop
  endfacet
  facet normal -7.357239e-01 -6.772816e-01 0.000000e+00
    outer loop
      vertex   -5.968529e+01 -7.025381e+01 2.860000e+01
      vertex   -5.968529e+01 -7.025381e+01 3.100000e+01
      vertex   -6.004883e+01 -6.985890e+01 2.860000e+01
    endloop
  endfacet
  facet normal -7.357239e-01 -6.772816e-01 2.178180e-15
    outer loop
      vertex   -6.004883e+01 -6.985890e+01 2.860000e+01
      vertex   -5.968529e+01 -7.025381e+01 3.100000e+01
      vertex   -6.004883e+01 -6.985890e+01 3.100000e+01
    endloop
  endfacet
  facet normal -6.142127e-01 -7.891405e-01 1.818435e-15
    outer loop
      vertex   -6.004883e+01 -6.985890e+01 2.860000e+01
      vertex   -6.004883e+01 -6.985890e+01 3.100000e+01
      vertex   -6.047242e+01 -6.952921e+01 2.860000e+01
    endloop
  endfacet
  facet normal -6.142127e-01 -7.891405e-01 0.000000e+00
    outer loop
      vertex   -6.047242e+01 -6.952921e+01 2.860000e+01
      vertex   -6.004883e+01 -6.985890e+01 3.100000e+01
      vertex   -6.047242e+01 -6.952921e+01 3.100000e+01
    endloop
  endfacet
  facet normal -4.759474e-01 -8.794738e-01 0.000000e+00
    outer loop
      vertex   -6.047242e+01 -6.952921e+01 2.860000e+01
      vertex   -6.047242e+01 -6.952921e+01 3.100000e+01
      vertex   -6.094449e+01 -6.927374e+01 2.860000e+01
    endloop
  endfacet
  facet normal -4.759474e-01 -8.794738e-01 0.000000e+00
    outer loop
      vertex   -6.094449e+01 -6.927374e+01 2.860000e+01
      vertex   -6.047242e+01 -6.952921e+01 3.100000e+01
      vertex   -6.094449e+01 -6.927374e+01 3.100000e+01
    endloop
  endfacet
  facet normal -3.246995e-01 -9.458172e-01 0.000000e+00
    outer loop
      vertex   -6.094449e+01 -6.927374e+01 2.860000e+01
      vertex   -6.094449e+01 -6.927374e+01 3.100000e+01
      vertex   -6.145217e+01 -6.909945e+01 2.860000e+01
    endloop
  endfacet
  facet normal -3.246995e-01 -9.458172e-01 0.000000e+00
    outer loop
      vertex   -6.145217e+01 -6.909945e+01 2.860000e+01
      vertex   -6.094449e+01 -6.927374e+01 3.100000e+01
      vertex   -6.145217e+01 -6.909945e+01 3.100000e+01
    endloop
  endfacet
  facet normal -1.645946e-01 -9.863613e-01 0.000000e+00
    outer loop
      vertex   -6.145217e+01 -6.909945e+01 2.860000e+01
      vertex   -6.145217e+01 -6.909945e+01 3.100000e+01
      vertex   -6.198162e+01 -6.901110e+01 2.860000e+01
    endloop
  endfacet
  facet normal -1.645946e-01 -9.863613e-01 0.000000e+00
    outer loop
      vertex   -6.198162e+01 -6.901110e+01 2.860000e+01
      vertex   -6.145217e+01 -6.909945e+01 3.100000e+01
      vertex   -6.198162e+01 -6.901110e+01 3.100000e+01
    endloop
  endfacet
  facet normal 0.000000e+00 -1.000000e+00 0.000000e+00
    outer loop
      vertex   -6.198162e+01 -6.901110e+01 2.860000e+01
      vertex   -6.198162e+01 -6.901110e+01 3.100000e+01
      vertex   -6.251838e+01 -6.901110e+01 2.860000e+01
    endloop
  endfacet
  facet normal 0.000000e+00 -1.000000e+00 0.000000e+00
    outer loop
      vertex   -6.251838e+01 -6.901110e+01 2.860000e+01
      vertex   -6.198162e+01 -6.901110e+01 3.100000e+01
      vertex   -6.251838e+01 -6.901110e+01 3.100000e+01
    endloop
  endfacet
  facet normal 1.645946e-01 -9.863613e-01 0.000000e+00
    outer loop
      vertex   -6.251838e+01 -6.901110e+01 2.860000e+01
      vertex   -6.251838e+01 -6.901110e+01 3.100000e+01
      vertex   -6.304783e+01 -6.909945e+01 2.860000e+01
    endloop
  endfacet
  facet normal 1.645946e-01 -9.863613e-01 0.000000e+00
    outer loop
      vertex   -6.304783e+01 -6.909945e+01 2.860000e+01
      vertex   -6.251838e+01 -6.901110e+01 3.100000e+01
      vertex   -6.304783e+01 -6.909945e+01 3.100000e+01
    endloop
  endfacet
  facet normal 3.246995e-01 -9.458172e-01 0.000000e+00
    outer loop
      vertex   -6.304783e+01 -6.909945e+01 2.860000e+01
      vertex   -6.304783e+01 -6.909945e+01 3.100000e+01
      vertex   -6.355551e+01 -6.927374e+01 2.860000e+01
    endloop
  endfacet
  facet normal 3.246995e-01 -9.458172e-01 0.000000e+00
    outer loop
      vertex   -6.355551e+01 -6.927374e+01 2.860000e+01
      vertex   -6.304783e+01 -6.909945e+01 3.100000e+01
      vertex   -6.355551e+01 -6.927374e+01 3.100000e+01
    endloop
  endfacet
  facet normal 4.759474e-01 -8.794738e-01 0.000000e+00
    outer loop
      vertex   -6.355551e+01 -6.927374e+01 2.860000e+01
      vertex   -6.355551e+01 -6.927374e+01 3.100000e+01
      vertex   -6.402758e+01 -6.952921e+01 2.860000e+01
    endloop
  endfacet
  facet normal 4.759474e-01 -8.794738e-01 0.000000e+00
    outer loop
      vertex   -6.402758e+01 -6.952921e+01 2.860000e+01
      vertex   -6.355551e+01 -6.927374e+01 3.100000e+01
      vertex   -6.402758e+01 -6.952921e+01 3.100000e+01
    endloop
  endfacet
  facet normal 6.142127e-01 -7.891405e-01 0.000000e+00
    outer loop
      vertex   -6.402758e+01 -6.952921e+01 2.860000e+01
      vertex   -6.402758e+01 -6.952921e+01 3.100000e+01
      vertex   -6.445117e+01 -6.985890e+01 2.860000e+01
    endloop
  endfacet
  facet normal 6.142127e-01 -7.891405e-01 0.000000e+00
    outer loop
      vertex   -6.445117e+01 -6.985890e+01 2.860000e+01
      vertex   -6.402758e+01 -6.952921e+01 3.100000e+01
      vertex   -6.445117e+01 -6.985890e+01 3.100000e+01
    endloop
  endfacet
  facet normal 7.357239e-01 -6.772816e-01 0.000000e+00
    outer loop
      vertex   -6.445117e+01 -6.985890e+01 2.860000e+01
      vertex   -6.445117e+01 -6.985890e+01 3.100000e+01
      vertex   -6.481471e+01 -7.025381e+01 2.860000e+01
    endloop
  endfacet
  facet normal 7.357239e-01 -6.772816e-01 0.000000e+00
    outer loop
      vertex   -6.481471e+01 -7.025381e+01 2.860000e+01
      vertex   -6.445117e+01 -6.985890e+01 3.100000e+01
      vertex   -6.481471e+01 -7.025381e+01 3.100000e+01
    endloop
  endfacet
  facet normal 8.371665e-01 -5.469482e-01 0.000000e+00
    outer loop
      vertex   -6.481471e+01 -7.025381e+01 2.860000e+01
      vertex   -6.481471e+01 -7.025381e+01 3.100000e+01
      vertex   -6.510829e+01 -7.070317e+01 2.860000e+01
    endloop
  endfacet
  facet normal 8.371665e-01 -5.469482e-01 0.000000e+00
    outer loop
      vertex   -6.510829e+01 -7.070317e+01 2.860000e+01
      vertex   -6.481471e+01 -7.025381e+01 3.100000e+01
      vertex   -6.510829e+01 -7.070317e+01 3.100000e+01
    endloop
  endfacet
  facet normal 9.157733e-01 -4.016954e-01 0.000000e+00
    outer loop
      vertex   -6.510829e+01 -7.070317e+01 2.860000e+01
      vertex   -6.510829e+01 -7.070317e+01 3.100000e+01
      vertex   -6.532391e+01 -7.119473e+01 2.860000e+01
    endloop
  endfacet
  facet normal 9.157733e-01 -4.016954e-01 0.000000e+00
    outer loop
      vertex   -6.532391e+01 -7.119473e+01 2.860000e+01
      vertex   -6.510829e+01 -7.070317e+01 3.100000e+01
      vertex   -6.532391e+01 -7.119473e+01 3.100000e+01
    endloop
  endfacet
  facet normal 9.694003e-01 -2.454855e-01 0.000000e+00
    outer loop
      vertex   -6.532391e+01 -7.119473e+01 2.860000e+01
      vertex   -6.532391e+01 -7.119473e+01 3.100000e+01
      vertex   -6.545567e+01 -7.171507e+01 2.860000e+01
    endloop
  endfacet
  facet normal 9.694003e-01 -2.454855e-01 0.000000e+00
    outer loop
      vertex   -6.545567e+01 -7.171507e+01 2.860000e+01
      vertex   -6.532391e+01 -7.119473e+01 3.100000e+01
      vertex   -6.545567e+01 -7.171507e+01 3.100000e+01
    endloop
  endfacet
  facet normal 9.965845e-01 -8.257935e-02 0.000000e+00
    outer loop
      vertex   -6.545567e+01 -7.171507e+01 2.860000e+01
      vertex   -6.545567e+01 -7.171507e+01 3.100000e+01
      vertex   -6.550000e+01 -7.225000e+01 2.860000e+01
    endloop
  endfacet
  facet normal 9.965845e-01 -8.257935e-02 0.000000e+00
    outer loop
      vertex   -6.550000e+01 -7.225000e+01 2.860000e+01
      vertex   -6.545567e+01 -7.171507e+01 3.100000e+01
      vertex   -6.550000e+01 -7.225000e+01 3.100000e+01
    endloop
  endfacet
  facet normal 9.965845e-01 8.257935e-02 -0.000000e+00
    outer loop
      vertex   -6.550000e+01 -7.225000e+01 2.860000e+01
      vertex   -6.550000e+01 -7.225000e+01 3.100000e+01
      vertex   -6.545567e+01 -7.278493e+01 2.860000e+01
    endloop
  endfacet
  facet normal 9.965845e-01 8.257935e-02 -0.000000e+00
    outer loop
      vertex   -6.545567e+01 -7.278493e+01 2.860000e+01
      vertex   -6.550000e+01 -7.225000e+01 3.100000e+01
      vertex   -6.545567e+01 -7.278493e+01 3.100000e+01
    endloop
  endfacet
  facet normal 9.694003e-01 2.454855e-01 -0.000000e+00
    outer loop
      vertex   -6.545567e+01 -7.278493e+01 2.860000e+01
      vertex   -6.545567e+01 -7.278493e+01 3.100000e+01
      vertex   -6.532391e+01 -7.330527e+01 2.860000e+01
    endloop
  endfacet
  facet normal 9.694003e-01 2.454855e-01 -0.000000e+00
    outer loop
      vertex   -6.532391e+01 -7.330527e+01 2.860000e+01
      vertex   -6.545567e+01 -7.278493e+01 3.100000e+01
      vertex   -6.532391e+01 -7.330527e+01 3.100000e+01
    endloop
  endfacet
  facet normal 9.157733e-01 4.016954e-01 -0.000000e+00
    outer loop
      vertex   -6.532391e+01 -7.330527e+01 2.860000e+01
      vertex   -6.532391e+01 -7.330527e+01 3.100000e+01
      vertex   -6.510829e+01 -7.379683e+01 2.860000e+01
    endloop
  endfacet
  facet normal 9.157733e-01 4.016954e-01 -0.000000e+00
    outer loop
      vertex   -6.510829e+01 -7.379683e+01 2.860000e+01
      vertex   -6.532391e+01 -7.330527e+01 3.100000e+01
      vertex   -6.510829e+01 -7.379683e+01 3.100000e+01
    endloop
  endfacet
  facet normal 8.371665e-01 5.469482e-01 -0.000000e+00
    outer loop
      vertex   -6.510829e+01 -7.379683e+01 2.860000e+01
      vertex   -6.510829e+01 -7.379683e+01 3.100000e+01
      vertex   -6.481471e+01 -7.424619e+01 2.860000e+01
    endloop
  endfacet
  facet normal 8.371665e-01 5.469482e-01 -0.000000e+00
    outer loop
      vertex   -6.481471e+01 -7.424619e+01 2.860000e+01
      vertex   -6.510829e+01 -7.379683e+01 3.100000e+01
      vertex   -6.481471e+01 -7.424619e+01 3.100000e+01
    endloop
  endfacet
  facet normal 7.357239e-01 6.772816e-01 -0.000000e+00
    outer loop
      vertex   -6.481471e+01 -7.424619e+01 2.860000e+01
      vertex   -6.481471e+01 -7.424619e+01 3.100000e+01
      vertex   -6.445117e+01 -7.464110e+01 2.860000e+01
    endloop
  endfacet
  facet normal 7.357239e-01 6.772816e-01 -0.000000e+00
    outer loop
      vertex   -6.445117e+01 -7.464110e+01 2.860000e+01
      vertex   -6.481471e+01 -7.424619e+01 3.100000e+01
      vertex   -6.445117e+01 -7.464110e+01 3.100000e+01
    endloop
  endfacet
  facet normal 6.142127e-01 7.891405e-01 -0.000000e+00
    outer loop
      vertex   -6.445117e+01 -7.464110e+01 2.860000e+01
      vertex   -6.445117e+01 -7.464110e+01 3.100000e+01
      vertex   -6.402758e+01 -7.497079e+01 2.860000e+01
    endloop
  endfacet
  facet normal 6.142127e-01 7.891405e-01 -0.000000e+00
    outer loop
      vertex   -6.402758e+01 -7.497079e+01 2.860000e+01
      vertex   -6.445117e+01 -7.464110e+01 3.100000e+01
      vertex   -6.402758e+01 -7.497079e+01 3.100000e+01
    endloop
  endfacet
  facet normal 4.759474e-01 8.794738e-01 -0.000000e+00
    outer loop
      vertex   -6.402758e+01 -7.497079e+01 2.860000e+01
      vertex   -6.402758e+01 -7.497079e+01 3.100000e+01
      vertex   -6.355551e+01 -7.522626e+01 2.860000e+01
    endloop
  endfacet
  facet normal 4.759474e-01 8.794738e-01 -0.000000e+00
    outer loop
      vertex   -6.355551e+01 -7.522626e+01 2.860000e+01
      vertex   -6.402758e+01 -7.497079e+01 3.100000e+01
      vertex   -6.355551e+01 -7.522626e+01 3.100000e+01
    endloop
  endfacet
  facet normal 3.246995e-01 9.458172e-01 -0.000000e+00
    outer loop
      vertex   -6.355551e+01 -7.522626e+01 2.860000e+01
      vertex   -6.355551e+01 -7.522626e+01 3.100000e+01
      vertex   -6.304783e+01 -7.540055e+01 2.860000e+01
    endloop
  endfacet
  facet normal 3.246995e-01 9.458172e-01 -0.000000e+00
    outer loop
      vertex   -6.304783e+01 -7.540055e+01 2.860000e+01
      vertex   -6.355551e+01 -7.522626e+01 3.100000e+01
      vertex   -6.304783e+01 -7.540055e+01 3.100000e+01
    endloop
  endfacet
  facet normal 1.645946e-01 9.863613e-01 -0.000000e+00
    outer loop
      vertex   -6.304783e+01 -7.540055e+01 2.860000e+01
      vertex   -6.304783e+01 -7.540055e+01 3.100000e+01
      vertex   -6.251838e+01 -7.548890e+01 2.860000e+01
    endloop
  endfacet
  facet normal 1.645946e-01 9.863613e-01 -0.000000e+00
    outer loop
      vertex   -6.251838e+01 -7.548890e+01 2.860000e+01
      vertex   -6.304783e+01 -7.540055e+01 3.100000e+01
      vertex   -6.251838e+01 -7.548890e+01 3.100000e+01
    endloop
  endfacet
  facet normal 0.000000e+00 1.000000e+00 0.000000e+00
    outer loop
      vertex   -6.251838e+01 -7.548890e+01 2.860000e+01
      vertex   -6.251838e+01 -7.548890e+01 3.100000e+01
      vertex   -6.198162e+01 -7.548890e+01 2.860000e+01
    endloop
  endfacet
  facet normal 0.000000e+00 1.000000e+00 -0.000000e+00
    outer loop
      vertex   -6.198162e+01 -7.548890e+01 2.860000e+01
      vertex   -6.251838e+01 -7.548890e+01 3.100000e+01
      vertex   -6.198162e+01 -7.548890e+01 3.100000e+01
    endloop
  endfacet
  facet normal -1.645946e-01 9.863613e-01 0.000000e+00
    outer loop
      vertex   -6.198162e+01 -7.548890e+01 2.860000e+01
      vertex   -6.198162e+01 -7.548890e+01 3.100000e+01
      vertex   -6.145217e+01 -7.540055e+01 2.860000e+01
    endloop
  endfacet
  facet normal -1.645946e-01 9.863613e-01 0.000000e+00
    outer loop
      vertex   -6.145217e+01 -7.540055e+01 2.860000e+01
      vertex   -6.198162e+01 -7.548890e+01 3.100000e+01
      vertex   -6.145217e+01 -7.540055e+01 3.100000e+01
    endloop
  endfacet
  facet normal -3.246995e-01 9.458172e-01 0.000000e+00
    outer loop
      vertex   -6.145217e+01 -7.540055e+01 2.860000e+01
      vertex   -6.145217e+01 -7.540055e+01 3.100000e+01
      vertex   -6.094449e+01 -7.522626e+01 2.860000e+01
    endloop
  endfacet
  facet normal -3.246995e-01 9.458172e-01 0.000000e+00
    outer loop
      vertex   -6.094449e+01 -7.522626e+01 2.860000e+01
      vertex   -6.145217e+01 -7.540055e+01 3.100000e+01
      vertex   -6.094449e+01 -7.522626e+01 3.100000e+01
    endloop
  endfacet
  facet normal -4.759474e-01 8.794738e-01 0.000000e+00
    outer loop
      vertex   -6.094449e+01 -7.522626e+01 2.860000e+01
      vertex   -6.094449e+01 -7.522626e+01 3.100000e+01
      vertex   -6.047242e+01 -7.497079e+01 2.860000e+01
    endloop
  endfacet
  facet normal -4.759474e-01 8.794738e-01 0.000000e+00
    outer loop
      vertex   -6.047242e+01 -7.497079e+01 2.860000e+01
      vertex   -6.094449e+01 -7.522626e+01 3.100000e+01
      vertex   -6.047242e+01 -7.497079e+01 3.100000e+01
    endloop
  endfacet
  facet normal -6.142127e-01 7.891405e-01 0.000000e+00
    outer loop
      vertex   -6.047242e+01 -7.497079e+01 2.860000e+01
      vertex   -6.047242e+01 -7.497079e+01 3.100000e+01
      vertex   -6.004883e+01 -7.464110e+01 2.860000e+01
    endloop
  endfacet
  facet normal -6.142127e-01 7.891405e-01 -1.818435e-15
    outer loop
      vertex   -6.004883e+01 -7.464110e+01 2.860000e+01
      vertex   -6.047242e+01 -7.497079e+01 3.100000e+01
      vertex   -6.004883e+01 -7.464110e+01 3.100000e+01
    endloop
  endfacet
  facet normal -7.357239e-01 6.772816e-01 -2.178180e-15
    outer loop
      vertex   -6.004883e+01 -7.464110e+01 2.860000e+01
      vertex   -6.004883e+01 -7.464110e+01 3.100000e+01
      vertex   -5.968529e+01 -7.424619e+01 2.860000e+01
    endloop
  endfacet
  facet normal -7.357239e-01 6.772816e-01 0.000000e+00
    outer loop
      vertex   -5.968529e+01 -7.424619e+01 2.860000e+01
      vertex   -6.004883e+01 -7.464110e+01 3.100000e+01
      vertex   -5.968529e+01 -7.424619e+01 3.100000e+01
    endloop
  endfacet
  facet normal -8.371665e-01 5.469482e-01 0.000000e+00
    outer loop
      vertex   -5.968529e+01 -7.424619e+01 2.860000e+01
      vertex   -5.968529e+01 -7.424619e+01 3.100000e+01
      vertex   -5.939171e+01 -7.379683e+01 2.860000e+01
    endloop
  endfacet
  facet normal -8.371665e-01 5.469482e-01 0.000000e+00
    outer loop
      vertex   -5.939171e+01 -7.379683e+01 2.860000e+01
      vertex   -5.968529e+01 -7.424619e+01 3.100000e+01
      vertex   -5.939171e+01 -7.379683e+01 3.100000e+01
    endloop
  endfacet
  facet normal -9.157733e-01 4.016954e-01 0.000000e+00
    outer loop
      vertex   -5.939171e+01 -7.379683e+01 2.860000e+01
      vertex   -5.939171e+01 -7.379683e+01 3.100000e+01
      vertex   -5.917609e+01 -7.330527e+01 2.860000e+01
    endloop
  endfacet
  facet normal -9.157733e-01 4.016954e-01 0.000000e+00
    outer loop
      vertex   -5.917609e+01 -7.330527e+01 2.860000e+01
      vertex   -5.939171e+01 -7.379683e+01 3.100000e+01
      vertex   -5.917609e+01 -7.330527e+01 3.100000e+01
    endloop
  endfacet
  facet normal -9.694003e-01 2.454855e-01 0.000000e+00
    outer loop
      vertex   -5.917609e+01 -7.330527e+01 2.860000e+01
      vertex   -5.917609e+01 -7.330527e+01 3.100000e+01
      vertex   -5.904433e+01 -7.278493e+01 2.860000e+01
    endloop
  endfacet
  facet normal -9.694003e-01 2.454855e-01 0.000000e+00
    outer loop
      vertex   -5.904433e+01 -7.278493e+01 2.860000e+01
      vertex   -5.917609e+01 -7.330527e+01 3.100000e+01
      vertex   -5.904433e+01 -7.278493e+01 3.100000e+01
    endloop
  endfacet
  facet normal 0.000000e+00 0.000000e+00 1.000000e+00
    outer loop
      vertex   -5.904433e+01 -7.171507e+01 2.860000e+01
      vertex   -6.545567e+01 -7.171507e+01 2.860000e+01
      vertex   -5.900000e+01 -7.225000e+01 2.860000e+01
    endloop
  endfacet
  facet normal 0.000000e+00 0.000000e+00 1.000000e+00
    outer loop
      vertex   -5.900000e+01 -7.225000e+01 2.860000e+01
      vertex   -6.545567e+01 -7.171507e+01 2.860000e+01
      vertex   -6.550000e+01 -7.225000e+01 2.860000e+01
    endloop
  endfacet
  facet normal 0.000000e+00 0.000000e+00 1.000000e+00
    outer loop
      vertex   -5.900000e+01 -7.225000e+01 2.860000e+01
      vertex   -6.550000e+01 -7.225000e+01 2.860000e+01
      vertex   -5.904433e+01 -7.278493e+01 2.860000e+01
    endloop
  endfacet
  facet normal 0.000000e+00 0.000000e+00 1.000000e+00
    outer loop
      vertex   -5.904433e+01 -7.278493e+01 2.860000e+01
      vertex   -6.550000e+01 -7.225000e+01 2.860000e+01
      vertex   -6.545567e+01 -7.278493e+01 2.860000e+01
    endloop
  endfacet
  facet normal 0.000000e+00 0.000000e+00 1.000000e+00
    outer loop
      vertex   -5.904433e+01 -7.278493e+01 2.860000e+01
      vertex   -6.545567e+01 -7.278493e+01 2.860000e+01
      vertex   -5.917609e+01 -7.330527e+01 2.860000e+01
    endloop
  endfacet
  facet normal 0.000000e+00 0.000000e+00 1.000000e+00
    outer loop
      vertex   -5.917609e+01 -7.330527e+01 2.860000e+01
      vertex   -6.545567e+01 -7.278493e+01 2.860000e+01
      vertex   -6.532391e+01 -7.330527e+01 2.860000e+01
    endloop
  endfacet
  facet normal 0.000000e+00 0.000000e+00 1.000000e+00
    outer loop
      vertex   -5.917609e+01 -7.330527e+01 2.860000e+01
      vertex   -6.532391e+01 -7.330527e+01 2.860000e+01
      vertex   -5.939171e+01 -7.379683e+01 2.860000e+01
    endloop
  endfacet
  facet normal 0.000000e+00 0.000000e+00 1.000000e+00
    outer loop
      vertex   -5.939171e+01 -7.379683e+01 2.860000e+01
      vertex   -6.532391e+01 -7.330527e+01 2.860000e+01
      vertex   -6.510829e+01 -7.379683e+01 2.860000e+01
    endloop
  endfacet
  facet normal 0.000000e+00 0.000000e+00 1.000000e+00
    outer loop
      vertex   -5.939171e+01 -7.379683e+01 2.860000e+01
      vertex   -6.510829e+01 -7.379683e+01 2.860000e+01
      vertex   -5.968529e+01 -7.424619e+01 2.860000e+01
    endloop
  endfacet
  facet normal 0.000000e+00 0.000000e+00 1.000000e+00
    outer loop
      vertex   -5.968529e+01 -7.424619e+01 2.860000e+01
      vertex   -6.510829e+01 -7.379683e+01 2.860000e+01
      vertex   -6.481471e+01 -7.424619e+01 2.860000e+01
    endloop
  endfacet
  facet normal 0.000000e+00 0.000000e+00 1.000000e+00
    outer loop
      vertex   -5.968529e+01 -7.424619e+01 2.860000e+01
      vertex   -6.481471e+01 -7.424619e+01 2.860000e+01
      vertex   -6.004883e+01 -7.464110e+01 2.860000e+01
    endloop
  endfacet
  facet normal 0.000000e+00 0.000000e+00 1.000000e+00
    outer loop
      vertex   -6.004883e+01 -7.464110e+01 2.860000e+01
      vertex   -6.481471e+01 -7.424619e+01 2.860000e+01
      vertex   -6.445117e+01 -7.464110e+01 2.860000e+01
    endloop
  endfacet
  facet normal 0.000000e+00 0.000000e+00 1.000000e+00
    outer loop
      vertex   -6.004883e+01 -7.464110e+01 2.860000e+01
      vertex   -6.445117e+01 -7.464110e+01 2.860000e+01
      vertex   -6.047242e+01 -7.497079e+01 2.860000e+01
    endloop
  endfacet
  facet normal 0.000000e+00 0.000000e+00 1.000000e+00
    outer loop
      vertex   -6.047242e+01 -7.497079e+01 2.860000e+01
      vertex   -6.445117e+01 -7.464110e+01 2.860000e+01
      vertex   -6.402758e+01 -7.497079e+01 2.860000e+01
    endloop
  endfacet
  facet normal 0.000000e+00 0.000000e+00 1.000000e+00
    outer loop
      vertex   -6.047242e+01 -7.497079e+01 2.860000e+01
      vertex   -6.402758e+01 -7.497079e+01 2.860000e+01
      vertex   -6.094449e+01 -7.522626e+01 2.860000e+01
    endloop
  endfacet
  facet normal 0.000000e+00 0.000000e+00 1.000000e+00
    outer loop
      vertex   -6.094449e+01 -7.522626e+01 2.860000e+01
      vertex   -6.402758e+01 -7.497079e+01 2.860000e+01
      vertex   -6.355551e+01 -7.522626e+01 2.860000e+01
    endloop
  endfacet
  facet normal 0.000000e+00 0.000000e+00 1.000000e+00
    outer loop
      vertex   -6.094449e+01 -7.522626e+01 2.860000e+01
      vertex   -6.355551e+01 -7.522626e+01 2.860000e+01
      vertex   -6.145217e+01 -7.540055e+01 2.860000e+01
    endloop
  endfacet
  facet normal 0.000000e+00 0.000000e+00 1.000000e+00
    outer loop
      vertex   -6.145217e+01 -7.540055e+01 2.860000e+01
      vertex   -6.355551e+01 -7.522626e+01 2.860000e+01
      vertex   -6.304783e+01 -7.540055e+01 2.860000e+01
    endloop
  endfacet
  facet normal 0.000000e+00 0.000000e+00 1.000000e+00
    outer loop
      vertex   -6.145217e+01 -7.540055e+01 2.860000e+01
      vertex   -6.304783e+01 -7.540055e+01 2.860000e+01
      vertex   -6.198162e+01 -7.548890e+01 2.860000e+01
    endloop
  endfacet
  facet normal 0.000000e+00 0.000000e+00 1.000000e+00
    outer loop
      vertex   -6.198162e+01 -7.548890e+01 2.860000e+01
      vertex   -6.304783e+01 -7.540055e+01 2.860000e+01
      vertex   -6.251838e+01 -7.548890e+01 2.860000e+01
    endloop
  endfacet
  facet normal 0.000000e+00 0.000000e+00 1.000000e+00
    outer loop
      vertex   -6.545567e+01 -7.171507e+01 2.860000e+01
      vertex   -5.904433e+01 -7.171507e+01 2.860000e+01
      vertex   -6.532391e+01 -7.119473e+01 2.860000e+01
    endloop
  endfacet
  facet normal -0.000000e+00 0.000000e+00 1.000000e+00
    outer loop
      vertex   -6.532391e+01 -7.119473e+01 2.860000e+01
      vertex   -5.904433e+01 -7.171507e+01 2.860000e+01
      vertex   -5.917609e+01 -7.119473e+01 2.860000e+01
    endloop
  endfacet
  facet normal 0.000000e+00 0.000000e+00 1.000000e+00
    outer loop
      vertex   -6.532391e+01 -7.119473e+01 2.860000e+01
      vertex   -5.917609e+01 -7.119473e+01 2.860000e+01
      vertex   -6.510829e+01 -7.070317e+01 2.860000e+01
    endloop
  endfacet
  facet normal -0.000000e+00 0.000000e+00 1.000000e+00
    outer loop
      vertex   -6.510829e+01 -7.070317e+01 2.860000e+01
      vertex   -5.917609e+01 -7.119473e+01 2.860000e+01
      vertex   -5.939171e+01 -7.070317e+01 2.860000e+01
    endloop
  endfacet
  facet normal 0.000000e+00 0.000000e+00 1.000000e+00
    outer loop
      vertex   -6.510829e+01 -7.070317e+01 2.860000e+01
      vertex   -5.939171e+01 -7.070317e+01 2.860000e+01
      vertex   -6.481471e+01 -7.025381e+01 2.860000e+01
    endloop
  endfacet
  facet normal -0.000000e+00 0.000000e+00 1.000000e+00
    outer loop
      vertex   -6.481471e+01 -7.025381e+01 2.860000e+01
      vertex   -5.939171e+01 -7.070317e+01 2.860000e+01
      vertex   -5.968529e+01 -7.025381e+01 2.860000e+01
    endloop
  endfacet
  facet normal 0.000000e+00 0.000000e+00 1.000000e+00
    outer loop
      vertex   -6.481471e+01 -7.025381e+01 2.860000e+01
      vertex   -5.968529e+01 -7.025381e+01 2.860000e+01
      vertex   -6.445117e+01 -6.985890e+01 2.860000e+01
    endloop
  endfacet
  facet normal -0.000000e+00 0.000000e+00 1.000000e+00
    outer loop
      vertex   -6.445117e+01 -6.985890e+01 2.860000e+01
      vertex   -5.968529e+01 -7.025381e+01 2.860000e+01
      vertex   -6.004883e+01 -6.985890e+01 2.860000e+01
    endloop
  endfacet
  facet normal 0.000000e+00 0.000000e+00 1.000000e+00
    outer loop
      vertex   -6.445117e+01 -6.985890e+01 2.860000e+01
      vertex   -6.004883e+01 -6.985890e+01 2.860000e+01
      vertex   -6.402758e+01 -6.952921e+01 2.860000e+01
    endloop
  endfacet
  facet normal -0.000000e+00 0.000000e+00 1.000000e+00
    outer loop
      vertex   -6.402758e+01 -6.952921e+01 2.860000e+01
      vertex   -6.004883e+01 -6.985890e+01 2.860000e+01
      vertex   -6.047242e+01 -6.952921e+01 2.860000e+01
    endloop
  endfacet
  facet normal 0.000000e+00 0.000000e+00 1.000000e+00
    outer loop
      vertex   -6.402758e+01 -6.952921e+01 2.860000e+01
      vertex   -6.047242e+01 -6.952921e+01 2.860000e+01
      vertex   -6.355551e+01 -6.927374e+01 2.860000e+01
    endloop
  endfacet
  facet normal -0.000000e+00 0.000000e+00 1.000000e+00
    outer loop
      vertex   -6.355551e+01 -6.927374e+01 2.860000e+01
      vertex   -6.047242e+01 -6.952921e+01 2.860000e+01
      vertex   -6.094449e+01 -6.927374e+01 2.860000e+01
    endloop
  endfacet
  facet normal 0.000000e+00 0.000000e+00 1.000000e+00
    outer loop
      vertex   -6.355551e+01 -6.927374e+01 2.860000e+01
      vertex   -6.094449e+01 -6.927374e+01 2.860000e+01
      vertex   -6.304783e+01 -6.909945e+01 2.860000e+01
    endloop
  endfacet
  facet normal -0.000000e+00 0.000000e+00 1.000000e+00
    outer loop
      vertex   -6.304783e+01 -6.909945e+01 2.860000e+01
      vertex   -6.094449e+01 -6.927374e+01 2.860000e+01
      vertex   -6.145217e+01 -6.909945e+01 2.860000e+01
    endloop
  endfacet
  facet normal 0.000000e+00 0.000000e+00 1.000000e+00
    outer loop
      vertex   -6.304783e+01 -6.909945e+01 2.860000e+01
      vertex   -6.145217e+01 -6.909945e+01 2.860000e+01
      vertex   -6.251838e+01 -6.901110e+01 2.860000e+01
    endloop
  endfacet
  facet normal -0.000000e+00 0.000000e+00 1.000000e+00
    outer loop
      vertex   -6.251838e+01 -6.901110e+01 2.860000e+01
      vertex   -6.145217e+01 -6.909945e+01 2.860000e+01
      vertex   -6.198162e+01 -6.901110e+01 2.860000e+01
    endloop
  endfacet
  facet normal -9.974521e-01 -7.133918e-02 -0.000000e+00
    outer loop
      vertex   -4.050000e+01 -4.625000e+01 3.100000e+01
      vertex   -4.050000e+01 -4.625000e+01 2.660000e+01
      vertex   -4.045674e+01 -4.685484e+01 3.100000e+01
    endloop
  endfacet
  facet normal -9.974521e-01 -7.133918e-02 -0.000000e+00
    outer loop
      vertex   -4.045674e+01 -4.685484e+01 3.100000e+01
      vertex   -4.050000e+01 -4.625000e+01 2.660000e+01
      vertex   -4.045674e+01 -4.685484e+01 2.660000e+01
    endloop
  endfacet
  facet normal -9.771469e-01 -2.125653e-01 -0.000000e+00
    outer loop
      vertex   -4.045674e+01 -4.685484e+01 3.100000e+01
      vertex   -4.045674e+01 -4.685484e+01 2.660000e+01
      vertex   -4.032785e+01 -4.744736e+01 3.100000e+01
    endloop
  endfacet
  facet normal -9.771469e-01 -2.125653e-01 -0.000000e+00
    outer loop
      vertex   -4.032785e+01 -4.744736e+01 3.100000e+01
      vertex   -4.045674e+01 -4.685484e+01 2.660000e+01
      vertex   -4.032785e+01 -4.744736e+01 2.660000e+01
    endloop
  endfacet
  facet normal -9.369497e-01 -3.494642e-01 -0.000000e+00
    outer loop
      vertex   -4.032785e+01 -4.744736e+01 3.100000e+01
      vertex   -4.032785e+01 -4.744736e+01 2.660000e+01
      vertex   -4.011594e+01 -4.801551e+01 3.100000e+01
    endloop
  endfacet
  facet normal -9.369497e-01 -3.494642e-01 -0.000000e+00
    outer loop
      vertex   -4.011594e+01 -4.801551e+01 3.100000e+01
      vertex   -4.032785e+01 -4.744736e+01 2.660000e+01
      vertex   -4.011594e+01 -4.801551e+01 2.660000e+01
    endloop
  endfacet
  facet normal -8.776790e-01 -4.792490e-01 -0.000000e+00
    outer loop
      vertex   -4.011594e+01 -4.801551e+01 3.100000e+01
      vertex   -4.011594e+01 -4.801551e+01 2.660000e+01
      vertex   -3.982533e+01 -4.854772e+01 3.100000e+01
    endloop
  endfacet
  facet normal -8.776790e-01 -4.792490e-01 -0.000000e+00
    outer loop
      vertex   -3.982533e+01 -4.854772e+01 3.100000e+01
      vertex   -4.011594e+01 -4.801551e+01 2.660000e+01
      vertex   -3.982533e+01 -4.854772e+01 2.660000e+01
    endloop
  endfacet
  facet normal -8.005412e-01 -5.992777e-01 -0.000000e+00
    outer loop
      vertex   -3.982533e+01 -4.854772e+01 3.100000e+01
      vertex   -3.982533e+01 -4.854772e+01 2.660000e+01
      vertex   -3.946194e+01 -4.903316e+01 3.100000e+01
    endloop
  endfacet
  facet normal -8.005412e-01 -5.992777e-01 -0.000000e+00
    outer loop
      vertex   -3.946194e+01 -4.903316e+01 3.100000e+01
      vertex   -3.982533e+01 -4.854772e+01 2.660000e+01
      vertex   -3.946194e+01 -4.903316e+01 2.660000e+01
    endloop
  endfacet
  facet normal -7.071068e-01 -7.071068e-01 -0.000000e+00
    outer loop
      vertex   -3.946194e+01 -4.903316e+01 3.100000e+01
      vertex   -3.946194e+01 -4.903316e+01 2.660000e+01
      vertex   -3.903316e+01 -4.946194e+01 3.100000e+01
    endloop
  endfacet
  facet normal -7.071068e-01 -7.071068e-01 -0.000000e+00
    outer loop
      vertex   -3.903316e+01 -4.946194e+01 3.100000e+01
      vertex   -3.946194e+01 -4.903316e+01 2.660000e+01
      vertex   -3.903316e+01 -4.946194e+01 2.660000e+01
    endloop
  endfacet
  facet normal -5.992777e-01 -8.005412e-01 -0.000000e+00
    outer loop
      vertex   -3.903316e+01 -4.946194e+01 3.100000e+01
      vertex   -3.903316e+01 -4.946194e+01 2.660000e+01
      vertex   -3.854772e+01 -4.982533e+01 3.100000e+01
    endloop
  endfacet
  facet normal -5.992777e-01 -8.005412e-01 -0.000000e+00
    outer loop
      vertex   -3.854772e+01 -4.982533e+01 3.100000e+01
      vertex   -3.903316e+01 -4.946194e+01 2.660000e+01
      vertex   -3.854772e+01 -4.982533e+01 2.660000e+01
    endloop
  endfacet
  facet normal -4.792490e-01 -8.776790e-01 -0.000000e+00
    outer loop
      vertex   -3.854772e+01 -4.982533e+01 3.100000e+01
      vertex   -3.854772e+01 -4.982533e+01 2.660000e+01
      vertex   -3.801551e+01 -5.011594e+01 3.100000e+01
    endloop
  endfacet
  facet normal -4.792490e-01 -8.776790e-01 -0.000000e+00
    outer loop
      vertex   -3.801551e+01 -5.011594e+01 3.100000e+01
      vertex   -3.854772e+01 -4.982533e+01 2.660000e+01
      vertex   -3.801551e+01 -5.011594e+01 2.660000e+01
    endloop
  endfacet
  facet normal -3.494642e-01 -9.369497e-01 -0.000000e+00
    outer loop
      vertex   -3.801551e+01 -5.011594e+01 3.100000e+01
      vertex   -3.801551e+01 -5.011594e+01 2.660000e+01
      vertex   -3.744736e+01 -5.032785e+01 3.100000e+01
    endloop
  endfacet
  facet normal -3.494642e-01 -9.369497e-01 -0.000000e+00
    outer loop
      vertex   -3.744736e+01 -5.032785e+01 3.100000e+01
      vertex   -3.801551e+01 -5.011594e+01 2.660000e+01
      vertex   -3.744736e+01 -5.032785e+01 2.660000e+01
    endloop
  endfacet
  facet normal -2.125653e-01 -9.771469e-01 -0.000000e+00
    outer loop
      vertex   -3.744736e+01 -5.032785e+01 3.100000e+01
      vertex   -3.744736e+01 -5.032785e+01 2.660000e+01
      vertex   -3.685484e+01 -5.045674e+01 3.100000e+01
    endloop
  endfacet
  facet normal -2.125653e-01 -9.771469e-01 -0.000000e+00
    outer loop
      vertex   -3.685484e+01 -5.045674e+01 3.100000e+01
      vertex   -3.744736e+01 -5.032785e+01 2.660000e+01
      vertex   -3.685484e+01 -5.045674e+01 2.660000e+01
    endloop
  endfacet
  facet normal -7.133918e-02 -9.974521e-01 -0.000000e+00
    outer loop
      vertex   -3.685484e+01 -5.045674e+01 3.100000e+01
      vertex   -3.685484e+01 -5.045674e+01 2.660000e+01
      vertex   -3.625000e+01 -5.050000e+01 3.100000e+01
    endloop
  endfacet
  facet normal -7.133918e-02 -9.974521e-01 -0.000000e+00
    outer loop
      vertex   -3.625000e+01 -5.050000e+01 3.100000e+01
      vertex   -3.685484e+01 -5.045674e+01 2.660000e+01
      vertex   -3.625000e+01 -5.050000e+01 2.660000e+01
    endloop
  endfacet
  facet normal -1.000000e+00 0.000000e+00 0.000000e+00
    outer loop
      vertex   -4.050000e+01 -4.120000e+01 2.660000e+01
      vertex   -4.050000e+01 -4.625000e+01 2.660000e+01
      vertex   -4.050000e+01 -4.120000e+01 3.100000e+01
    endloop
  endfacet
  facet normal -1.000000e+00 -0.000000e+00 0.000000e+00
    outer loop
      vertex   -4.050000e+01 -4.120000e+01 3.100000e+01
      vertex   -4.050000e+01 -4.625000e+01 2.660000e+01
      vertex   -4.050000e+01 -4.625000e+01 3.100000e+01
    endloop
  endfacet
  facet normal 7.133918e-02 -9.974521e-01 0.000000e+00
    outer loop
      vertex   -6.225000e+01 -5.050000e+01 3.100000e+01
      vertex   -6.225000e+01 -5.050000e+01 2.660000e+01
      vertex   -6.164516e+01 -5.045674e+01 3.100000e+01
    endloop
  endfacet
  facet normal 7.133918e-02 -9.974521e-01 -1.152035e-16
    outer loop
      vertex   -6.164516e+01 -5.045674e+01 3.100000e+01
      vertex   -6.225000e+01 -5.050000e+01 2.660000e+01
      vertex   -6.164516e+01 -5.045674e+01 2.660000e+01
    endloop
  endfacet
  facet normal 2.125653e-01 -9.771469e-01 -3.432653e-16
    outer loop
      vertex   -6.164516e+01 -5.045674e+01 3.100000e+01
      vertex   -6.164516e+01 -5.045674e+01 2.660000e+01
      vertex   -6.105264e+01 -5.032785e+01 3.100000e+01
    endloop
  endfacet
  facet normal 2.125653e-01 -9.771469e-01 0.000000e+00
    outer loop
      vertex   -6.105264e+01 -5.032785e+01 3.100000e+01
      vertex   -6.164516e+01 -5.045674e+01 2.660000e+01
      vertex   -6.105264e+01 -5.032785e+01 2.660000e+01
    endloop
  endfacet
  facet normal 3.494642e-01 -9.369497e-01 0.000000e+00
    outer loop
      vertex   -6.105264e+01 -5.032785e+01 3.100000e+01
      vertex   -6.105264e+01 -5.032785e+01 2.660000e+01
      vertex   -6.048449e+01 -5.011594e+01 3.100000e+01
    endloop
  endfacet
  facet normal 3.494642e-01 -9.369497e-01 0.000000e+00
    outer loop
      vertex   -6.048449e+01 -5.011594e+01 3.100000e+01
      vertex   -6.105264e+01 -5.032785e+01 2.660000e+01
      vertex   -6.048449e+01 -5.011594e+01 2.660000e+01
    endloop
  endfacet
  facet normal 4.792490e-01 -8.776790e-01 0.000000e+00
    outer loop
      vertex   -6.048449e+01 -5.011594e+01 3.100000e+01
      vertex   -6.048449e+01 -5.011594e+01 2.660000e+01
      vertex   -5.995228e+01 -4.982533e+01 3.100000e+01
    endloop
  endfacet
  facet normal 4.792490e-01 -8.776790e-01 0.000000e+00
    outer loop
      vertex   -5.995228e+01 -4.982533e+01 3.100000e+01
      vertex   -6.048449e+01 -5.011594e+01 2.660000e+01
      vertex   -5.995228e+01 -4.982533e+01 2.660000e+01
    endloop
  endfacet
  facet normal 5.992777e-01 -8.005412e-01 0.000000e+00
    outer loop
      vertex   -5.995228e+01 -4.982533e+01 3.100000e+01
      vertex   -5.995228e+01 -4.982533e+01 2.660000e+01
      vertex   -5.946684e+01 -4.946194e+01 3.100000e+01
    endloop
  endfacet
  facet normal 5.992777e-01 -8.005412e-01 0.000000e+00
    outer loop
      vertex   -5.946684e+01 -4.946194e+01 3.100000e+01
      vertex   -5.995228e+01 -4.982533e+01 2.660000e+01
      vertex   -5.946684e+01 -4.946194e+01 2.660000e+01
    endloop
  endfacet
  facet normal 7.071068e-01 -7.071068e-01 0.000000e+00
    outer loop
      vertex   -5.946684e+01 -4.946194e+01 3.100000e+01
      vertex   -5.946684e+01 -4.946194e+01 2.660000e+01
      vertex   -5.903806e+01 -4.903316e+01 3.100000e+01
    endloop
  endfacet
  facet normal 7.071068e-01 -7.071068e-01 0.000000e+00
    outer loop
      vertex   -5.903806e+01 -4.903316e+01 3.100000e+01
      vertex   -5.946684e+01 -4.946194e+01 2.660000e+01
      vertex   -5.903806e+01 -4.903316e+01 2.660000e+01
    endloop
  endfacet
  facet normal 8.005412e-01 -5.992777e-01 0.000000e+00
    outer loop
      vertex   -5.903806e+01 -4.903316e+01 3.100000e+01
      vertex   -5.903806e+01 -4.903316e+01 2.660000e+01
      vertex   -5.867467e+01 -4.854772e+01 3.100000e+01
    endloop
  endfacet
  facet normal 8.005412e-01 -5.992777e-01 0.000000e+00
    outer loop
      vertex   -5.867467e+01 -4.854772e+01 3.100000e+01
      vertex   -5.903806e+01 -4.903316e+01 2.660000e+01
      vertex   -5.867467e+01 -4.854772e+01 2.660000e+01
    endloop
  endfacet
  facet normal 8.776790e-01 -4.792490e-01 0.000000e+00
    outer loop
      vertex   -5.867467e+01 -4.854772e+01 3.100000e+01
      vertex   -5.867467e+01 -4.854772e+01 2.660000e+01
      vertex   -5.838406e+01 -4.801551e+01 3.100000e+01
    endloop
  endfacet
  facet normal 8.776790e-01 -4.792490e-01 0.000000e+00
    outer loop
      vertex   -5.838406e+01 -4.801551e+01 3.100000e+01
      vertex   -5.867467e+01 -4.854772e+01 2.660000e+01
      vertex   -5.838406e+01 -4.801551e+01 2.660000e+01
    endloop
  endfacet
  facet normal 9.369497e-01 -3.494642e-01 0.000000e+00
    outer loop
      vertex   -5.838406e+01 -4.801551e+01 3.100000e+01
      vertex   -5.838406e+01 -4.801551e+01 2.660000e+01
      vertex   -5.817215e+01 -4.744736e+01 3.100000e+01
    endloop
  endfacet
  facet normal 9.369497e-01 -3.494642e-01 0.000000e+00
    outer loop
      vertex   -5.817215e+01 -4.744736e+01 3.100000e+01
      vertex   -5.838406e+01 -4.801551e+01 2.660000e+01
      vertex   -5.817215e+01 -4.744736e+01 2.660000e+01
    endloop
  endfacet
  facet normal 9.771469e-01 -2.125653e-01 0.000000e+00
    outer loop
      vertex   -5.817215e+01 -4.744736e+01 3.100000e+01
      vertex   -5.817215e+01 -4.744736e+01 2.660000e+01
      vertex   -5.804326e+01 -4.685484e+01 3.100000e+01
    endloop
  endfacet
  facet normal 9.771469e-01 -2.125653e-01 0.000000e+00
    outer loop
      vertex   -5.804326e+01 -4.685484e+01 3.100000e+01
      vertex   -5.817215e+01 -4.744736e+01 2.660000e+01
      vertex   -5.804326e+01 -4.685484e+01 2.660000e+01
    endloop
  endfacet
  facet normal 9.974521e-01 -7.133918e-02 0.000000e+00
    outer loop
      vertex   -5.804326e+01 -4.685484e+01 3.100000e+01
      vertex   -5.804326e+01 -4.685484e+01 2.660000e+01
      vertex   -5.800000e+01 -4.625000e+01 3.100000e+01
    endloop
  endfacet
  facet normal 9.974521e-01 -7.133918e-02 0.000000e+00
    outer loop
      vertex   -5.800000e+01 -4.625000e+01 3.100000e+01
      vertex   -5.804326e+01 -4.685484e+01 2.660000e+01
      vertex   -5.800000e+01 -4.625000e+01 2.660000e+01
    endloop
  endfacet
  facet normal 0.000000e+00 -1.000000e+00 0.000000e+00
    outer loop
      vertex   -6.730000e+01 -5.050000e+01 2.660000e+01
      vertex   -6.225000e+01 -5.050000e+01 2.660000e+01
      vertex   -6.730000e+01 -5.050000e+01 3.100000e+01
    endloop
  endfacet
  facet normal 0.000000e+00 -1.000000e+00 0.000000e+00
    outer loop
      vertex   -6.730000e+01 -5.050000e+01 3.100000e+01
      vertex   -6.225000e+01 -5.050000e+01 2.660000e+01
      vertex   -6.225000e+01 -5.050000e+01 3.100000e+01
    endloop
  endfacet
  facet normal 1.809640e-15 -1.000000e+00 -1.776405e-13
    outer loop
      vertex   -4.835286e+01 -4.120000e+01 3.100000e+01
      vertex   -4.827074e+01 -4.120000e+01 3.076084e+01
      vertex   -4.050000e+01 -4.120000e+01 3.100000e+01
    endloop
  endfacet
  facet normal -3.648840e-15 -1.000000e+00 -2.823790e-16
    outer loop
      vertex   -4.050000e+01 -4.120000e+01 3.100000e+01
      vertex   -4.827074e+01 -4.120000e+01 3.076084e+01
      vertex   -4.825123e+01 -4.120000e+01 3.050873e+01
    endloop
  endfacet
  facet normal -3.708613e-15 -1.000000e+00 6.607202e-16
    outer loop
      vertex   -4.050000e+01 -4.120000e+01 3.100000e+01
      vertex   -4.825123e+01 -4.120000e+01 3.050873e+01
      vertex   -4.829558e+01 -4.120000e+01 3.025979e+01
    endloop
  endfacet
  facet normal -3.811805e-15 -1.000000e+00 1.747490e-15
    outer loop
      vertex   -4.829558e+01 -4.120000e+01 3.025979e+01
      vertex   -4.840096e+01 -4.120000e+01 3.002993e+01
      vertex   -4.050000e+01 -4.120000e+01 3.100000e+01
    endloop
  endfacet
  facet normal -3.996847e-15 -1.000000e+00 3.254600e-15
    outer loop
      vertex   -4.050000e+01 -4.120000e+01 3.100000e+01
      vertex   -4.840096e+01 -4.120000e+01 3.002993e+01
      vertex   -4.856062e+01 -4.120000e+01 2.983385e+01
    endloop
  endfacet
  facet normal -4.390059e-15 -1.000000e+00 5.972540e-15
    outer loop
      vertex   -4.050000e+01 -4.120000e+01 3.100000e+01
      vertex   -4.856062e+01 -4.120000e+01 2.983385e+01
      vertex   -4.876437e+01 -4.120000e+01 2.968409e+01
    endloop
  endfacet
  facet normal -3.439066e-15 -1.000000e+00 -0.000000e+00
    outer loop
      vertex   -4.050000e+01 -4.120000e+01 3.100000e+01
      vertex   -4.876437e+01 -4.120000e+01 2.968409e+01
      vertex   -4.050000e+01 -4.120000e+01 2.660000e+01
    endloop
  endfacet
  facet normal -1.778706e-15 -1.000000e+00 4.449236e-15
    outer loop
      vertex   -4.050000e+01 -4.120000e+01 2.660000e+01
      vertex   -4.876437e+01 -4.120000e+01 2.968409e+01
      vertex   -4.899916e+01 -4.120000e+01 2.959022e+01
    endloop
  endfacet
  facet normal -8.892867e-16 -1.000000e+00 6.977253e-15
    outer loop
      vertex   -4.050000e+01 -4.120000e+01 2.660000e+01
      vertex   -4.899916e+01 -4.120000e+01 2.959022e+01
      vertex   -4.925000e+01 -4.120000e+01 2.955825e+01
    endloop
  endfacet
  facet normal 0.000000e+00 -1.000000e+00 9.607613e-15
    outer loop
      vertex   -4.050000e+01 -4.120000e+01 2.660000e+01
      vertex   -4.925000e+01 -4.120000e+01 2.955825e+01
      vertex   -5.800000e+01 -4.120000e+01 2.660000e+01
    endloop
  endfacet
  facet normal 8.892867e-16 -1.000000e+00 6.977253e-15
    outer loop
      vertex   -5.800000e+01 -4.120000e+01 2.660000e+01
      vertex   -4.925000e+01 -4.120000e+01 2.955825e+01
      vertex   -4.950084e+01 -4.120000e+01 2.959022e+01
    endloop
  endfacet
  facet normal 1.778706e-15 -1.000000e+00 4.449236e-15
    outer loop
      vertex   -5.800000e+01 -4.120000e+01 2.660000e+01
      vertex   -4.950084e+01 -4.120000e+01 2.959022e+01
      vertex   -4.973563e+01 -4.120000e+01 2.968409e+01
    endloop
  endfacet
  facet normal 3.439066e-15 -1.000000e+00 0.000000e+00
    outer loop
      vertex   -5.800000e+01 -4.120000e+01 2.660000e+01
      vertex   -4.973563e+01 -4.120000e+01 2.968409e+01
      vertex   -5.800000e+01 -4.120000e+01 3.100000e+01
    endloop
  endfacet
  facet normal 4.390059e-15 -1.000000e+00 5.972540e-15
    outer loop
      vertex   -5.800000e+01 -4.120000e+01 3.100000e+01
      vertex   -4.973563e+01 -4.120000e+01 2.968409e+01
      vertex   -4.993938e+01 -4.120000e+01 2.983385e+01
    endloop
  endfacet
  facet normal 3.996847e-15 -1.000000e+00 3.254600e-15
    outer loop
      vertex   -5.800000e+01 -4.120000e+01 3.100000e+01
      vertex   -4.993938e+01 -4.120000e+01 2.983385e+01
      vertex   -5.009904e+01 -4.120000e+01 3.002993e+01
    endloop
  endfacet
  facet normal 3.811805e-15 -1.000000e+00 1.747490e-15
    outer loop
      vertex   -5.009904e+01 -4.120000e+01 3.002993e+01
      vertex   -5.020442e+01 -4.120000e+01 3.025979e+01
      vertex   -5.800000e+01 -4.120000e+01 3.100000e+01
    endloop
  endfacet
  facet normal 3.708613e-15 -1.000000e+00 6.607202e-16
    outer loop
      vertex   -5.800000e+01 -4.120000e+01 3.100000e+01
      vertex   -5.020442e+01 -4.120000e+01 3.025979e+01
      vertex   -5.024877e+01 -4.120000e+01 3.050873e+01
    endloop
  endfacet
  facet normal 3.648840e-15 -1.000000e+00 -2.823790e-16
    outer loop
      vertex   -5.800000e+01 -4.120000e+01 3.100000e+01
      vertex   -5.024877e+01 -4.120000e+01 3.050873e+01
      vertex   -5.022926e+01 -4.120000e+01 3.076084e+01
    endloop
  endfacet
  facet normal -1.809640e-15 -1.000000e+00 -1.776405e-13
    outer loop
      vertex   -5.022926e+01 -4.120000e+01 3.076084e+01
      vertex   -5.014714e+01 -4.120000e+01 3.100000e+01
      vertex   -5.800000e+01 -4.120000e+01 3.100000e+01
    endloop
  endfacet
  facet normal 1.000000e+00 0.000000e+00 0.000000e+00
    outer loop
      vertex   -5.800000e+01 -4.625000e+01 2.660000e+01
      vertex   -5.800000e+01 -4.120000e+01 2.660000e+01
      vertex   -5.800000e+01 -4.625000e+01 3.100000e+01
    endloop
  endfacet
  facet normal 1.000000e+00 -0.000000e+00 0.000000e+00
    outer loop
      vertex   -5.800000e+01 -4.625000e+01 3.100000e+01
      vertex   -5.800000e+01 -4.120000e+01 2.660000e+01
      vertex   -5.800000e+01 -4.120000e+01 3.100000e+01
    endloop
  endfacet
  facet normal 0.000000e+00 1.000000e+00 -0.000000e+00
    outer loop
      vertex   -6.225000e+01 -6.800000e+01 2.660000e+01
      vertex   -6.730000e+01 -6.800000e+01 2.660000e+01
      vertex   -6.225000e+01 -6.800000e+01 3.100000e+01
    endloop
  endfacet
  facet normal 0.000000e+00 1.000000e+00 0.000000e+00
    outer loop
      vertex   -6.225000e+01 -6.800000e+01 3.100000e+01
      vertex   -6.730000e+01 -6.800000e+01 2.660000e+01
      vertex   -6.730000e+01 -6.800000e+01 3.100000e+01
    endloop
  endfacet
  facet normal -0.000000e+00 0.000000e+00 1.000000e+00
    outer loop
      vertex   -5.904433e+01 -4.678493e+01 3.100000e+01
      vertex   -5.804326e+01 -4.685484e+01 3.100000e+01
      vertex   -5.900000e+01 -4.625000e+01 3.100000e+01
    endloop
  endfacet
  facet normal -0.000000e+00 0.000000e+00 1.000000e+00
    outer loop
      vertex   -5.900000e+01 -4.625000e+01 3.100000e+01
      vertex   -5.804326e+01 -4.685484e+01 3.100000e+01
      vertex   -5.800000e+01 -4.625000e+01 3.100000e+01
    endloop
  endfacet
  facet normal 0.000000e+00 -0.000000e+00 1.000000e+00
    outer loop
      vertex   -5.900000e+01 -4.625000e+01 3.100000e+01
      vertex   -5.800000e+01 -4.625000e+01 3.100000e+01
      vertex   -5.904433e+01 -4.571507e+01 3.100000e+01
    endloop
  endfacet
  facet normal -0.000000e+00 -0.000000e+00 1.000000e+00
    outer loop
      vertex   -5.904433e+01 -4.571507e+01 3.100000e+01
      vertex   -5.800000e+01 -4.625000e+01 3.100000e+01
      vertex   -5.917609e+01 -4.519473e+01 3.100000e+01
    endloop
  endfacet
  facet normal -0.000000e+00 -0.000000e+00 1.000000e+00
    outer loop
      vertex   -5.917609e+01 -4.519473e+01 3.100000e+01
      vertex   -5.800000e+01 -4.625000e+01 3.100000e+01
      vertex   -5.939171e+01 -4.470317e+01 3.100000e+01
    endloop
  endfacet
  facet normal -0.000000e+00 0.000000e+00 1.000000e+00
    outer loop
      vertex   -5.939171e+01 -4.470317e+01 3.100000e+01
      vertex   -5.800000e+01 -4.625000e+01 3.100000e+01
      vertex   -5.800000e+01 -4.120000e+01 3.100000e+01
    endloop
  endfacet
  facet normal 0.000000e+00 -0.000000e+00 1.000000e+00
    outer loop
      vertex   -5.939171e+01 -4.470317e+01 3.100000e+01
      vertex   -5.800000e+01 -4.120000e+01 3.100000e+01
      vertex   -5.968529e+01 -4.425381e+01 3.100000e+01
    endloop
  endfacet
  facet normal 0.000000e+00 -0.000000e+00 1.000000e+00
    outer loop
      vertex   -5.968529e+01 -4.425381e+01 3.100000e+01
      vertex   -5.800000e+01 -4.120000e+01 3.100000e+01
      vertex   -6.004883e+01 -4.385890e+01 3.100000e+01
    endloop
  endfacet
  facet normal 0.000000e+00 -0.000000e+00 1.000000e+00
    outer loop
      vertex   -6.004883e+01 -4.385890e+01 3.100000e+01
      vertex   -5.800000e+01 -4.120000e+01 3.100000e+01
      vertex   -6.047242e+01 -4.352921e+01 3.100000e+01
    endloop
  endfacet
  facet normal 0.000000e+00 -0.000000e+00 1.000000e+00
    outer loop
      vertex   -6.047242e+01 -4.352921e+01 3.100000e+01
      vertex   -5.800000e+01 -4.120000e+01 3.100000e+01
      vertex   -6.094449e+01 -4.327374e+01 3.100000e+01
    endloop
  endfacet
  facet normal 0.000000e+00 -0.000000e+00 1.000000e+00
    outer loop
      vertex   -6.094449e+01 -4.327374e+01 3.100000e+01
      vertex   -5.800000e+01 -4.120000e+01 3.100000e+01
      vertex   -6.145217e+01 -4.309945e+01 3.100000e+01
    endloop
  endfacet
  facet normal 0.000000e+00 -0.000000e+00 1.000000e+00
    outer loop
      vertex   -6.145217e+01 -4.309945e+01 3.100000e+01
      vertex   -5.800000e+01 -4.120000e+01 3.100000e+01
      vertex   -6.198162e+01 -4.301110e+01 3.100000e+01
    endloop
  endfacet
  facet normal 0.000000e+00 -0.000000e+00 1.000000e+00
    outer loop
      vertex   -6.198162e+01 -4.301110e+01 3.100000e+01
      vertex   -5.800000e+01 -4.120000e+01 3.100000e+01
      vertex   -6.625000e+01 -4.120000e+01 3.100000e+01
    endloop
  endfacet
  facet normal 0.000000e+00 0.000000e+00 1.000000e+00
    outer loop
      vertex   -6.198162e+01 -4.301110e+01 3.100000e+01
      vertex   -6.625000e+01 -4.120000e+01 3.100000e+01
      vertex   -6.251838e+01 -4.301110e+01 3.100000e+01
    endloop
  endfacet
  facet normal 0.000000e+00 0.000000e+00 1.000000e+00
    outer loop
      vertex   -6.251838e+01 -4.301110e+01 3.100000e+01
      vertex   -6.625000e+01 -4.120000e+01 3.100000e+01
      vertex   -6.304783e+01 -4.309945e+01 3.100000e+01
    endloop
  endfacet
  facet normal 0.000000e+00 0.000000e+00 1.000000e+00
    outer loop
      vertex   -6.304783e+01 -4.309945e+01 3.100000e+01
      vertex   -6.625000e+01 -4.120000e+01 3.100000e+01
      vertex   -6.355551e+01 -4.327374e+01 3.100000e+01
    endloop
  endfacet
  facet normal 0.000000e+00 0.000000e+00 1.000000e+00
    outer loop
      vertex   -6.355551e+01 -4.327374e+01 3.100000e+01
      vertex   -6.625000e+01 -4.120000e+01 3.100000e+01
      vertex   -6.402758e+01 -4.352921e+01 3.100000e+01
    endloop
  endfacet
  facet normal 0.000000e+00 0.000000e+00 1.000000e+00
    outer loop
      vertex   -6.402758e+01 -4.352921e+01 3.100000e+01
      vertex   -6.625000e+01 -4.120000e+01 3.100000e+01
      vertex   -6.445117e+01 -4.385890e+01 3.100000e+01
    endloop
  endfacet
  facet normal 0.000000e+00 0.000000e+00 1.000000e+00
    outer loop
      vertex   -6.445117e+01 -4.385890e+01 3.100000e+01
      vertex   -6.625000e+01 -4.120000e+01 3.100000e+01
      vertex   -6.730000e+01 -4.225000e+01 3.100000e+01
    endloop
  endfacet
  facet normal 0.000000e+00 0.000000e+00 1.000000e+00
    outer loop
      vertex   -6.445117e+01 -4.385890e+01 3.100000e+01
      vertex   -6.730000e+01 -4.225000e+01 3.100000e+01
      vertex   -6.481471e+01 -4.425381e+01 3.100000e+01
    endloop
  endfacet
  facet normal 0.000000e+00 0.000000e+00 1.000000e+00
    outer loop
      vertex   -6.481471e+01 -4.425381e+01 3.100000e+01
      vertex   -6.730000e+01 -4.225000e+01 3.100000e+01
      vertex   -6.510829e+01 -4.470317e+01 3.100000e+01
    endloop
  endfacet
  facet normal 0.000000e+00 0.000000e+00 1.000000e+00
    outer loop
      vertex   -6.510829e+01 -4.470317e+01 3.100000e+01
      vertex   -6.730000e+01 -4.225000e+01 3.100000e+01
      vertex   -6.532391e+01 -4.519473e+01 3.100000e+01
    endloop
  endfacet
  facet normal 0.000000e+00 0.000000e+00 1.000000e+00
    outer loop
      vertex   -6.532391e+01 -4.519473e+01 3.100000e+01
      vertex   -6.730000e+01 -4.225000e+01 3.100000e+01
      vertex   -6.545567e+01 -4.571507e+01 3.100000e+01
    endloop
  endfacet
  facet normal 0.000000e+00 0.000000e+00 1.000000e+00
    outer loop
      vertex   -6.545567e+01 -4.571507e+01 3.100000e+01
      vertex   -6.730000e+01 -4.225000e+01 3.100000e+01
      vertex   -6.550000e+01 -4.625000e+01 3.100000e+01
    endloop
  endfacet
  facet normal 0.000000e+00 0.000000e+00 1.000000e+00
    outer loop
      vertex   -6.550000e+01 -4.625000e+01 3.100000e+01
      vertex   -6.730000e+01 -4.225000e+01 3.100000e+01
      vertex   -6.730000e+01 -5.050000e+01 3.100000e+01
    endloop
  endfacet
  facet normal 0.000000e+00 0.000000e+00 1.000000e+00
    outer loop
      vertex   -6.550000e+01 -4.625000e+01 3.100000e+01
      vertex   -6.730000e+01 -5.050000e+01 3.100000e+01
      vertex   -6.545567e+01 -4.678493e+01 3.100000e+01
    endloop
  endfacet
  facet normal 0.000000e+00 0.000000e+00 1.000000e+00
    outer loop
      vertex   -6.545567e+01 -4.678493e+01 3.100000e+01
      vertex   -6.730000e+01 -5.050000e+01 3.100000e+01
      vertex   -6.532391e+01 -4.730527e+01 3.100000e+01
    endloop
  endfacet
  facet normal 0.000000e+00 0.000000e+00 1.000000e+00
    outer loop
      vertex   -6.532391e+01 -4.730527e+01 3.100000e+01
      vertex   -6.730000e+01 -5.050000e+01 3.100000e+01
      vertex   -6.510829e+01 -4.779683e+01 3.100000e+01
    endloop
  endfacet
  facet normal 0.000000e+00 0.000000e+00 1.000000e+00
    outer loop
      vertex   -6.510829e+01 -4.779683e+01 3.100000e+01
      vertex   -6.730000e+01 -5.050000e+01 3.100000e+01
      vertex   -6.481471e+01 -4.824619e+01 3.100000e+01
    endloop
  endfacet
  facet normal 0.000000e+00 0.000000e+00 1.000000e+00
    outer loop
      vertex   -6.481471e+01 -4.824619e+01 3.100000e+01
      vertex   -6.730000e+01 -5.050000e+01 3.100000e+01
      vertex   -6.445117e+01 -4.864110e+01 3.100000e+01
    endloop
  endfacet
  facet normal 0.000000e+00 0.000000e+00 1.000000e+00
    outer loop
      vertex   -6.445117e+01 -4.864110e+01 3.100000e+01
      vertex   -6.730000e+01 -5.050000e+01 3.100000e+01
      vertex   -6.402758e+01 -4.897079e+01 3.100000e+01
    endloop
  endfacet
  facet normal 0.000000e+00 0.000000e+00 1.000000e+00
    outer loop
      vertex   -6.402758e+01 -4.897079e+01 3.100000e+01
      vertex   -6.730000e+01 -5.050000e+01 3.100000e+01
      vertex   -6.355551e+01 -4.922626e+01 3.100000e+01
    endloop
  endfacet
  facet normal 0.000000e+00 0.000000e+00 1.000000e+00
    outer loop
      vertex   -6.355551e+01 -4.922626e+01 3.100000e+01
      vertex   -6.730000e+01 -5.050000e+01 3.100000e+01
      vertex   -6.225000e+01 -5.050000e+01 3.100000e+01
    endloop
  endfacet
  facet normal 0.000000e+00 0.000000e+00 1.000000e+00
    outer loop
      vertex   -6.355551e+01 -4.922626e+01 3.100000e+01
      vertex   -6.225000e+01 -5.050000e+01 3.100000e+01
      vertex   -6.304783e+01 -4.940055e+01 3.100000e+01
    endloop
  endfacet
  facet normal 0.000000e+00 0.000000e+00 1.000000e+00
    outer loop
      vertex   -6.304783e+01 -4.940055e+01 3.100000e+01
      vertex   -6.225000e+01 -5.050000e+01 3.100000e+01
      vertex   -6.251838e+01 -4.948890e+01 3.100000e+01
    endloop
  endfacet
  facet normal -0.000000e+00 0.000000e+00 1.000000e+00
    outer loop
      vertex   -6.251838e+01 -4.948890e+01 3.100000e+01
      vertex   -6.225000e+01 -5.050000e+01 3.100000e+01
      vertex   -6.198162e+01 -4.948890e+01 3.100000e+01
    endloop
  endfacet
  facet normal 0.000000e+00 0.000000e+00 1.000000e+00
    outer loop
      vertex   -6.198162e+01 -4.948890e+01 3.100000e+01
      vertex   -6.225000e+01 -5.050000e+01 3.100000e+01
      vertex   -6.164516e+01 -5.045674e+01 3.100000e+01
    endloop
  endfacet
  facet normal -0.000000e+00 0.000000e+00 1.000000e+00
    outer loop
      vertex   -6.198162e+01 -4.948890e+01 3.100000e+01
      vertex   -6.164516e+01 -5.045674e+01 3.100000e+01
      vertex   -6.145217e+01 -4.940055e+01 3.100000e+01
    endloop
  endfacet
  facet normal 0.000000e+00 0.000000e+00 1.000000e+00
    outer loop
      vertex   -6.145217e+01 -4.940055e+01 3.100000e+01
      vertex   -6.164516e+01 -5.045674e+01 3.100000e+01
      vertex   -6.105264e+01 -5.032785e+01 3.100000e+01
    endloop
  endfacet
  facet normal -0.000000e+00 0.000000e+00 1.000000e+00
    outer loop
      vertex   -6.145217e+01 -4.940055e+01 3.100000e+01
      vertex   -6.105264e+01 -5.032785e+01 3.100000e+01
      vertex   -6.094449e+01 -4.922626e+01 3.100000e+01
    endloop
  endfacet
  facet normal 0.000000e+00 0.000000e+00 1.000000e+00
    outer loop
      vertex   -6.094449e+01 -4.922626e+01 3.100000e+01
      vertex   -6.105264e+01 -5.032785e+01 3.100000e+01
      vertex   -6.048449e+01 -5.011594e+01 3.100000e+01
    endloop
  endfacet
  facet normal -0.000000e+00 0.000000e+00 1.000000e+00
    outer loop
      vertex   -6.094449e+01 -4.922626e+01 3.100000e+01
      vertex   -6.048449e+01 -5.011594e+01 3.100000e+01
      vertex   -6.047242e+01 -4.897079e+01 3.100000e+01
    endloop
  endfacet
  facet normal 0.000000e+00 0.000000e+00 1.000000e+00
    outer loop
      vertex   -6.047242e+01 -4.897079e+01 3.100000e+01
      vertex   -6.048449e+01 -5.011594e+01 3.100000e+01
      vertex   -5.995228e+01 -4.982533e+01 3.100000e+01
    endloop
  endfacet
  facet normal 0.000000e+00 0.000000e+00 1.000000e+00
    outer loop
      vertex   -6.047242e+01 -4.897079e+01 3.100000e+01
      vertex   -5.995228e+01 -4.982533e+01 3.100000e+01
      vertex   -5.946684e+01 -4.946194e+01 3.100000e+01
    endloop
  endfacet
  facet normal 0.000000e+00 0.000000e+00 1.000000e+00
    outer loop
      vertex   -5.804326e+01 -4.685484e+01 3.100000e+01
      vertex   -5.904433e+01 -4.678493e+01 3.100000e+01
      vertex   -5.817215e+01 -4.744736e+01 3.100000e+01
    endloop
  endfacet
  facet normal 0.000000e+00 0.000000e+00 1.000000e+00
    outer loop
      vertex   -5.817215e+01 -4.744736e+01 3.100000e+01
      vertex   -5.904433e+01 -4.678493e+01 3.100000e+01
      vertex   -5.917609e+01 -4.730527e+01 3.100000e+01
    endloop
  endfacet
  facet normal 0.000000e+00 0.000000e+00 1.000000e+00
    outer loop
      vertex   -5.817215e+01 -4.744736e+01 3.100000e+01
      vertex   -5.917609e+01 -4.730527e+01 3.100000e+01
      vertex   -5.838406e+01 -4.801551e+01 3.100000e+01
    endloop
  endfacet
  facet normal 0.000000e+00 0.000000e+00 1.000000e+00
    outer loop
      vertex   -5.838406e+01 -4.801551e+01 3.100000e+01
      vertex   -5.917609e+01 -4.730527e+01 3.100000e+01
      vertex   -5.939171e+01 -4.779683e+01 3.100000e+01
    endloop
  endfacet
  facet normal 0.000000e+00 0.000000e+00 1.000000e+00
    outer loop
      vertex   -5.838406e+01 -4.801551e+01 3.100000e+01
      vertex   -5.939171e+01 -4.779683e+01 3.100000e+01
      vertex   -5.867467e+01 -4.854772e+01 3.100000e+01
    endloop
  endfacet
  facet normal 0.000000e+00 0.000000e+00 1.000000e+00
    outer loop
      vertex   -5.867467e+01 -4.854772e+01 3.100000e+01
      vertex   -5.939171e+01 -4.779683e+01 3.100000e+01
      vertex   -5.968529e+01 -4.824619e+01 3.100000e+01
    endloop
  endfacet
  facet normal 0.000000e+00 0.000000e+00 1.000000e+00
    outer loop
      vertex   -5.867467e+01 -4.854772e+01 3.100000e+01
      vertex   -5.968529e+01 -4.824619e+01 3.100000e+01
      vertex   -5.903806e+01 -4.903316e+01 3.100000e+01
    endloop
  endfacet
  facet normal 0.000000e+00 0.000000e+00 1.000000e+00
    outer loop
      vertex   -5.903806e+01 -4.903316e+01 3.100000e+01
      vertex   -5.968529e+01 -4.824619e+01 3.100000e+01
      vertex   -6.004883e+01 -4.864110e+01 3.100000e+01
    endloop
  endfacet
  facet normal 0.000000e+00 0.000000e+00 1.000000e+00
    outer loop
      vertex   -5.903806e+01 -4.903316e+01 3.100000e+01
      vertex   -6.004883e+01 -4.864110e+01 3.100000e+01
      vertex   -5.946684e+01 -4.946194e+01 3.100000e+01
    endloop
  endfacet
  facet normal 0.000000e+00 0.000000e+00 1.000000e+00
    outer loop
      vertex   -5.946684e+01 -4.946194e+01 3.100000e+01
      vertex   -6.004883e+01 -4.864110e+01 3.100000e+01
      vertex   -6.047242e+01 -4.897079e+01 3.100000e+01
    endloop
  endfacet
  facet normal -0.000000e+00 0.000000e+00 1.000000e+00
    outer loop
      vertex   -6.652176e+01 -4.123578e+01 3.100000e+01
      vertex   -6.677500e+01 -4.134067e+01 3.100000e+01
      vertex   -6.625000e+01 -4.120000e+01 3.100000e+01
    endloop
  endfacet
  facet normal 0.000000e+00 0.000000e+00 1.000000e+00
    outer loop
      vertex   -6.625000e+01 -4.120000e+01 3.100000e+01
      vertex   -6.677500e+01 -4.134067e+01 3.100000e+01
      vertex   -6.699246e+01 -4.150754e+01 3.100000e+01
    endloop
  endfacet
  facet normal 0.000000e+00 0.000000e+00 1.000000e+00
    outer loop
      vertex   -6.625000e+01 -4.120000e+01 3.100000e+01
      vertex   -6.699246e+01 -4.150754e+01 3.100000e+01
      vertex   -6.715933e+01 -4.172500e+01 3.100000e+01
    endloop
  endfacet
  facet normal -0.000000e+00 0.000000e+00 1.000000e+00
    outer loop
      vertex   -6.715933e+01 -4.172500e+01 3.100000e+01
      vertex   -6.726422e+01 -4.197824e+01 3.100000e+01
      vertex   -6.625000e+01 -4.120000e+01 3.100000e+01
    endloop
  endfacet
  facet normal 0.000000e+00 0.000000e+00 1.000000e+00
    outer loop
      vertex   -6.625000e+01 -4.120000e+01 3.100000e+01
      vertex   -6.726422e+01 -4.197824e+01 3.100000e+01
      vertex   -6.730000e+01 -4.225000e+01 3.100000e+01
    endloop
  endfacet
  facet normal 0.000000e+00 0.000000e+00 1.000000e+00
    outer loop
      vertex   -5.904433e+01 -7.278493e+01 3.100000e+01
      vertex   -5.800000e+01 -7.225000e+01 3.100000e+01
      vertex   -5.900000e+01 -7.225000e+01 3.100000e+01
    endloop
  endfacet
  facet normal 0.000000e+00 0.000000e+00 1.000000e+00
    outer loop
      vertex   -5.900000e+01 -7.225000e+01 3.100000e+01
      vertex   -5.800000e+01 -7.225000e+01 3.100000e+01
      vertex   -5.804326e+01 -7.164516e+01 3.100000e+01
    endloop
  endfacet
  facet normal 0.000000e+00 -0.000000e+00 1.000000e+00
    outer loop
      vertex   -5.900000e+01 -7.225000e+01 3.100000e+01
      vertex   -5.804326e+01 -7.164516e+01 3.100000e+01
      vertex   -5.904433e+01 -7.171507e+01 3.100000e+01
    endloop
  endfacet
  facet normal 0.000000e+00 0.000000e+00 1.000000e+00
    outer loop
      vertex   -5.904433e+01 -7.171507e+01 3.100000e+01
      vertex   -5.804326e+01 -7.164516e+01 3.100000e+01
      vertex   -5.817215e+01 -7.105264e+01 3.100000e+01
    endloop
  endfacet
  facet normal 0.000000e+00 -0.000000e+00 1.000000e+00
    outer loop
      vertex   -5.904433e+01 -7.171507e+01 3.100000e+01
      vertex   -5.817215e+01 -7.105264e+01 3.100000e+01
      vertex   -5.917609e+01 -7.119473e+01 3.100000e+01
    endloop
  endfacet
  facet normal 0.000000e+00 0.000000e+00 1.000000e+00
    outer loop
      vertex   -5.917609e+01 -7.119473e+01 3.100000e+01
      vertex   -5.817215e+01 -7.105264e+01 3.100000e+01
      vertex   -5.838406e+01 -7.048449e+01 3.100000e+01
    endloop
  endfacet
  facet normal 0.000000e+00 -0.000000e+00 1.000000e+00
    outer loop
      vertex   -5.917609e+01 -7.119473e+01 3.100000e+01
      vertex   -5.838406e+01 -7.048449e+01 3.100000e+01
      vertex   -5.939171e+01 -7.070317e+01 3.100000e+01
    endloop
  endfacet
  facet normal 0.000000e+00 0.000000e+00 1.000000e+00
    outer loop
      vertex   -5.939171e+01 -7.070317e+01 3.100000e+01
      vertex   -5.838406e+01 -7.048449e+01 3.100000e+01
      vertex   -5.867467e+01 -6.995228e+01 3.100000e+01
    endloop
  endfacet
  facet normal 0.000000e+00 -0.000000e+00 1.000000e+00
    outer loop
      vertex   -5.939171e+01 -7.070317e+01 3.100000e+01
      vertex   -5.867467e+01 -6.995228e+01 3.100000e+01
      vertex   -5.968529e+01 -7.025381e+01 3.100000e+01
    endloop
  endfacet
  facet normal 0.000000e+00 0.000000e+00 1.000000e+00
    outer loop
      vertex   -5.968529e+01 -7.025381e+01 3.100000e+01
      vertex   -5.867467e+01 -6.995228e+01 3.100000e+01
      vertex   -5.903806e+01 -6.946684e+01 3.100000e+01
    endloop
  endfacet
  facet normal 0.000000e+00 -0.000000e+00 1.000000e+00
    outer loop
      vertex   -5.968529e+01 -7.025381e+01 3.100000e+01
      vertex   -5.903806e+01 -6.946684e+01 3.100000e+01
      vertex   -6.004883e+01 -6.985890e+01 3.100000e+01
    endloop
  endfacet
  facet normal 0.000000e+00 0.000000e+00 1.000000e+00
    outer loop
      vertex   -6.004883e+01 -6.985890e+01 3.100000e+01
      vertex   -5.903806e+01 -6.946684e+01 3.100000e+01
      vertex   -5.946684e+01 -6.903806e+01 3.100000e+01
    endloop
  endfacet
  facet normal 0.000000e+00 -0.000000e+00 1.000000e+00
    outer loop
      vertex   -6.004883e+01 -6.985890e+01 3.100000e+01
      vertex   -5.946684e+01 -6.903806e+01 3.100000e+01
      vertex   -6.047242e+01 -6.952921e+01 3.100000e+01
    endloop
  endfacet
  facet normal 0.000000e+00 0.000000e+00 1.000000e+00
    outer loop
      vertex   -6.047242e+01 -6.952921e+01 3.100000e+01
      vertex   -5.946684e+01 -6.903806e+01 3.100000e+01
      vertex   -5.995228e+01 -6.867467e+01 3.100000e+01
    endloop
  endfacet
  facet normal 0.000000e+00 -0.000000e+00 1.000000e+00
    outer loop
      vertex   -6.047242e+01 -6.952921e+01 3.100000e+01
      vertex   -5.995228e+01 -6.867467e+01 3.100000e+01
      vertex   -6.048449e+01 -6.838406e+01 3.100000e+01
    endloop
  endfacet
  facet normal -0.000000e+00 0.000000e+00 1.000000e+00
    outer loop
      vertex   -5.904433e+01 -7.278493e+01 3.100000e+01
      vertex   -5.917609e+01 -7.330527e+01 3.100000e+01
      vertex   -5.800000e+01 -7.225000e+01 3.100000e+01
    endloop
  endfacet
  facet normal 0.000000e+00 0.000000e+00 1.000000e+00
    outer loop
      vertex   -5.800000e+01 -7.225000e+01 3.100000e+01
      vertex   -5.917609e+01 -7.330527e+01 3.100000e+01
      vertex   -5.939171e+01 -7.379683e+01 3.100000e+01
    endloop
  endfacet
  facet normal 0.000000e+00 0.000000e+00 1.000000e+00
    outer loop
      vertex   -5.800000e+01 -7.225000e+01 3.100000e+01
      vertex   -5.939171e+01 -7.379683e+01 3.100000e+01
      vertex   -5.800000e+01 -7.730000e+01 3.100000e+01
    endloop
  endfacet
  facet normal 0.000000e+00 0.000000e+00 1.000000e+00
    outer loop
      vertex   -5.800000e+01 -7.730000e+01 3.100000e+01
      vertex   -5.939171e+01 -7.379683e+01 3.100000e+01
      vertex   -5.968529e+01 -7.424619e+01 3.100000e+01
    endloop
  endfacet
  facet normal 0.000000e+00 0.000000e+00 1.000000e+00
    outer loop
      vertex   -5.800000e+01 -7.730000e+01 3.100000e+01
      vertex   -5.968529e+01 -7.424619e+01 3.100000e+01
      vertex   -6.004883e+01 -7.464110e+01 3.100000e+01
    endloop
  endfacet
  facet normal 0.000000e+00 0.000000e+00 1.000000e+00
    outer loop
      vertex   -6.004883e+01 -7.464110e+01 3.100000e+01
      vertex   -6.047242e+01 -7.497079e+01 3.100000e+01
      vertex   -5.800000e+01 -7.730000e+01 3.100000e+01
    endloop
  endfacet
  facet normal 0.000000e+00 0.000000e+00 1.000000e+00
    outer loop
      vertex   -5.800000e+01 -7.730000e+01 3.100000e+01
      vertex   -6.047242e+01 -7.497079e+01 3.100000e+01
      vertex   -6.094449e+01 -7.522626e+01 3.100000e+01
    endloop
  endfacet
  facet normal 0.000000e+00 0.000000e+00 1.000000e+00
    outer loop
      vertex   -5.800000e+01 -7.730000e+01 3.100000e+01
      vertex   -6.094449e+01 -7.522626e+01 3.100000e+01
      vertex   -6.145217e+01 -7.540055e+01 3.100000e+01
    endloop
  endfacet
  facet normal 0.000000e+00 0.000000e+00 1.000000e+00
    outer loop
      vertex   -6.145217e+01 -7.540055e+01 3.100000e+01
      vertex   -6.198162e+01 -7.548890e+01 3.100000e+01
      vertex   -5.800000e+01 -7.730000e+01 3.100000e+01
    endloop
  endfacet
  facet normal 0.000000e+00 0.000000e+00 1.000000e+00
    outer loop
      vertex   -5.800000e+01 -7.730000e+01 3.100000e+01
      vertex   -6.198162e+01 -7.548890e+01 3.100000e+01
      vertex   -6.625000e+01 -7.730000e+01 3.100000e+01
    endloop
  endfacet
  facet normal 0.000000e+00 0.000000e+00 1.000000e+00
    outer loop
      vertex   -6.625000e+01 -7.730000e+01 3.100000e+01
      vertex   -6.198162e+01 -7.548890e+01 3.100000e+01
      vertex   -6.251838e+01 -7.548890e+01 3.100000e+01
    endloop
  endfacet
  facet normal 0.000000e+00 0.000000e+00 1.000000e+00
    outer loop
      vertex   -6.625000e+01 -7.730000e+01 3.100000e+01
      vertex   -6.251838e+01 -7.548890e+01 3.100000e+01
      vertex   -6.304783e+01 -7.540055e+01 3.100000e+01
    endloop
  endfacet
  facet normal 0.000000e+00 0.000000e+00 1.000000e+00
    outer loop
      vertex   -6.304783e+01 -7.540055e+01 3.100000e+01
      vertex   -6.355551e+01 -7.522626e+01 3.100000e+01
      vertex   -6.625000e+01 -7.730000e+01 3.100000e+01
    endloop
  endfacet
  facet normal 0.000000e+00 0.000000e+00 1.000000e+00
    outer loop
      vertex   -6.625000e+01 -7.730000e+01 3.100000e+01
      vertex   -6.355551e+01 -7.522626e+01 3.100000e+01
      vertex   -6.402758e+01 -7.497079e+01 3.100000e+01
    endloop
  endfacet
  facet normal 0.000000e+00 0.000000e+00 1.000000e+00
    outer loop
      vertex   -6.625000e+01 -7.730000e+01 3.100000e+01
      vertex   -6.402758e+01 -7.497079e+01 3.100000e+01
      vertex   -6.445117e+01 -7.464110e+01 3.100000e+01
    endloop
  endfacet
  facet normal 0.000000e+00 -0.000000e+00 1.000000e+00
    outer loop
      vertex   -6.625000e+01 -7.730000e+01 3.100000e+01
      vertex   -6.445117e+01 -7.464110e+01 3.100000e+01
      vertex   -6.730000e+01 -7.625000e+01 3.100000e+01
    endloop
  endfacet
  facet normal 0.000000e+00 0.000000e+00 1.000000e+00
    outer loop
      vertex   -6.730000e+01 -7.625000e+01 3.100000e+01
      vertex   -6.445117e+01 -7.464110e+01 3.100000e+01
      vertex   -6.481471e+01 -7.424619e+01 3.100000e+01
    endloop
  endfacet
  facet normal 0.000000e+00 0.000000e+00 1.000000e+00
    outer loop
      vertex   -6.730000e+01 -7.625000e+01 3.100000e+01
      vertex   -6.481471e+01 -7.424619e+01 3.100000e+01
      vertex   -6.510829e+01 -7.379683e+01 3.100000e+01
    endloop
  endfacet
  facet normal 0.000000e+00 0.000000e+00 1.000000e+00
    outer loop
      vertex   -6.510829e+01 -7.379683e+01 3.100000e+01
      vertex   -6.532391e+01 -7.330527e+01 3.100000e+01
      vertex   -6.730000e+01 -7.625000e+01 3.100000e+01
    endloop
  endfacet
  facet normal 0.000000e+00 0.000000e+00 1.000000e+00
    outer loop
      vertex   -6.730000e+01 -7.625000e+01 3.100000e+01
      vertex   -6.532391e+01 -7.330527e+01 3.100000e+01
      vertex   -6.545567e+01 -7.278493e+01 3.100000e+01
    endloop
  endfacet
  facet normal 0.000000e+00 0.000000e+00 1.000000e+00
    outer loop
      vertex   -6.730000e+01 -7.625000e+01 3.100000e+01
      vertex   -6.545567e+01 -7.278493e+01 3.100000e+01
      vertex   -6.550000e+01 -7.225000e+01 3.100000e+01
    endloop
  endfacet
  facet normal 0.000000e+00 0.000000e+00 1.000000e+00
    outer loop
      vertex   -6.730000e+01 -7.625000e+01 3.100000e+01
      vertex   -6.550000e+01 -7.225000e+01 3.100000e+01
      vertex   -6.730000e+01 -6.800000e+01 3.100000e+01
    endloop
  endfacet
  facet normal 0.000000e+00 0.000000e+00 1.000000e+00
    outer loop
      vertex   -6.730000e+01 -6.800000e+01 3.100000e+01
      vertex   -6.550000e+01 -7.225000e+01 3.100000e+01
      vertex   -6.545567e+01 -7.171507e+01 3.100000e+01
    endloop
  endfacet
  facet normal 0.000000e+00 0.000000e+00 1.000000e+00
    outer loop
      vertex   -6.730000e+01 -6.800000e+01 3.100000e+01
      vertex   -6.545567e+01 -7.171507e+01 3.100000e+01
      vertex   -6.532391e+01 -7.119473e+01 3.100000e+01
    endloop
  endfacet
  facet normal 0.000000e+00 -0.000000e+00 1.000000e+00
    outer loop
      vertex   -6.532391e+01 -7.119473e+01 3.100000e+01
      vertex   -6.510829e+01 -7.070317e+01 3.100000e+01
      vertex   -6.730000e+01 -6.800000e+01 3.100000e+01
    endloop
  endfacet
  facet normal 0.000000e+00 0.000000e+00 1.000000e+00
    outer loop
      vertex   -6.730000e+01 -6.800000e+01 3.100000e+01
      vertex   -6.510829e+01 -7.070317e+01 3.100000e+01
      vertex   -6.481471e+01 -7.025381e+01 3.100000e+01
    endloop
  endfacet
  facet normal 0.000000e+00 0.000000e+00 1.000000e+00
    outer loop
      vertex   -6.730000e+01 -6.800000e+01 3.100000e+01
      vertex   -6.481471e+01 -7.025381e+01 3.100000e+01
      vertex   -6.445117e+01 -6.985890e+01 3.100000e+01
    endloop
  endfacet
  facet normal 0.000000e+00 -0.000000e+00 1.000000e+00
    outer loop
      vertex   -6.445117e+01 -6.985890e+01 3.100000e+01
      vertex   -6.402758e+01 -6.952921e+01 3.100000e+01
      vertex   -6.730000e+01 -6.800000e+01 3.100000e+01
    endloop
  endfacet
  facet normal 0.000000e+00 0.000000e+00 1.000000e+00
    outer loop
      vertex   -6.730000e+01 -6.800000e+01 3.100000e+01
      vertex   -6.402758e+01 -6.952921e+01 3.100000e+01
      vertex   -6.355551e+01 -6.927374e+01 3.100000e+01
    endloop
  endfacet
  facet normal -0.000000e+00 0.000000e+00 1.000000e+00
    outer loop
      vertex   -6.730000e+01 -6.800000e+01 3.100000e+01
      vertex   -6.355551e+01 -6.927374e+01 3.100000e+01
      vertex   -6.225000e+01 -6.800000e+01 3.100000e+01
    endloop
  endfacet
  facet normal 0.000000e+00 0.000000e+00 1.000000e+00
    outer loop
      vertex   -6.225000e+01 -6.800000e+01 3.100000e+01
      vertex   -6.355551e+01 -6.927374e+01 3.100000e+01
      vertex   -6.304783e+01 -6.909945e+01 3.100000e+01
    endloop
  endfacet
  facet normal 0.000000e+00 0.000000e+00 1.000000e+00
    outer loop
      vertex   -6.225000e+01 -6.800000e+01 3.100000e+01
      vertex   -6.304783e+01 -6.909945e+01 3.100000e+01
      vertex   -6.251838e+01 -6.901110e+01 3.100000e+01
    endloop
  endfacet
  facet normal 0.000000e+00 0.000000e+00 1.000000e+00
    outer loop
      vertex   -6.251838e+01 -6.901110e+01 3.100000e+01
      vertex   -6.198162e+01 -6.901110e+01 3.100000e+01
      vertex   -6.225000e+01 -6.800000e+01 3.100000e+01
    endloop
  endfacet
  facet normal 0.000000e+00 0.000000e+00 1.000000e+00
    outer loop
      vertex   -6.225000e+01 -6.800000e+01 3.100000e+01
      vertex   -6.198162e+01 -6.901110e+01 3.100000e+01
      vertex   -6.164516e+01 -6.804326e+01 3.100000e+01
    endloop
  endfacet
  facet normal 0.000000e+00 0.000000e+00 1.000000e+00
    outer loop
      vertex   -6.164516e+01 -6.804326e+01 3.100000e+01
      vertex   -6.198162e+01 -6.901110e+01 3.100000e+01
      vertex   -6.145217e+01 -6.909945e+01 3.100000e+01
    endloop
  endfacet
  facet normal 0.000000e+00 0.000000e+00 1.000000e+00
    outer loop
      vertex   -6.164516e+01 -6.804326e+01 3.100000e+01
      vertex   -6.145217e+01 -6.909945e+01 3.100000e+01
      vertex   -6.105264e+01 -6.817215e+01 3.100000e+01
    endloop
  endfacet
  facet normal 0.000000e+00 0.000000e+00 1.000000e+00
    outer loop
      vertex   -6.105264e+01 -6.817215e+01 3.100000e+01
      vertex   -6.145217e+01 -6.909945e+01 3.100000e+01
      vertex   -6.094449e+01 -6.927374e+01 3.100000e+01
    endloop
  endfacet
  facet normal 0.000000e+00 0.000000e+00 1.000000e+00
    outer loop
      vertex   -6.105264e+01 -6.817215e+01 3.100000e+01
      vertex   -6.094449e+01 -6.927374e+01 3.100000e+01
      vertex   -6.048449e+01 -6.838406e+01 3.100000e+01
    endloop
  endfacet
  facet normal 0.000000e+00 0.000000e+00 1.000000e+00
    outer loop
      vertex   -6.048449e+01 -6.838406e+01 3.100000e+01
      vertex   -6.094449e+01 -6.927374e+01 3.100000e+01
      vertex   -6.047242e+01 -6.952921e+01 3.100000e+01
    endloop
  endfacet
  facet normal -0.000000e+00 -0.000000e+00 1.000000e+00
    outer loop
      vertex   -6.726422e+01 -7.652176e+01 3.100000e+01
      vertex   -6.715933e+01 -7.677500e+01 3.100000e+01
      vertex   -6.730000e+01 -7.625000e+01 3.100000e+01
    endloop
  endfacet
  facet normal 0.000000e+00 0.000000e+00 1.000000e+00
    outer loop
      vertex   -6.730000e+01 -7.625000e+01 3.100000e+01
      vertex   -6.715933e+01 -7.677500e+01 3.100000e+01
      vertex   -6.699246e+01 -7.699246e+01 3.100000e+01
    endloop
  endfacet
  facet normal 0.000000e+00 0.000000e+00 1.000000e+00
    outer loop
      vertex   -6.730000e+01 -7.625000e+01 3.100000e+01
      vertex   -6.699246e+01 -7.699246e+01 3.100000e+01
      vertex   -6.677500e+01 -7.715933e+01 3.100000e+01
    endloop
  endfacet
  facet normal -0.000000e+00 -0.000000e+00 1.000000e+00
    outer loop
      vertex   -6.677500e+01 -7.715933e+01 3.100000e+01
      vertex   -6.652176e+01 -7.726422e+01 3.100000e+01
      vertex   -6.730000e+01 -7.625000e+01 3.100000e+01
    endloop
  endfacet
  facet normal 0.000000e+00 0.000000e+00 1.000000e+00
    outer loop
      vertex   -6.730000e+01 -7.625000e+01 3.100000e+01
      vertex   -6.652176e+01 -7.726422e+01 3.100000e+01
      vertex   -6.625000e+01 -7.730000e+01 3.100000e+01
    endloop
  endfacet
  facet normal -0.000000e+00 0.000000e+00 1.000000e+00
    outer loop
      vertex   -3.304433e+01 -7.278493e+01 3.100000e+01
      vertex   -3.120000e+01 -7.625000e+01 3.100000e+01
      vertex   -3.300000e+01 -7.225000e+01 3.100000e+01
    endloop
  endfacet
  facet normal -0.000000e+00 0.000000e+00 1.000000e+00
    outer loop
      vertex   -3.300000e+01 -7.225000e+01 3.100000e+01
      vertex   -3.120000e+01 -7.625000e+01 3.100000e+01
      vertex   -3.120000e+01 -6.800000e+01 3.100000e+01
    endloop
  endfacet
  facet normal 0.000000e+00 -0.000000e+00 1.000000e+00
    outer loop
      vertex   -3.300000e+01 -7.225000e+01 3.100000e+01
      vertex   -3.120000e+01 -6.800000e+01 3.100000e+01
      vertex   -3.304433e+01 -7.171507e+01 3.100000e+01
    endloop
  endfacet
  facet normal 0.000000e+00 -0.000000e+00 1.000000e+00
    outer loop
      vertex   -3.304433e+01 -7.171507e+01 3.100000e+01
      vertex   -3.120000e+01 -6.800000e+01 3.100000e+01
      vertex   -3.317609e+01 -7.119473e+01 3.100000e+01
    endloop
  endfacet
  facet normal 0.000000e+00 -0.000000e+00 1.000000e+00
    outer loop
      vertex   -3.317609e+01 -7.119473e+01 3.100000e+01
      vertex   -3.120000e+01 -6.800000e+01 3.100000e+01
      vertex   -3.339171e+01 -7.070317e+01 3.100000e+01
    endloop
  endfacet
  facet normal 0.000000e+00 -0.000000e+00 1.000000e+00
    outer loop
      vertex   -3.339171e+01 -7.070317e+01 3.100000e+01
      vertex   -3.120000e+01 -6.800000e+01 3.100000e+01
      vertex   -3.368529e+01 -7.025381e+01 3.100000e+01
    endloop
  endfacet
  facet normal 0.000000e+00 -0.000000e+00 1.000000e+00
    outer loop
      vertex   -3.368529e+01 -7.025381e+01 3.100000e+01
      vertex   -3.120000e+01 -6.800000e+01 3.100000e+01
      vertex   -3.404883e+01 -6.985890e+01 3.100000e+01
    endloop
  endfacet
  facet normal 0.000000e+00 -0.000000e+00 1.000000e+00
    outer loop
      vertex   -3.404883e+01 -6.985890e+01 3.100000e+01
      vertex   -3.120000e+01 -6.800000e+01 3.100000e+01
      vertex   -3.447242e+01 -6.952921e+01 3.100000e+01
    endloop
  endfacet
  facet normal 0.000000e+00 -0.000000e+00 1.000000e+00
    outer loop
      vertex   -3.447242e+01 -6.952921e+01 3.100000e+01
      vertex   -3.120000e+01 -6.800000e+01 3.100000e+01
      vertex   -3.494449e+01 -6.927374e+01 3.100000e+01
    endloop
  endfacet
  facet normal 0.000000e+00 -0.000000e+00 1.000000e+00
    outer loop
      vertex   -3.494449e+01 -6.927374e+01 3.100000e+01
      vertex   -3.120000e+01 -6.800000e+01 3.100000e+01
      vertex   -3.625000e+01 -6.800000e+01 3.100000e+01
    endloop
  endfacet
  facet normal 0.000000e+00 0.000000e+00 1.000000e+00
    outer loop
      vertex   -3.494449e+01 -6.927374e+01 3.100000e+01
      vertex   -3.625000e+01 -6.800000e+01 3.100000e+01
      vertex   -3.545217e+01 -6.909945e+01 3.100000e+01
    endloop
  endfacet
  facet normal 0.000000e+00 0.000000e+00 1.000000e+00
    outer loop
      vertex   -3.545217e+01 -6.909945e+01 3.100000e+01
      vertex   -3.625000e+01 -6.800000e+01 3.100000e+01
      vertex   -3.598162e+01 -6.901110e+01 3.100000e+01
    endloop
  endfacet
  facet normal 0.000000e+00 0.000000e+00 1.000000e+00
    outer loop
      vertex   -3.598162e+01 -6.901110e+01 3.100000e+01
      vertex   -3.625000e+01 -6.800000e+01 3.100000e+01
      vertex   -3.651838e+01 -6.901110e+01 3.100000e+01
    endloop
  endfacet
  facet normal 0.000000e+00 -0.000000e+00 1.000000e+00
    outer loop
      vertex   -3.651838e+01 -6.901110e+01 3.100000e+01
      vertex   -3.625000e+01 -6.800000e+01 3.100000e+01
      vertex   -3.685484e+01 -6.804326e+01 3.100000e+01
    endloop
  endfacet
  facet normal 0.000000e+00 0.000000e+00 1.000000e+00
    outer loop
      vertex   -3.651838e+01 -6.901110e+01 3.100000e+01
      vertex   -3.685484e+01 -6.804326e+01 3.100000e+01
      vertex   -3.704783e+01 -6.909945e+01 3.100000e+01
    endloop
  endfacet
  facet normal 0.000000e+00 -0.000000e+00 1.000000e+00
    outer loop
      vertex   -3.704783e+01 -6.909945e+01 3.100000e+01
      vertex   -3.685484e+01 -6.804326e+01 3.100000e+01
      vertex   -3.744736e+01 -6.817215e+01 3.100000e+01
    endloop
  endfacet
  facet normal 0.000000e+00 0.000000e+00 1.000000e+00
    outer loop
      vertex   -3.704783e+01 -6.909945e+01 3.100000e+01
      vertex   -3.744736e+01 -6.817215e+01 3.100000e+01
      vertex   -3.755551e+01 -6.927374e+01 3.100000e+01
    endloop
  endfacet
  facet normal 0.000000e+00 -0.000000e+00 1.000000e+00
    outer loop
      vertex   -3.755551e+01 -6.927374e+01 3.100000e+01
      vertex   -3.744736e+01 -6.817215e+01 3.100000e+01
      vertex   -3.801551e+01 -6.838406e+01 3.100000e+01
    endloop
  endfacet
  facet normal 0.000000e+00 0.000000e+00 1.000000e+00
    outer loop
      vertex   -3.755551e+01 -6.927374e+01 3.100000e+01
      vertex   -3.801551e+01 -6.838406e+01 3.100000e+01
      vertex   -3.802758e+01 -6.952921e+01 3.100000e+01
    endloop
  endfacet
  facet normal 0.000000e+00 -0.000000e+00 1.000000e+00
    outer loop
      vertex   -3.802758e+01 -6.952921e+01 3.100000e+01
      vertex   -3.801551e+01 -6.838406e+01 3.100000e+01
      vertex   -3.854772e+01 -6.867467e+01 3.100000e+01
    endloop
  endfacet
  facet normal 0.000000e+00 0.000000e+00 1.000000e+00
    outer loop
      vertex   -3.802758e+01 -6.952921e+01 3.100000e+01
      vertex   -3.854772e+01 -6.867467e+01 3.100000e+01
      vertex   -3.903316e+01 -6.903806e+01 3.100000e+01
    endloop
  endfacet
  facet normal 0.000000e+00 0.000000e+00 1.000000e+00
    outer loop
      vertex   -3.304433e+01 -7.278493e+01 3.100000e+01
      vertex   -3.317609e+01 -7.330527e+01 3.100000e+01
      vertex   -3.120000e+01 -7.625000e+01 3.100000e+01
    endloop
  endfacet
  facet normal 0.000000e+00 0.000000e+00 1.000000e+00
    outer loop
      vertex   -3.120000e+01 -7.625000e+01 3.100000e+01
      vertex   -3.317609e+01 -7.330527e+01 3.100000e+01
      vertex   -3.339171e+01 -7.379683e+01 3.100000e+01
    endloop
  endfacet
  facet normal 0.000000e+00 0.000000e+00 1.000000e+00
    outer loop
      vertex   -3.120000e+01 -7.625000e+01 3.100000e+01
      vertex   -3.339171e+01 -7.379683e+01 3.100000e+01
      vertex   -3.368529e+01 -7.424619e+01 3.100000e+01
    endloop
  endfacet
  facet normal 0.000000e+00 0.000000e+00 1.000000e+00
    outer loop
      vertex   -3.368529e+01 -7.424619e+01 3.100000e+01
      vertex   -3.404883e+01 -7.464110e+01 3.100000e+01
      vertex   -3.120000e+01 -7.625000e+01 3.100000e+01
    endloop
  endfacet
  facet normal 0.000000e+00 0.000000e+00 1.000000e+00
    outer loop
      vertex   -3.120000e+01 -7.625000e+01 3.100000e+01
      vertex   -3.404883e+01 -7.464110e+01 3.100000e+01
      vertex   -3.225000e+01 -7.730000e+01 3.100000e+01
    endloop
  endfacet
  facet normal 0.000000e+00 0.000000e+00 1.000000e+00
    outer loop
      vertex   -3.120000e+01 -7.625000e+01 3.100000e+01
      vertex   -3.225000e+01 -7.730000e+01 3.100000e+01
      vertex   -3.197824e+01 -7.726422e+01 3.100000e+01
    endloop
  endfacet
  facet normal 0.000000e+00 0.000000e+00 1.000000e+00
    outer loop
      vertex   -3.404883e+01 -7.464110e+01 3.100000e+01
      vertex   -3.447242e+01 -7.497079e+01 3.100000e+01
      vertex   -3.225000e+01 -7.730000e+01 3.100000e+01
    endloop
  endfacet
  facet normal 0.000000e+00 0.000000e+00 1.000000e+00
    outer loop
      vertex   -3.225000e+01 -7.730000e+01 3.100000e+01
      vertex   -3.447242e+01 -7.497079e+01 3.100000e+01
      vertex   -3.494449e+01 -7.522626e+01 3.100000e+01
    endloop
  endfacet
  facet normal 0.000000e+00 0.000000e+00 1.000000e+00
    outer loop
      vertex   -3.225000e+01 -7.730000e+01 3.100000e+01
      vertex   -3.494449e+01 -7.522626e+01 3.100000e+01
      vertex   -3.545217e+01 -7.540055e+01 3.100000e+01
    endloop
  endfacet
  facet normal 0.000000e+00 0.000000e+00 1.000000e+00
    outer loop
      vertex   -3.545217e+01 -7.540055e+01 3.100000e+01
      vertex   -3.598162e+01 -7.548890e+01 3.100000e+01
      vertex   -3.225000e+01 -7.730000e+01 3.100000e+01
    endloop
  endfacet
  facet normal 0.000000e+00 0.000000e+00 1.000000e+00
    outer loop
      vertex   -3.225000e+01 -7.730000e+01 3.100000e+01
      vertex   -3.598162e+01 -7.548890e+01 3.100000e+01
      vertex   -3.651838e+01 -7.548890e+01 3.100000e+01
    endloop
  endfacet
  facet normal 0.000000e+00 0.000000e+00 1.000000e+00
    outer loop
      vertex   -3.225000e+01 -7.730000e+01 3.100000e+01
      vertex   -3.651838e+01 -7.548890e+01 3.100000e+01
      vertex   -4.050000e+01 -7.730000e+01 3.100000e+01
    endloop
  endfacet
  facet normal 0.000000e+00 0.000000e+00 1.000000e+00
    outer loop
      vertex   -4.050000e+01 -7.730000e+01 3.100000e+01
      vertex   -3.651838e+01 -7.548890e+01 3.100000e+01
      vertex   -3.704783e+01 -7.540055e+01 3.100000e+01
    endloop
  endfacet
  facet normal 0.000000e+00 0.000000e+00 1.000000e+00
    outer loop
      vertex   -4.050000e+01 -7.730000e+01 3.100000e+01
      vertex   -3.704783e+01 -7.540055e+01 3.100000e+01
      vertex   -3.755551e+01 -7.522626e+01 3.100000e+01
    endloop
  endfacet
  facet normal 0.000000e+00 0.000000e+00 1.000000e+00
    outer loop
      vertex   -3.755551e+01 -7.522626e+01 3.100000e+01
      vertex   -3.802758e+01 -7.497079e+01 3.100000e+01
      vertex   -4.050000e+01 -7.730000e+01 3.100000e+01
    endloop
  endfacet
  facet normal 0.000000e+00 0.000000e+00 1.000000e+00
    outer loop
      vertex   -4.050000e+01 -7.730000e+01 3.100000e+01
      vertex   -3.802758e+01 -7.497079e+01 3.100000e+01
      vertex   -3.845117e+01 -7.464110e+01 3.100000e+01
    endloop
  endfacet
  facet normal 0.000000e+00 0.000000e+00 1.000000e+00
    outer loop
      vertex   -4.050000e+01 -7.730000e+01 3.100000e+01
      vertex   -3.845117e+01 -7.464110e+01 3.100000e+01
      vertex   -3.881471e+01 -7.424619e+01 3.100000e+01
    endloop
  endfacet
  facet normal 0.000000e+00 0.000000e+00 1.000000e+00
    outer loop
      vertex   -3.881471e+01 -7.424619e+01 3.100000e+01
      vertex   -3.910829e+01 -7.379683e+01 3.100000e+01
      vertex   -4.050000e+01 -7.730000e+01 3.100000e+01
    endloop
  endfacet
  facet normal 0.000000e+00 0.000000e+00 1.000000e+00
    outer loop
      vertex   -4.050000e+01 -7.730000e+01 3.100000e+01
      vertex   -3.910829e+01 -7.379683e+01 3.100000e+01
      vertex   -4.050000e+01 -7.225000e+01 3.100000e+01
    endloop
  endfacet
  facet normal 0.000000e+00 0.000000e+00 1.000000e+00
    outer loop
      vertex   -4.050000e+01 -7.225000e+01 3.100000e+01
      vertex   -3.910829e+01 -7.379683e+01 3.100000e+01
      vertex   -3.932391e+01 -7.330527e+01 3.100000e+01
    endloop
  endfacet
  facet normal 0.000000e+00 0.000000e+00 1.000000e+00
    outer loop
      vertex   -4.050000e+01 -7.225000e+01 3.100000e+01
      vertex   -3.932391e+01 -7.330527e+01 3.100000e+01
      vertex   -3.945567e+01 -7.278493e+01 3.100000e+01
    endloop
  endfacet
  facet normal 0.000000e+00 0.000000e+00 1.000000e+00
    outer loop
      vertex   -3.945567e+01 -7.278493e+01 3.100000e+01
      vertex   -3.950000e+01 -7.225000e+01 3.100000e+01
      vertex   -4.050000e+01 -7.225000e+01 3.100000e+01
    endloop
  endfacet
  facet normal 0.000000e+00 0.000000e+00 1.000000e+00
    outer loop
      vertex   -4.050000e+01 -7.225000e+01 3.100000e+01
      vertex   -3.950000e+01 -7.225000e+01 3.100000e+01
      vertex   -4.045674e+01 -7.164516e+01 3.100000e+01
    endloop
  endfacet
  facet normal 0.000000e+00 0.000000e+00 1.000000e+00
    outer loop
      vertex   -4.045674e+01 -7.164516e+01 3.100000e+01
      vertex   -3.950000e+01 -7.225000e+01 3.100000e+01
      vertex   -3.945567e+01 -7.171507e+01 3.100000e+01
    endloop
  endfacet
  facet normal -0.000000e+00 0.000000e+00 1.000000e+00
    outer loop
      vertex   -4.045674e+01 -7.164516e+01 3.100000e+01
      vertex   -3.945567e+01 -7.171507e+01 3.100000e+01
      vertex   -4.032785e+01 -7.105264e+01 3.100000e+01
    endloop
  endfacet
  facet normal 0.000000e+00 0.000000e+00 1.000000e+00
    outer loop
      vertex   -4.032785e+01 -7.105264e+01 3.100000e+01
      vertex   -3.945567e+01 -7.171507e+01 3.100000e+01
      vertex   -3.932391e+01 -7.119473e+01 3.100000e+01
    endloop
  endfacet
  facet normal -0.000000e+00 0.000000e+00 1.000000e+00
    outer loop
      vertex   -4.032785e+01 -7.105264e+01 3.100000e+01
      vertex   -3.932391e+01 -7.119473e+01 3.100000e+01
      vertex   -4.011594e+01 -7.048449e+01 3.100000e+01
    endloop
  endfacet
  facet normal 0.000000e+00 0.000000e+00 1.000000e+00
    outer loop
      vertex   -4.011594e+01 -7.048449e+01 3.100000e+01
      vertex   -3.932391e+01 -7.119473e+01 3.100000e+01
      vertex   -3.910829e+01 -7.070317e+01 3.100000e+01
    endloop
  endfacet
  facet normal -0.000000e+00 0.000000e+00 1.000000e+00
    outer loop
      vertex   -4.011594e+01 -7.048449e+01 3.100000e+01
      vertex   -3.910829e+01 -7.070317e+01 3.100000e+01
      vertex   -3.982533e+01 -6.995228e+01 3.100000e+01
    endloop
  endfacet
  facet normal 0.000000e+00 0.000000e+00 1.000000e+00
    outer loop
      vertex   -3.982533e+01 -6.995228e+01 3.100000e+01
      vertex   -3.910829e+01 -7.070317e+01 3.100000e+01
      vertex   -3.881471e+01 -7.025381e+01 3.100000e+01
    endloop
  endfacet
  facet normal -0.000000e+00 0.000000e+00 1.000000e+00
    outer loop
      vertex   -3.982533e+01 -6.995228e+01 3.100000e+01
      vertex   -3.881471e+01 -7.025381e+01 3.100000e+01
      vertex   -3.946194e+01 -6.946684e+01 3.100000e+01
    endloop
  endfacet
  facet normal 0.000000e+00 0.000000e+00 1.000000e+00
    outer loop
      vertex   -3.946194e+01 -6.946684e+01 3.100000e+01
      vertex   -3.881471e+01 -7.025381e+01 3.100000e+01
      vertex   -3.845117e+01 -6.985890e+01 3.100000e+01
    endloop
  endfacet
  facet normal -0.000000e+00 0.000000e+00 1.000000e+00
    outer loop
      vertex   -3.946194e+01 -6.946684e+01 3.100000e+01
      vertex   -3.845117e+01 -6.985890e+01 3.100000e+01
      vertex   -3.903316e+01 -6.903806e+01 3.100000e+01
    endloop
  endfacet
  facet normal 0.000000e+00 0.000000e+00 1.000000e+00
    outer loop
      vertex   -3.903316e+01 -6.903806e+01 3.100000e+01
      vertex   -3.845117e+01 -6.985890e+01 3.100000e+01
      vertex   -3.802758e+01 -6.952921e+01 3.100000e+01
    endloop
  endfacet
  facet normal 0.000000e+00 0.000000e+00 1.000000e+00
    outer loop
      vertex   -3.197824e+01 -7.726422e+01 3.100000e+01
      vertex   -3.172500e+01 -7.715933e+01 3.100000e+01
      vertex   -3.120000e+01 -7.625000e+01 3.100000e+01
    endloop
  endfacet
  facet normal 0.000000e+00 0.000000e+00 1.000000e+00
    outer loop
      vertex   -3.120000e+01 -7.625000e+01 3.100000e+01
      vertex   -3.172500e+01 -7.715933e+01 3.100000e+01
      vertex   -3.150754e+01 -7.699246e+01 3.100000e+01
    endloop
  endfacet
  facet normal 0.000000e+00 0.000000e+00 1.000000e+00
    outer loop
      vertex   -3.120000e+01 -7.625000e+01 3.100000e+01
      vertex   -3.150754e+01 -7.699246e+01 3.100000e+01
      vertex   -3.134067e+01 -7.677500e+01 3.100000e+01
    endloop
  endfacet
  facet normal 0.000000e+00 0.000000e+00 1.000000e+00
    outer loop
      vertex   -3.134067e+01 -7.677500e+01 3.100000e+01
      vertex   -3.123578e+01 -7.652176e+01 3.100000e+01
      vertex   -3.120000e+01 -7.625000e+01 3.100000e+01
    endloop
  endfacet
  facet normal -0.000000e+00 0.000000e+00 1.000000e+00
    outer loop
      vertex   -3.304433e+01 -4.678493e+01 3.100000e+01
      vertex   -3.120000e+01 -5.050000e+01 3.100000e+01
      vertex   -3.300000e+01 -4.625000e+01 3.100000e+01
    endloop
  endfacet
  facet normal -0.000000e+00 0.000000e+00 1.000000e+00
    outer loop
      vertex   -3.300000e+01 -4.625000e+01 3.100000e+01
      vertex   -3.120000e+01 -5.050000e+01 3.100000e+01
      vertex   -3.120000e+01 -4.225000e+01 3.100000e+01
    endloop
  endfacet
  facet normal 0.000000e+00 -0.000000e+00 1.000000e+00
    outer loop
      vertex   -3.300000e+01 -4.625000e+01 3.100000e+01
      vertex   -3.120000e+01 -4.225000e+01 3.100000e+01
      vertex   -3.304433e+01 -4.571507e+01 3.100000e+01
    endloop
  endfacet
  facet normal 0.000000e+00 -0.000000e+00 1.000000e+00
    outer loop
      vertex   -3.304433e+01 -4.571507e+01 3.100000e+01
      vertex   -3.120000e+01 -4.225000e+01 3.100000e+01
      vertex   -3.317609e+01 -4.519473e+01 3.100000e+01
    endloop
  endfacet
  facet normal 0.000000e+00 -0.000000e+00 1.000000e+00
    outer loop
      vertex   -3.317609e+01 -4.519473e+01 3.100000e+01
      vertex   -3.120000e+01 -4.225000e+01 3.100000e+01
      vertex   -3.339171e+01 -4.470317e+01 3.100000e+01
    endloop
  endfacet
  facet normal 0.000000e+00 -0.000000e+00 1.000000e+00
    outer loop
      vertex   -3.339171e+01 -4.470317e+01 3.100000e+01
      vertex   -3.120000e+01 -4.225000e+01 3.100000e+01
      vertex   -3.368529e+01 -4.425381e+01 3.100000e+01
    endloop
  endfacet
  facet normal 0.000000e+00 -0.000000e+00 1.000000e+00
    outer loop
      vertex   -3.368529e+01 -4.425381e+01 3.100000e+01
      vertex   -3.120000e+01 -4.225000e+01 3.100000e+01
      vertex   -3.404883e+01 -4.385890e+01 3.100000e+01
    endloop
  endfacet
  facet normal 0.000000e+00 0.000000e+00 1.000000e+00
    outer loop
      vertex   -3.404883e+01 -4.385890e+01 3.100000e+01
      vertex   -3.120000e+01 -4.225000e+01 3.100000e+01
      vertex   -3.225000e+01 -4.120000e+01 3.100000e+01
    endloop
  endfacet
  facet normal 0.000000e+00 -0.000000e+00 1.000000e+00
    outer loop
      vertex   -3.404883e+01 -4.385890e+01 3.100000e+01
      vertex   -3.225000e+01 -4.120000e+01 3.100000e+01
      vertex   -3.447242e+01 -4.352921e+01 3.100000e+01
    endloop
  endfacet
  facet normal 0.000000e+00 -0.000000e+00 1.000000e+00
    outer loop
      vertex   -3.447242e+01 -4.352921e+01 3.100000e+01
      vertex   -3.225000e+01 -4.120000e+01 3.100000e+01
      vertex   -3.494449e+01 -4.327374e+01 3.100000e+01
    endloop
  endfacet
  facet normal 0.000000e+00 -0.000000e+00 1.000000e+00
    outer loop
      vertex   -3.494449e+01 -4.327374e+01 3.100000e+01
      vertex   -3.225000e+01 -4.120000e+01 3.100000e+01
      vertex   -3.545217e+01 -4.309945e+01 3.100000e+01
    endloop
  endfacet
  facet normal 0.000000e+00 -0.000000e+00 1.000000e+00
    outer loop
      vertex   -3.545217e+01 -4.309945e+01 3.100000e+01
      vertex   -3.225000e+01 -4.120000e+01 3.100000e+01
      vertex   -3.598162e+01 -4.301110e+01 3.100000e+01
    endloop
  endfacet
  facet normal 0.000000e+00 -0.000000e+00 1.000000e+00
    outer loop
      vertex   -3.598162e+01 -4.301110e+01 3.100000e+01
      vertex   -3.225000e+01 -4.120000e+01 3.100000e+01
      vertex   -3.651838e+01 -4.301110e+01 3.100000e+01
    endloop
  endfacet
  facet normal 0.000000e+00 -0.000000e+00 1.000000e+00
    outer loop
      vertex   -3.651838e+01 -4.301110e+01 3.100000e+01
      vertex   -3.225000e+01 -4.120000e+01 3.100000e+01
      vertex   -4.050000e+01 -4.120000e+01 3.100000e+01
    endloop
  endfacet
  facet normal 0.000000e+00 0.000000e+00 1.000000e+00
    outer loop
      vertex   -3.651838e+01 -4.301110e+01 3.100000e+01
      vertex   -4.050000e+01 -4.120000e+01 3.100000e+01
      vertex   -3.704783e+01 -4.309945e+01 3.100000e+01
    endloop
  endfacet
  facet normal 0.000000e+00 0.000000e+00 1.000000e+00
    outer loop
      vertex   -3.704783e+01 -4.309945e+01 3.100000e+01
      vertex   -4.050000e+01 -4.120000e+01 3.100000e+01
      vertex   -3.755551e+01 -4.327374e+01 3.100000e+01
    endloop
  endfacet
  facet normal 0.000000e+00 0.000000e+00 1.000000e+00
    outer loop
      vertex   -3.755551e+01 -4.327374e+01 3.100000e+01
      vertex   -4.050000e+01 -4.120000e+01 3.100000e+01
      vertex   -3.802758e+01 -4.352921e+01 3.100000e+01
    endloop
  endfacet
  facet normal 0.000000e+00 0.000000e+00 1.000000e+00
    outer loop
      vertex   -3.802758e+01 -4.352921e+01 3.100000e+01
      vertex   -4.050000e+01 -4.120000e+01 3.100000e+01
      vertex   -3.845117e+01 -4.385890e+01 3.100000e+01
    endloop
  endfacet
  facet normal 0.000000e+00 0.000000e+00 1.000000e+00
    outer loop
      vertex   -3.845117e+01 -4.385890e+01 3.100000e+01
      vertex   -4.050000e+01 -4.120000e+01 3.100000e+01
      vertex   -3.881471e+01 -4.425381e+01 3.100000e+01
    endloop
  endfacet
  facet normal 0.000000e+00 0.000000e+00 1.000000e+00
    outer loop
      vertex   -3.881471e+01 -4.425381e+01 3.100000e+01
      vertex   -4.050000e+01 -4.120000e+01 3.100000e+01
      vertex   -3.910829e+01 -4.470317e+01 3.100000e+01
    endloop
  endfacet
  facet normal 0.000000e+00 0.000000e+00 1.000000e+00
    outer loop
      vertex   -3.910829e+01 -4.470317e+01 3.100000e+01
      vertex   -4.050000e+01 -4.120000e+01 3.100000e+01
      vertex   -4.050000e+01 -4.625000e+01 3.100000e+01
    endloop
  endfacet
  facet normal 0.000000e+00 0.000000e+00 1.000000e+00
    outer loop
      vertex   -3.910829e+01 -4.470317e+01 3.100000e+01
      vertex   -4.050000e+01 -4.625000e+01 3.100000e+01
      vertex   -3.932391e+01 -4.519473e+01 3.100000e+01
    endloop
  endfacet
  facet normal 0.000000e+00 0.000000e+00 1.000000e+00
    outer loop
      vertex   -3.932391e+01 -4.519473e+01 3.100000e+01
      vertex   -4.050000e+01 -4.625000e+01 3.100000e+01
      vertex   -3.945567e+01 -4.571507e+01 3.100000e+01
    endloop
  endfacet
  facet normal 0.000000e+00 0.000000e+00 1.000000e+00
    outer loop
      vertex   -3.945567e+01 -4.571507e+01 3.100000e+01
      vertex   -4.050000e+01 -4.625000e+01 3.100000e+01
      vertex   -3.950000e+01 -4.625000e+01 3.100000e+01
    endloop
  endfacet
  facet normal 0.000000e+00 0.000000e+00 1.000000e+00
    outer loop
      vertex   -3.950000e+01 -4.625000e+01 3.100000e+01
      vertex   -4.050000e+01 -4.625000e+01 3.100000e+01
      vertex   -4.045674e+01 -4.685484e+01 3.100000e+01
    endloop
  endfacet
  facet normal 0.000000e+00 0.000000e+00 1.000000e+00
    outer loop
      vertex   -3.950000e+01 -4.625000e+01 3.100000e+01
      vertex   -4.045674e+01 -4.685484e+01 3.100000e+01
      vertex   -3.945567e+01 -4.678493e+01 3.100000e+01
    endloop
  endfacet
  facet normal 0.000000e+00 0.000000e+00 1.000000e+00
    outer loop
      vertex   -3.945567e+01 -4.678493e+01 3.100000e+01
      vertex   -4.045674e+01 -4.685484e+01 3.100000e+01
      vertex   -4.032785e+01 -4.744736e+01 3.100000e+01
    endloop
  endfacet
  facet normal 0.000000e+00 0.000000e+00 1.000000e+00
    outer loop
      vertex   -3.945567e+01 -4.678493e+01 3.100000e+01
      vertex   -4.032785e+01 -4.744736e+01 3.100000e+01
      vertex   -3.932391e+01 -4.730527e+01 3.100000e+01
    endloop
  endfacet
  facet normal 0.000000e+00 0.000000e+00 1.000000e+00
    outer loop
      vertex   -3.932391e+01 -4.730527e+01 3.100000e+01
      vertex   -4.032785e+01 -4.744736e+01 3.100000e+01
      vertex   -4.011594e+01 -4.801551e+01 3.100000e+01
    endloop
  endfacet
  facet normal 0.000000e+00 0.000000e+00 1.000000e+00
    outer loop
      vertex   -3.932391e+01 -4.730527e+01 3.100000e+01
      vertex   -4.011594e+01 -4.801551e+01 3.100000e+01
      vertex   -3.910829e+01 -4.779683e+01 3.100000e+01
    endloop
  endfacet
  facet normal 0.000000e+00 0.000000e+00 1.000000e+00
    outer loop
      vertex   -3.910829e+01 -4.779683e+01 3.100000e+01
      vertex   -4.011594e+01 -4.801551e+01 3.100000e+01
      vertex   -3.982533e+01 -4.854772e+01 3.100000e+01
    endloop
  endfacet
  facet normal 0.000000e+00 0.000000e+00 1.000000e+00
    outer loop
      vertex   -3.910829e+01 -4.779683e+01 3.100000e+01
      vertex   -3.982533e+01 -4.854772e+01 3.100000e+01
      vertex   -3.881471e+01 -4.824619e+01 3.100000e+01
    endloop
  endfacet
  facet normal 0.000000e+00 0.000000e+00 1.000000e+00
    outer loop
      vertex   -3.881471e+01 -4.824619e+01 3.100000e+01
      vertex   -3.982533e+01 -4.854772e+01 3.100000e+01
      vertex   -3.946194e+01 -4.903316e+01 3.100000e+01
    endloop
  endfacet
  facet normal 0.000000e+00 0.000000e+00 1.000000e+00
    outer loop
      vertex   -3.881471e+01 -4.824619e+01 3.100000e+01
      vertex   -3.946194e+01 -4.903316e+01 3.100000e+01
      vertex   -3.845117e+01 -4.864110e+01 3.100000e+01
    endloop
  endfacet
  facet normal 0.000000e+00 0.000000e+00 1.000000e+00
    outer loop
      vertex   -3.845117e+01 -4.864110e+01 3.100000e+01
      vertex   -3.946194e+01 -4.903316e+01 3.100000e+01
      vertex   -3.903316e+01 -4.946194e+01 3.100000e+01
    endloop
  endfacet
  facet normal 0.000000e+00 0.000000e+00 1.000000e+00
    outer loop
      vertex   -3.845117e+01 -4.864110e+01 3.100000e+01
      vertex   -3.903316e+01 -4.946194e+01 3.100000e+01
      vertex   -3.802758e+01 -4.897079e+01 3.100000e+01
    endloop
  endfacet
  facet normal 0.000000e+00 0.000000e+00 1.000000e+00
    outer loop
      vertex   -3.802758e+01 -4.897079e+01 3.100000e+01
      vertex   -3.903316e+01 -4.946194e+01 3.100000e+01
      vertex   -3.854772e+01 -4.982533e+01 3.100000e+01
    endloop
  endfacet
  facet normal 0.000000e+00 0.000000e+00 1.000000e+00
    outer loop
      vertex   -3.802758e+01 -4.897079e+01 3.100000e+01
      vertex   -3.854772e+01 -4.982533e+01 3.100000e+01
      vertex   -3.801551e+01 -5.011594e+01 3.100000e+01
    endloop
  endfacet
  facet normal 0.000000e+00 0.000000e+00 1.000000e+00
    outer loop
      vertex   -3.304433e+01 -4.678493e+01 3.100000e+01
      vertex   -3.317609e+01 -4.730527e+01 3.100000e+01
      vertex   -3.120000e+01 -5.050000e+01 3.100000e+01
    endloop
  endfacet
  facet normal 0.000000e+00 0.000000e+00 1.000000e+00
    outer loop
      vertex   -3.120000e+01 -5.050000e+01 3.100000e+01
      vertex   -3.317609e+01 -4.730527e+01 3.100000e+01
      vertex   -3.339171e+01 -4.779683e+01 3.100000e+01
    endloop
  endfacet
  facet normal 0.000000e+00 0.000000e+00 1.000000e+00
    outer loop
      vertex   -3.120000e+01 -5.050000e+01 3.100000e+01
      vertex   -3.339171e+01 -4.779683e+01 3.100000e+01
      vertex   -3.368529e+01 -4.824619e+01 3.100000e+01
    endloop
  endfacet
  facet normal 0.000000e+00 0.000000e+00 1.000000e+00
    outer loop
      vertex   -3.368529e+01 -4.824619e+01 3.100000e+01
      vertex   -3.404883e+01 -4.864110e+01 3.100000e+01
      vertex   -3.120000e+01 -5.050000e+01 3.100000e+01
    endloop
  endfacet
  facet normal 0.000000e+00 0.000000e+00 1.000000e+00
    outer loop
      vertex   -3.120000e+01 -5.050000e+01 3.100000e+01
      vertex   -3.404883e+01 -4.864110e+01 3.100000e+01
      vertex   -3.447242e+01 -4.897079e+01 3.100000e+01
    endloop
  endfacet
  facet normal 0.000000e+00 0.000000e+00 1.000000e+00
    outer loop
      vertex   -3.120000e+01 -5.050000e+01 3.100000e+01
      vertex   -3.447242e+01 -4.897079e+01 3.100000e+01
      vertex   -3.494449e+01 -4.922626e+01 3.100000e+01
    endloop
  endfacet
  facet normal 0.000000e+00 0.000000e+00 1.000000e+00
    outer loop
      vertex   -3.120000e+01 -5.050000e+01 3.100000e+01
      vertex   -3.494449e+01 -4.922626e+01 3.100000e+01
      vertex   -3.625000e+01 -5.050000e+01 3.100000e+01
    endloop
  endfacet
  facet normal 0.000000e+00 0.000000e+00 1.000000e+00
    outer loop
      vertex   -3.625000e+01 -5.050000e+01 3.100000e+01
      vertex   -3.494449e+01 -4.922626e+01 3.100000e+01
      vertex   -3.545217e+01 -4.940055e+01 3.100000e+01
    endloop
  endfacet
  facet normal 0.000000e+00 0.000000e+00 1.000000e+00
    outer loop
      vertex   -3.625000e+01 -5.050000e+01 3.100000e+01
      vertex   -3.545217e+01 -4.940055e+01 3.100000e+01
      vertex   -3.598162e+01 -4.948890e+01 3.100000e+01
    endloop
  endfacet
  facet normal 0.000000e+00 0.000000e+00 1.000000e+00
    outer loop
      vertex   -3.598162e+01 -4.948890e+01 3.100000e+01
      vertex   -3.651838e+01 -4.948890e+01 3.100000e+01
      vertex   -3.625000e+01 -5.050000e+01 3.100000e+01
    endloop
  endfacet
  facet normal 0.000000e+00 0.000000e+00 1.000000e+00
    outer loop
      vertex   -3.625000e+01 -5.050000e+01 3.100000e+01
      vertex   -3.651838e+01 -4.948890e+01 3.100000e+01
      vertex   -3.685484e+01 -5.045674e+01 3.100000e+01
    endloop
  endfacet
  facet normal 0.000000e+00 -0.000000e+00 1.000000e+00
    outer loop
      vertex   -3.685484e+01 -5.045674e+01 3.100000e+01
      vertex   -3.651838e+01 -4.948890e+01 3.100000e+01
      vertex   -3.704783e+01 -4.940055e+01 3.100000e+01
    endloop
  endfacet
  facet normal 0.000000e+00 0.000000e+00 1.000000e+00
    outer loop
      vertex   -3.685484e+01 -5.045674e+01 3.100000e+01
      vertex   -3.704783e+01 -4.940055e+01 3.100000e+01
      vertex   -3.744736e+01 -5.032785e+01 3.100000e+01
    endloop
  endfacet
  facet normal 0.000000e+00 -0.000000e+00 1.000000e+00
    outer loop
      vertex   -3.744736e+01 -5.032785e+01 3.100000e+01
      vertex   -3.704783e+01 -4.940055e+01 3.100000e+01
      vertex   -3.755551e+01 -4.922626e+01 3.100000e+01
    endloop
  endfacet
  facet normal 0.000000e+00 0.000000e+00 1.000000e+00
    outer loop
      vertex   -3.744736e+01 -5.032785e+01 3.100000e+01
      vertex   -3.755551e+01 -4.922626e+01 3.100000e+01
      vertex   -3.801551e+01 -5.011594e+01 3.100000e+01
    endloop
  endfacet
  facet normal 0.000000e+00 -0.000000e+00 1.000000e+00
    outer loop
      vertex   -3.801551e+01 -5.011594e+01 3.100000e+01
      vertex   -3.755551e+01 -4.922626e+01 3.100000e+01
      vertex   -3.802758e+01 -4.897079e+01 3.100000e+01
    endloop
  endfacet
  facet normal 0.000000e+00 0.000000e+00 1.000000e+00
    outer loop
      vertex   -3.120000e+01 -4.225000e+01 3.100000e+01
      vertex   -3.123578e+01 -4.197824e+01 3.100000e+01
      vertex   -3.225000e+01 -4.120000e+01 3.100000e+01
    endloop
  endfacet
  facet normal 0.000000e+00 0.000000e+00 1.000000e+00
    outer loop
      vertex   -3.225000e+01 -4.120000e+01 3.100000e+01
      vertex   -3.123578e+01 -4.197824e+01 3.100000e+01
      vertex   -3.134067e+01 -4.172500e+01 3.100000e+01
    endloop
  endfacet
  facet normal 0.000000e+00 0.000000e+00 1.000000e+00
    outer loop
      vertex   -3.225000e+01 -4.120000e+01 3.100000e+01
      vertex   -3.134067e+01 -4.172500e+01 3.100000e+01
      vertex   -3.150754e+01 -4.150754e+01 3.100000e+01
    endloop
  endfacet
  facet normal 0.000000e+00 0.000000e+00 1.000000e+00
    outer loop
      vertex   -3.150754e+01 -4.150754e+01 3.100000e+01
      vertex   -3.172500e+01 -4.134067e+01 3.100000e+01
      vertex   -3.225000e+01 -4.120000e+01 3.100000e+01
    endloop
  endfacet
  facet normal 0.000000e+00 0.000000e+00 1.000000e+00
    outer loop
      vertex   -3.225000e+01 -4.120000e+01 3.100000e+01
      vertex   -3.172500e+01 -4.134067e+01 3.100000e+01
      vertex   -3.197824e+01 -4.123578e+01 3.100000e+01
    endloop
  endfacet
  facet normal 6.947565e-02 -7.053982e-01 7.053982e-01
    outer loop
      vertex   -6.625000e+01 -4.040000e+01 3.180000e+01
      vertex   -6.661092e+01 -4.043555e+01 3.180000e+01
      vertex   -6.625000e+01 -4.120000e+01 3.100000e+01
    endloop
  endfacet
  facet normal 9.200672e-02 -6.988604e-01 7.093158e-01
    outer loop
      vertex   -6.625000e+01 -4.120000e+01 3.100000e+01
      vertex   -6.661092e+01 -4.043555e+01 3.180000e+01
      vertex   -6.652176e+01 -4.123578e+01 3.100000e+01
    endloop
  endfacet
  facet normal 2.063358e-01 -6.801978e-01 7.033893e-01
    outer loop
      vertex   -6.652176e+01 -4.123578e+01 3.100000e+01
      vertex   -6.661092e+01 -4.043555e+01 3.180000e+01
      vertex   -6.695796e+01 -4.054082e+01 3.180000e+01
    endloop
  endfacet
  facet normal 2.690831e-01 -6.496241e-01 7.110435e-01
    outer loop
      vertex   -6.652176e+01 -4.123578e+01 3.100000e+01
      vertex   -6.695796e+01 -4.054082e+01 3.180000e+01
      vertex   -6.677500e+01 -4.134067e+01 3.100000e+01
    endloop
  endfacet
  facet normal 3.350711e-01 -6.268739e-01 7.033893e-01
    outer loop
      vertex   -6.677500e+01 -4.134067e+01 3.100000e+01
      vertex   -6.695796e+01 -4.054082e+01 3.180000e+01
      vertex   -6.727780e+01 -4.071178e+01 3.180000e+01
    endloop
  endfacet
  facet normal 4.291104e-01 -5.592275e-01 7.093158e-01
    outer loop
      vertex   -6.677500e+01 -4.134067e+01 3.100000e+01
      vertex   -6.727780e+01 -4.071178e+01 3.180000e+01
      vertex   -6.699246e+01 -4.150754e+01 3.100000e+01
    endloop
  endfacet
  facet normal 4.496651e-01 -5.479185e-01 7.053982e-01
    outer loop
      vertex   -6.699246e+01 -4.150754e+01 3.100000e+01
      vertex   -6.727780e+01 -4.071178e+01 3.180000e+01
      vertex   -6.755815e+01 -4.094185e+01 3.180000e+01
    endloop
  endfacet
  facet normal 5.479185e-01 -4.496651e-01 7.053982e-01
    outer loop
      vertex   -6.699246e+01 -4.150754e+01 3.100000e+01
      vertex   -6.755815e+01 -4.094185e+01 3.180000e+01
      vertex   -6.778822e+01 -4.122220e+01 3.180000e+01
    endloop
  endfacet
  facet normal 5.592275e-01 -4.291104e-01 7.093158e-01
    outer loop
      vertex   -6.699246e+01 -4.150754e+01 3.100000e+01
      vertex   -6.778822e+01 -4.122220e+01 3.180000e+01
      vertex   -6.715933e+01 -4.172500e+01 3.100000e+01
    endloop
  endfacet
  facet normal 6.268739e-01 -3.350711e-01 7.033893e-01
    outer loop
      vertex   -6.715933e+01 -4.172500e+01 3.100000e+01
      vertex   -6.778822e+01 -4.122220e+01 3.180000e+01
      vertex   -6.795918e+01 -4.154204e+01 3.180000e+01
    endloop
  endfacet
  facet normal 6.496241e-01 -2.690831e-01 7.110435e-01
    outer loop
      vertex   -6.715933e+01 -4.172500e+01 3.100000e+01
      vertex   -6.795918e+01 -4.154204e+01 3.180000e+01
      vertex   -6.726422e+01 -4.197824e+01 3.100000e+01
    endloop
  endfacet
  facet normal 6.801978e-01 -2.063358e-01 7.033893e-01
    outer loop
      vertex   -6.726422e+01 -4.197824e+01 3.100000e+01
      vertex   -6.795918e+01 -4.154204e+01 3.180000e+01
      vertex   -6.806445e+01 -4.188908e+01 3.180000e+01
    endloop
  endfacet
  facet normal 6.988604e-01 -9.200672e-02 7.093158e-01
    outer loop
      vertex   -6.726422e+01 -4.197824e+01 3.100000e+01
      vertex   -6.806445e+01 -4.188908e+01 3.180000e+01
      vertex   -6.730000e+01 -4.225000e+01 3.100000e+01
    endloop
  endfacet
  facet normal 7.053982e-01 -6.947565e-02 7.053982e-01
    outer loop
      vertex   -6.730000e+01 -4.225000e+01 3.100000e+01
      vertex   -6.806445e+01 -4.188908e+01 3.180000e+01
      vertex   -6.810000e+01 -4.225000e+01 3.180000e+01
    endloop
  endfacet
  facet normal -7.053982e-01 -6.947565e-02 7.053982e-01
    outer loop
      vertex   -3.040000e+01 -4.225000e+01 3.180000e+01
      vertex   -3.043555e+01 -4.188908e+01 3.180000e+01
      vertex   -3.120000e+01 -4.225000e+01 3.100000e+01
    endloop
  endfacet
  facet normal -6.988604e-01 -9.200672e-02 7.093158e-01
    outer loop
      vertex   -3.120000e+01 -4.225000e+01 3.100000e+01
      vertex   -3.043555e+01 -4.188908e+01 3.180000e+01
      vertex   -3.123578e+01 -4.197824e+01 3.100000e+01
    endloop
  endfacet
  facet normal -6.801978e-01 -2.063358e-01 7.033893e-01
    outer loop
      vertex   -3.123578e+01 -4.197824e+01 3.100000e+01
      vertex   -3.043555e+01 -4.188908e+01 3.180000e+01
      vertex   -3.054082e+01 -4.154204e+01 3.180000e+01
    endloop
  endfacet
  facet normal -6.496241e-01 -2.690831e-01 7.110435e-01
    outer loop
      vertex   -3.123578e+01 -4.197824e+01 3.100000e+01
      vertex   -3.054082e+01 -4.154204e+01 3.180000e+01
      vertex   -3.134067e+01 -4.172500e+01 3.100000e+01
    endloop
  endfacet
  facet normal -6.268739e-01 -3.350711e-01 7.033893e-01
    outer loop
      vertex   -3.134067e+01 -4.172500e+01 3.100000e+01
      vertex   -3.054082e+01 -4.154204e+01 3.180000e+01
      vertex   -3.071178e+01 -4.122220e+01 3.180000e+01
    endloop
  endfacet
  facet normal -5.592275e-01 -4.291104e-01 7.093158e-01
    outer loop
      vertex   -3.134067e+01 -4.172500e+01 3.100000e+01
      vertex   -3.071178e+01 -4.122220e+01 3.180000e+01
      vertex   -3.150754e+01 -4.150754e+01 3.100000e+01
    endloop
  endfacet
  facet normal -5.479185e-01 -4.496651e-01 7.053982e-01
    outer loop
      vertex   -3.150754e+01 -4.150754e+01 3.100000e+01
      vertex   -3.071178e+01 -4.122220e+01 3.180000e+01
      vertex   -3.094185e+01 -4.094185e+01 3.180000e+01
    endloop
  endfacet
  facet normal -4.496651e-01 -5.479185e-01 7.053982e-01
    outer loop
      vertex   -3.150754e+01 -4.150754e+01 3.100000e+01
      vertex   -3.094185e+01 -4.094185e+01 3.180000e+01
      vertex   -3.122220e+01 -4.071178e+01 3.180000e+01
    endloop
  endfacet
  facet normal -4.291104e-01 -5.592275e-01 7.093158e-01
    outer loop
      vertex   -3.150754e+01 -4.150754e+01 3.100000e+01
      vertex   -3.122220e+01 -4.071178e+01 3.180000e+01
      vertex   -3.172500e+01 -4.134067e+01 3.100000e+01
    endloop
  endfacet
  facet normal -3.350711e-01 -6.268739e-01 7.033893e-01
    outer loop
      vertex   -3.172500e+01 -4.134067e+01 3.100000e+01
      vertex   -3.122220e+01 -4.071178e+01 3.180000e+01
      vertex   -3.154204e+01 -4.054082e+01 3.180000e+01
    endloop
  endfacet
  facet normal -2.690831e-01 -6.496241e-01 7.110435e-01
    outer loop
      vertex   -3.172500e+01 -4.134067e+01 3.100000e+01
      vertex   -3.154204e+01 -4.054082e+01 3.180000e+01
      vertex   -3.197824e+01 -4.123578e+01 3.100000e+01
    endloop
  endfacet
  facet normal -2.063358e-01 -6.801978e-01 7.033893e-01
    outer loop
      vertex   -3.197824e+01 -4.123578e+01 3.100000e+01
      vertex   -3.154204e+01 -4.054082e+01 3.180000e+01
      vertex   -3.188908e+01 -4.043555e+01 3.180000e+01
    endloop
  endfacet
  facet normal -9.200672e-02 -6.988604e-01 7.093158e-01
    outer loop
      vertex   -3.197824e+01 -4.123578e+01 3.100000e+01
      vertex   -3.188908e+01 -4.043555e+01 3.180000e+01
      vertex   -3.225000e+01 -4.120000e+01 3.100000e+01
    endloop
  endfacet
  facet normal -6.947565e-02 -7.053982e-01 7.053982e-01
    outer loop
      vertex   -3.225000e+01 -4.120000e+01 3.100000e+01
      vertex   -3.188908e+01 -4.043555e+01 3.180000e+01
      vertex   -3.225000e+01 -4.040000e+01 3.180000e+01
    endloop
  endfacet
  facet normal -7.071068e-01 6.090056e-16 7.071068e-01
    outer loop
      vertex   -3.120000e+01 -7.625000e+01 3.100000e+01
      vertex   -3.040000e+01 -7.625000e+01 3.180000e+01
      vertex   -3.120000e+01 -6.800000e+01 3.100000e+01
    endloop
  endfacet
  facet normal -7.071068e-01 1.435513e-16 7.071068e-01
    outer loop
      vertex   -3.120000e+01 -6.800000e+01 3.100000e+01
      vertex   -3.040000e+01 -7.625000e+01 3.180000e+01
      vertex   -3.120000e+01 -5.050000e+01 3.100000e+01
    endloop
  endfacet
  facet normal -7.071068e-01 -1.491588e-16 7.071068e-01
    outer loop
      vertex   -3.120000e+01 -5.050000e+01 3.100000e+01
      vertex   -3.040000e+01 -7.625000e+01 3.180000e+01
      vertex   -3.040000e+01 -4.225000e+01 3.180000e+01
    endloop
  endfacet
  facet normal -7.071068e-01 0.000000e+00 7.071068e-01
    outer loop
      vertex   -3.120000e+01 -5.050000e+01 3.100000e+01
      vertex   -3.040000e+01 -4.225000e+01 3.180000e+01
      vertex   -3.120000e+01 -4.225000e+01 3.100000e+01
    endloop
  endfacet
  facet normal -6.947565e-02 7.053982e-01 7.053982e-01
    outer loop
      vertex   -3.225000e+01 -7.810000e+01 3.180000e+01
      vertex   -3.188908e+01 -7.806445e+01 3.180000e+01
      vertex   -3.225000e+01 -7.730000e+01 3.100000e+01
    endloop
  endfacet
  facet normal -9.200672e-02 6.988604e-01 7.093158e-01
    outer loop
      vertex   -3.225000e+01 -7.730000e+01 3.100000e+01
      vertex   -3.188908e+01 -7.806445e+01 3.180000e+01
      vertex   -3.197824e+01 -7.726422e+01 3.100000e+01
    endloop
  endfacet
  facet normal -2.063358e-01 6.801978e-01 7.033893e-01
    outer loop
      vertex   -3.197824e+01 -7.726422e+01 3.100000e+01
      vertex   -3.188908e+01 -7.806445e+01 3.180000e+01
      vertex   -3.154204e+01 -7.795918e+01 3.180000e+01
    endloop
  endfacet
  facet normal -2.690831e-01 6.496241e-01 7.110435e-01
    outer loop
      vertex   -3.197824e+01 -7.726422e+01 3.100000e+01
      vertex   -3.154204e+01 -7.795918e+01 3.180000e+01
      vertex   -3.172500e+01 -7.715933e+01 3.100000e+01
    endloop
  endfacet
  facet normal -3.350711e-01 6.268739e-01 7.033893e-01
    outer loop
      vertex   -3.172500e+01 -7.715933e+01 3.100000e+01
      vertex   -3.154204e+01 -7.795918e+01 3.180000e+01
      vertex   -3.122220e+01 -7.778822e+01 3.180000e+01
    endloop
  endfacet
  facet normal -4.291104e-01 5.592275e-01 7.093158e-01
    outer loop
      vertex   -3.172500e+01 -7.715933e+01 3.100000e+01
      vertex   -3.122220e+01 -7.778822e+01 3.180000e+01
      vertex   -3.150754e+01 -7.699246e+01 3.100000e+01
    endloop
  endfacet
  facet normal -4.496651e-01 5.479185e-01 7.053982e-01
    outer loop
      vertex   -3.150754e+01 -7.699246e+01 3.100000e+01
      vertex   -3.122220e+01 -7.778822e+01 3.180000e+01
      vertex   -3.094185e+01 -7.755815e+01 3.180000e+01
    endloop
  endfacet
  facet normal -5.479185e-01 4.496651e-01 7.053982e-01
    outer loop
      vertex   -3.150754e+01 -7.699246e+01 3.100000e+01
      vertex   -3.094185e+01 -7.755815e+01 3.180000e+01
      vertex   -3.071178e+01 -7.727780e+01 3.180000e+01
    endloop
  endfacet
  facet normal -5.592275e-01 4.291104e-01 7.093158e-01
    outer loop
      vertex   -3.150754e+01 -7.699246e+01 3.100000e+01
      vertex   -3.071178e+01 -7.727780e+01 3.180000e+01
      vertex   -3.134067e+01 -7.677500e+01 3.100000e+01
    endloop
  endfacet
  facet normal -6.268739e-01 3.350711e-01 7.033893e-01
    outer loop
      vertex   -3.134067e+01 -7.677500e+01 3.100000e+01
      vertex   -3.071178e+01 -7.727780e+01 3.180000e+01
      vertex   -3.054082e+01 -7.695796e+01 3.180000e+01
    endloop
  endfacet
  facet normal -6.496241e-01 2.690831e-01 7.110435e-01
    outer loop
      vertex   -3.134067e+01 -7.677500e+01 3.100000e+01
      vertex   -3.054082e+01 -7.695796e+01 3.180000e+01
      vertex   -3.123578e+01 -7.652176e+01 3.100000e+01
    endloop
  endfacet
  facet normal -6.801978e-01 2.063358e-01 7.033893e-01
    outer loop
      vertex   -3.123578e+01 -7.652176e+01 3.100000e+01
      vertex   -3.054082e+01 -7.695796e+01 3.180000e+01
      vertex   -3.043555e+01 -7.661092e+01 3.180000e+01
    endloop
  endfacet
  facet normal -6.988604e-01 9.200672e-02 7.093158e-01
    outer loop
      vertex   -3.123578e+01 -7.652176e+01 3.100000e+01
      vertex   -3.043555e+01 -7.661092e+01 3.180000e+01
      vertex   -3.120000e+01 -7.625000e+01 3.100000e+01
    endloop
  endfacet
  facet normal -7.053982e-01 6.947565e-02 7.053982e-01
    outer loop
      vertex   -3.120000e+01 -7.625000e+01 3.100000e+01
      vertex   -3.043555e+01 -7.661092e+01 3.180000e+01
      vertex   -3.040000e+01 -7.625000e+01 3.180000e+01
    endloop
  endfacet
  facet normal -0.000000e+00 7.071068e-01 7.071068e-01
    outer loop
      vertex   -6.625000e+01 -7.730000e+01 3.100000e+01
      vertex   -6.625000e+01 -7.810000e+01 3.180000e+01
      vertex   -5.800000e+01 -7.730000e+01 3.100000e+01
    endloop
  endfacet
  facet normal 2.957777e-16 7.071068e-01 7.071068e-01
    outer loop
      vertex   -5.800000e+01 -7.730000e+01 3.100000e+01
      vertex   -6.625000e+01 -7.810000e+01 3.180000e+01
      vertex   -3.225000e+01 -7.810000e+01 3.180000e+01
    endloop
  endfacet
  facet normal -5.742052e-16 7.071068e-01 7.071068e-01
    outer loop
      vertex   -5.800000e+01 -7.730000e+01 3.100000e+01
      vertex   -3.225000e+01 -7.810000e+01 3.180000e+01
      vertex   -4.050000e+01 -7.730000e+01 3.100000e+01
    endloop
  endfacet
  facet normal 1.218011e-15 7.071068e-01 7.071068e-01
    outer loop
      vertex   -4.050000e+01 -7.730000e+01 3.100000e+01
      vertex   -3.225000e+01 -7.810000e+01 3.180000e+01
      vertex   -3.225000e+01 -7.730000e+01 3.100000e+01
    endloop
  endfacet
  facet normal 7.053982e-01 6.947565e-02 7.053982e-01
    outer loop
      vertex   -6.810000e+01 -7.625000e+01 3.180000e+01
      vertex   -6.806445e+01 -7.661092e+01 3.180000e+01
      vertex   -6.730000e+01 -7.625000e+01 3.100000e+01
    endloop
  endfacet
  facet normal 6.988604e-01 9.200672e-02 7.093158e-01
    outer loop
      vertex   -6.730000e+01 -7.625000e+01 3.100000e+01
      vertex   -6.806445e+01 -7.661092e+01 3.180000e+01
      vertex   -6.726422e+01 -7.652176e+01 3.100000e+01
    endloop
  endfacet
  facet normal 6.801978e-01 2.063358e-01 7.033893e-01
    outer loop
      vertex   -6.726422e+01 -7.652176e+01 3.100000e+01
      vertex   -6.806445e+01 -7.661092e+01 3.180000e+01
      vertex   -6.795918e+01 -7.695796e+01 3.180000e+01
    endloop
  endfacet
  facet normal 6.496241e-01 2.690831e-01 7.110435e-01
    outer loop
      vertex   -6.726422e+01 -7.652176e+01 3.100000e+01
      vertex   -6.795918e+01 -7.695796e+01 3.180000e+01
      vertex   -6.715933e+01 -7.677500e+01 3.100000e+01
    endloop
  endfacet
  facet normal 6.268739e-01 3.350711e-01 7.033893e-01
    outer loop
      vertex   -6.715933e+01 -7.677500e+01 3.100000e+01
      vertex   -6.795918e+01 -7.695796e+01 3.180000e+01
      vertex   -6.778822e+01 -7.727780e+01 3.180000e+01
    endloop
  endfacet
  facet normal 5.592275e-01 4.291104e-01 7.093158e-01
    outer loop
      vertex   -6.715933e+01 -7.677500e+01 3.100000e+01
      vertex   -6.778822e+01 -7.727780e+01 3.180000e+01
      vertex   -6.699246e+01 -7.699246e+01 3.100000e+01
    endloop
  endfacet
  facet normal 5.479185e-01 4.496651e-01 7.053982e-01
    outer loop
      vertex   -6.699246e+01 -7.699246e+01 3.100000e+01
      vertex   -6.778822e+01 -7.727780e+01 3.180000e+01
      vertex   -6.755815e+01 -7.755815e+01 3.180000e+01
    endloop
  endfacet
  facet normal 4.496651e-01 5.479185e-01 7.053982e-01
    outer loop
      vertex   -6.699246e+01 -7.699246e+01 3.100000e+01
      vertex   -6.755815e+01 -7.755815e+01 3.180000e+01
      vertex   -6.727780e+01 -7.778822e+01 3.180000e+01
    endloop
  endfacet
  facet normal 4.291104e-01 5.592275e-01 7.093158e-01
    outer loop
      vertex   -6.699246e+01 -7.699246e+01 3.100000e+01
      vertex   -6.727780e+01 -7.778822e+01 3.180000e+01
      vertex   -6.677500e+01 -7.715933e+01 3.100000e+01
    endloop
  endfacet
  facet normal 3.350711e-01 6.268739e-01 7.033893e-01
    outer loop
      vertex   -6.677500e+01 -7.715933e+01 3.100000e+01
      vertex   -6.727780e+01 -7.778822e+01 3.180000e+01
      vertex   -6.695796e+01 -7.795918e+01 3.180000e+01
    endloop
  endfacet
  facet normal 2.690831e-01 6.496241e-01 7.110435e-01
    outer loop
      vertex   -6.677500e+01 -7.715933e+01 3.100000e+01
      vertex   -6.695796e+01 -7.795918e+01 3.180000e+01
      vertex   -6.652176e+01 -7.726422e+01 3.100000e+01
    endloop
  endfacet
  facet normal 2.063358e-01 6.801978e-01 7.033893e-01
    outer loop
      vertex   -6.652176e+01 -7.726422e+01 3.100000e+01
      vertex   -6.695796e+01 -7.795918e+01 3.180000e+01
      vertex   -6.661092e+01 -7.806445e+01 3.180000e+01
    endloop
  endfacet
  facet normal 9.200672e-02 6.988604e-01 7.093158e-01
    outer loop
      vertex   -6.652176e+01 -7.726422e+01 3.100000e+01
      vertex   -6.661092e+01 -7.806445e+01 3.180000e+01
      vertex   -6.625000e+01 -7.730000e+01 3.100000e+01
    endloop
  endfacet
  facet normal 6.947565e-02 7.053982e-01 7.053982e-01
    outer loop
      vertex   -6.625000e+01 -7.730000e+01 3.100000e+01
      vertex   -6.661092e+01 -7.806445e+01 3.180000e+01
      vertex   -6.625000e+01 -7.810000e+01 3.180000e+01
    endloop
  endfacet
  facet normal 7.071068e-01 0.000000e+00 7.071068e-01
    outer loop
      vertex   -6.730000e+01 -4.225000e+01 3.100000e+01
      vertex   -6.810000e+01 -4.225000e+01 3.180000e+01
      vertex   -6.730000e+01 -5.050000e+01 3.100000e+01
    endloop
  endfacet
  facet normal 7.071068e-01 2.308959e-19 7.071068e-01
    outer loop
      vertex   -6.730000e+01 -5.050000e+01 3.100000e+01
      vertex   -6.810000e+01 -4.225000e+01 3.180000e+01
      vertex   -6.810000e+01 -7.625000e+01 3.180000e+01
    endloop
  endfacet
  facet normal 7.071068e-01 0.000000e+00 7.071068e-01
    outer loop
      vertex   -6.730000e+01 -5.050000e+01 3.100000e+01
      vertex   -6.810000e+01 -7.625000e+01 3.180000e+01
      vertex   -6.730000e+01 -6.800000e+01 3.100000e+01
    endloop
  endfacet
  facet normal 7.071068e-01 0.000000e+00 7.071068e-01
    outer loop
      vertex   -6.730000e+01 -6.800000e+01 3.100000e+01
      vertex   -6.810000e+01 -7.625000e+01 3.180000e+01
      vertex   -6.730000e+01 -7.625000e+01 3.100000e+01
    endloop
  endfacet
  facet normal -1.000000e+00 -2.089832e-16 0.000000e+00
    outer loop
      vertex   -3.040000e+01 -4.225000e+01 3.180000e+01
      vertex   -3.040000e+01 -7.625000e+01 3.180000e+01
      vertex   -3.040000e+01 -4.225000e+01 3.360000e+01
    endloop
  endfacet
  facet normal -1.000000e+00 -2.089832e-16 0.000000e+00
    outer loop
      vertex   -3.040000e+01 -4.225000e+01 3.360000e+01
      vertex   -3.040000e+01 -7.625000e+01 3.180000e+01
      vertex   -3.040000e+01 -7.625000e+01 3.360000e+01
    endloop
  endfacet
  facet normal -9.801714e-02 -9.951847e-01 -0.000000e+00
    outer loop
      vertex   -3.225000e+01 -4.040000e+01 3.360000e+01
      vertex   -3.225000e+01 -4.040000e+01 3.180000e+01
      vertex   -3.188908e+01 -4.043555e+01 3.360000e+01
    endloop
  endfacet
  facet normal -9.801714e-02 -9.951847e-01 -0.000000e+00
    outer loop
      vertex   -3.188908e+01 -4.043555e+01 3.360000e+01
      vertex   -3.225000e+01 -4.040000e+01 3.180000e+01
      vertex   -3.188908e+01 -4.043555e+01 3.180000e+01
    endloop
  endfacet
  facet normal -2.902847e-01 -9.569403e-01 -0.000000e+00
    outer loop
      vertex   -3.188908e+01 -4.043555e+01 3.360000e+01
      vertex   -3.188908e+01 -4.043555e+01 3.180000e+01
      vertex   -3.154204e+01 -4.054082e+01 3.360000e+01
    endloop
  endfacet
  facet normal -2.902847e-01 -9.569403e-01 -0.000000e+00
    outer loop
      vertex   -3.154204e+01 -4.054082e+01 3.360000e+01
      vertex   -3.188908e+01 -4.043555e+01 3.180000e+01
      vertex   -3.154204e+01 -4.054082e+01 3.180000e+01
    endloop
  endfacet
  facet normal -4.713967e-01 -8.819213e-01 -0.000000e+00
    outer loop
      vertex   -3.154204e+01 -4.054082e+01 3.360000e+01
      vertex   -3.154204e+01 -4.054082e+01 3.180000e+01
      vertex   -3.122220e+01 -4.071178e+01 3.360000e+01
    endloop
  endfacet
  facet normal -4.713967e-01 -8.819213e-01 -0.000000e+00
    outer loop
      vertex   -3.122220e+01 -4.071178e+01 3.360000e+01
      vertex   -3.154204e+01 -4.054082e+01 3.180000e+01
      vertex   -3.122220e+01 -4.071178e+01 3.180000e+01
    endloop
  endfacet
  facet normal -6.343933e-01 -7.730105e-01 -0.000000e+00
    outer loop
      vertex   -3.122220e+01 -4.071178e+01 3.360000e+01
      vertex   -3.122220e+01 -4.071178e+01 3.180000e+01
      vertex   -3.094185e+01 -4.094185e+01 3.360000e+01
    endloop
  endfacet
  facet normal -6.343933e-01 -7.730105e-01 -0.000000e+00
    outer loop
      vertex   -3.094185e+01 -4.094185e+01 3.360000e+01
      vertex   -3.122220e+01 -4.071178e+01 3.180000e+01
      vertex   -3.094185e+01 -4.094185e+01 3.180000e+01
    endloop
  endfacet
  facet normal -7.730105e-01 -6.343933e-01 -0.000000e+00
    outer loop
      vertex   -3.094185e+01 -4.094185e+01 3.360000e+01
      vertex   -3.094185e+01 -4.094185e+01 3.180000e+01
      vertex   -3.071178e+01 -4.122220e+01 3.360000e+01
    endloop
  endfacet
  facet normal -7.730105e-01 -6.343933e-01 -0.000000e+00
    outer loop
      vertex   -3.071178e+01 -4.122220e+01 3.360000e+01
      vertex   -3.094185e+01 -4.094185e+01 3.180000e+01
      vertex   -3.071178e+01 -4.122220e+01 3.180000e+01
    endloop
  endfacet
  facet normal -8.819213e-01 -4.713967e-01 -0.000000e+00
    outer loop
      vertex   -3.071178e+01 -4.122220e+01 3.360000e+01
      vertex   -3.071178e+01 -4.122220e+01 3.180000e+01
      vertex   -3.054082e+01 -4.154204e+01 3.360000e+01
    endloop
  endfacet
  facet normal -8.819213e-01 -4.713967e-01 -0.000000e+00
    outer loop
      vertex   -3.054082e+01 -4.154204e+01 3.360000e+01
      vertex   -3.071178e+01 -4.122220e+01 3.180000e+01
      vertex   -3.054082e+01 -4.154204e+01 3.180000e+01
    endloop
  endfacet
  facet normal -9.569403e-01 -2.902847e-01 -0.000000e+00
    outer loop
      vertex   -3.054082e+01 -4.154204e+01 3.360000e+01
      vertex   -3.054082e+01 -4.154204e+01 3.180000e+01
      vertex   -3.043555e+01 -4.188908e+01 3.360000e+01
    endloop
  endfacet
  facet normal -9.569403e-01 -2.902847e-01 -0.000000e+00
    outer loop
      vertex   -3.043555e+01 -4.188908e+01 3.360000e+01
      vertex   -3.054082e+01 -4.154204e+01 3.180000e+01
      vertex   -3.043555e+01 -4.188908e+01 3.180000e+01
    endloop
  endfacet
  facet normal -9.951847e-01 -9.801714e-02 -0.000000e+00
    outer loop
      vertex   -3.043555e+01 -4.188908e+01 3.360000e+01
      vertex   -3.043555e+01 -4.188908e+01 3.180000e+01
      vertex   -3.040000e+01 -4.225000e+01 3.360000e+01
    endloop
  endfacet
  facet normal -9.951847e-01 -9.801714e-02 -0.000000e+00
    outer loop
      vertex   -3.040000e+01 -4.225000e+01 3.360000e+01
      vertex   -3.043555e+01 -4.188908e+01 3.180000e+01
      vertex   -3.040000e+01 -4.225000e+01 3.180000e+01
    endloop
  endfacet
  facet normal 0.000000e+00 -1.000000e+00 0.000000e+00
    outer loop
      vertex   -6.625000e+01 -4.040000e+01 3.180000e+01
      vertex   -3.225000e+01 -4.040000e+01 3.180000e+01
      vertex   -6.625000e+01 -4.040000e+01 3.360000e+01
    endloop
  endfacet
  facet normal 0.000000e+00 -1.000000e+00 0.000000e+00
    outer loop
      vertex   -6.625000e+01 -4.040000e+01 3.360000e+01
      vertex   -3.225000e+01 -4.040000e+01 3.180000e+01
      vertex   -3.225000e+01 -4.040000e+01 3.360000e+01
    endloop
  endfacet
  facet normal 9.951847e-01 -9.801714e-02 0.000000e+00
    outer loop
      vertex   -6.810000e+01 -4.225000e+01 3.360000e+01
      vertex   -6.810000e+01 -4.225000e+01 3.180000e+01
      vertex   -6.806445e+01 -4.188908e+01 3.360000e+01
    endloop
  endfacet
  facet normal 9.951847e-01 -9.801714e-02 0.000000e+00
    outer loop
      vertex   -6.806445e+01 -4.188908e+01 3.360000e+01
      vertex   -6.810000e+01 -4.225000e+01 3.180000e+01
      vertex   -6.806445e+01 -4.188908e+01 3.180000e+01
    endloop
  endfacet
  facet normal 9.569403e-01 -2.902847e-01 0.000000e+00
    outer loop
      vertex   -6.806445e+01 -4.188908e+01 3.360000e+01
      vertex   -6.806445e+01 -4.188908e+01 3.180000e+01
      vertex   -6.795918e+01 -4.154204e+01 3.360000e+01
    endloop
  endfacet
  facet normal 9.569403e-01 -2.902847e-01 0.000000e+00
    outer loop
      vertex   -6.795918e+01 -4.154204e+01 3.360000e+01
      vertex   -6.806445e+01 -4.188908e+01 3.180000e+01
      vertex   -6.795918e+01 -4.154204e+01 3.180000e+01
    endloop
  endfacet
  facet normal 8.819213e-01 -4.713967e-01 0.000000e+00
    outer loop
      vertex   -6.795918e+01 -4.154204e+01 3.360000e+01
      vertex   -6.795918e+01 -4.154204e+01 3.180000e+01
      vertex   -6.778822e+01 -4.122220e+01 3.360000e+01
    endloop
  endfacet
  facet normal 8.819213e-01 -4.713967e-01 0.000000e+00
    outer loop
      vertex   -6.778822e+01 -4.122220e+01 3.360000e+01
      vertex   -6.795918e+01 -4.154204e+01 3.180000e+01
      vertex   -6.778822e+01 -4.122220e+01 3.180000e+01
    endloop
  endfacet
  facet normal 7.730105e-01 -6.343933e-01 0.000000e+00
    outer loop
      vertex   -6.778822e+01 -4.122220e+01 3.360000e+01
      vertex   -6.778822e+01 -4.122220e+01 3.180000e+01
      vertex   -6.755815e+01 -4.094185e+01 3.360000e+01
    endloop
  endfacet
  facet normal 7.730105e-01 -6.343933e-01 0.000000e+00
    outer loop
      vertex   -6.755815e+01 -4.094185e+01 3.360000e+01
      vertex   -6.778822e+01 -4.122220e+01 3.180000e+01
      vertex   -6.755815e+01 -4.094185e+01 3.180000e+01
    endloop
  endfacet
  facet normal 6.343933e-01 -7.730105e-01 0.000000e+00
    outer loop
      vertex   -6.755815e+01 -4.094185e+01 3.360000e+01
      vertex   -6.755815e+01 -4.094185e+01 3.180000e+01
      vertex   -6.727780e+01 -4.071178e+01 3.360000e+01
    endloop
  endfacet
  facet normal 6.343933e-01 -7.730105e-01 0.000000e+00
    outer loop
      vertex   -6.727780e+01 -4.071178e+01 3.360000e+01
      vertex   -6.755815e+01 -4.094185e+01 3.180000e+01
      vertex   -6.727780e+01 -4.071178e+01 3.180000e+01
    endloop
  endfacet
  facet normal 4.713967e-01 -8.819213e-01 0.000000e+00
    outer loop
      vertex   -6.727780e+01 -4.071178e+01 3.360000e+01
      vertex   -6.727780e+01 -4.071178e+01 3.180000e+01
      vertex   -6.695796e+01 -4.054082e+01 3.360000e+01
    endloop
  endfacet
  facet normal 4.713967e-01 -8.819213e-01 0.000000e+00
    outer loop
      vertex   -6.695796e+01 -4.054082e+01 3.360000e+01
      vertex   -6.727780e+01 -4.071178e+01 3.180000e+01
      vertex   -6.695796e+01 -4.054082e+01 3.180000e+01
    endloop
  endfacet
  facet normal 2.902847e-01 -9.569403e-01 0.000000e+00
    outer loop
      vertex   -6.695796e+01 -4.054082e+01 3.360000e+01
      vertex   -6.695796e+01 -4.054082e+01 3.180000e+01
      vertex   -6.661092e+01 -4.043555e+01 3.360000e+01
    endloop
  endfacet
  facet normal 2.902847e-01 -9.569403e-01 0.000000e+00
    outer loop
      vertex   -6.661092e+01 -4.043555e+01 3.360000e+01
      vertex   -6.695796e+01 -4.054082e+01 3.180000e+01
      vertex   -6.661092e+01 -4.043555e+01 3.180000e+01
    endloop
  endfacet
  facet normal 9.801714e-02 -9.951847e-01 0.000000e+00
    outer loop
      vertex   -6.661092e+01 -4.043555e+01 3.360000e+01
      vertex   -6.661092e+01 -4.043555e+01 3.180000e+01
      vertex   -6.625000e+01 -4.040000e+01 3.360000e+01
    endloop
  endfacet
  facet normal 9.801714e-02 -9.951847e-01 0.000000e+00
    outer loop
      vertex   -6.625000e+01 -4.040000e+01 3.360000e+01
      vertex   -6.661092e+01 -4.043555e+01 3.180000e+01
      vertex   -6.625000e+01 -4.040000e+01 3.180000e+01
    endloop
  endfacet
  facet normal 1.000000e+00 0.000000e+00 0.000000e+00
    outer loop
      vertex   -6.810000e+01 -7.625000e+01 3.180000e+01
      vertex   -6.810000e+01 -4.225000e+01 3.180000e+01
      vertex   -6.810000e+01 -7.625000e+01 3.360000e+01
    endloop
  endfacet
  facet normal 1.000000e+00 -0.000000e+00 0.000000e+00
    outer loop
      vertex   -6.810000e+01 -7.625000e+01 3.360000e+01
      vertex   -6.810000e+01 -4.225000e+01 3.180000e+01
      vertex   -6.810000e+01 -4.225000e+01 3.360000e+01
    endloop
  endfacet
  facet normal 9.801714e-02 9.951847e-01 0.000000e+00
    outer loop
      vertex   -6.625000e+01 -7.810000e+01 3.360000e+01
      vertex   -6.625000e+01 -7.810000e+01 3.180000e+01
      vertex   -6.661092e+01 -7.806445e+01 3.360000e+01
    endloop
  endfacet
  facet normal 9.801714e-02 9.951847e-01 0.000000e+00
    outer loop
      vertex   -6.661092e+01 -7.806445e+01 3.360000e+01
      vertex   -6.625000e+01 -7.810000e+01 3.180000e+01
      vertex   -6.661092e+01 -7.806445e+01 3.180000e+01
    endloop
  endfacet
  facet normal 2.902847e-01 9.569403e-01 0.000000e+00
    outer loop
      vertex   -6.661092e+01 -7.806445e+01 3.360000e+01
      vertex   -6.661092e+01 -7.806445e+01 3.180000e+01
      vertex   -6.695796e+01 -7.795918e+01 3.360000e+01
    endloop
  endfacet
  facet normal 2.902847e-01 9.569403e-01 0.000000e+00
    outer loop
      vertex   -6.695796e+01 -7.795918e+01 3.360000e+01
      vertex   -6.661092e+01 -7.806445e+01 3.180000e+01
      vertex   -6.695796e+01 -7.795918e+01 3.180000e+01
    endloop
  endfacet
  facet normal 4.713967e-01 8.819213e-01 0.000000e+00
    outer loop
      vertex   -6.695796e+01 -7.795918e+01 3.360000e+01
      vertex   -6.695796e+01 -7.795918e+01 3.180000e+01
      vertex   -6.727780e+01 -7.778822e+01 3.360000e+01
    endloop
  endfacet
  facet normal 4.713967e-01 8.819213e-01 0.000000e+00
    outer loop
      vertex   -6.727780e+01 -7.778822e+01 3.360000e+01
      vertex   -6.695796e+01 -7.795918e+01 3.180000e+01
      vertex   -6.727780e+01 -7.778822e+01 3.180000e+01
    endloop
  endfacet
  facet normal 6.343933e-01 7.730105e-01 0.000000e+00
    outer loop
      vertex   -6.727780e+01 -7.778822e+01 3.360000e+01
      vertex   -6.727780e+01 -7.778822e+01 3.180000e+01
      vertex   -6.755815e+01 -7.755815e+01 3.360000e+01
    endloop
  endfacet
  facet normal 6.343933e-01 7.730105e-01 0.000000e+00
    outer loop
      vertex   -6.755815e+01 -7.755815e+01 3.360000e+01
      vertex   -6.727780e+01 -7.778822e+01 3.180000e+01
      vertex   -6.755815e+01 -7.755815e+01 3.180000e+01
    endloop
  endfacet
  facet normal 7.730105e-01 6.343933e-01 0.000000e+00
    outer loop
      vertex   -6.755815e+01 -7.755815e+01 3.360000e+01
      vertex   -6.755815e+01 -7.755815e+01 3.180000e+01
      vertex   -6.778822e+01 -7.727780e+01 3.360000e+01
    endloop
  endfacet
  facet normal 7.730105e-01 6.343933e-01 0.000000e+00
    outer loop
      vertex   -6.778822e+01 -7.727780e+01 3.360000e+01
      vertex   -6.755815e+01 -7.755815e+01 3.180000e+01
      vertex   -6.778822e+01 -7.727780e+01 3.180000e+01
    endloop
  endfacet
  facet normal 8.819213e-01 4.713967e-01 0.000000e+00
    outer loop
      vertex   -6.778822e+01 -7.727780e+01 3.360000e+01
      vertex   -6.778822e+01 -7.727780e+01 3.180000e+01
      vertex   -6.795918e+01 -7.695796e+01 3.360000e+01
    endloop
  endfacet
  facet normal 8.819213e-01 4.713967e-01 0.000000e+00
    outer loop
      vertex   -6.795918e+01 -7.695796e+01 3.360000e+01
      vertex   -6.778822e+01 -7.727780e+01 3.180000e+01
      vertex   -6.795918e+01 -7.695796e+01 3.180000e+01
    endloop
  endfacet
  facet normal 9.569403e-01 2.902847e-01 0.000000e+00
    outer loop
      vertex   -6.795918e+01 -7.695796e+01 3.360000e+01
      vertex   -6.795918e+01 -7.695796e+01 3.180000e+01
      vertex   -6.806445e+01 -7.661092e+01 3.360000e+01
    endloop
  endfacet
  facet normal 9.569403e-01 2.902847e-01 0.000000e+00
    outer loop
      vertex   -6.806445e+01 -7.661092e+01 3.360000e+01
      vertex   -6.795918e+01 -7.695796e+01 3.180000e+01
      vertex   -6.806445e+01 -7.661092e+01 3.180000e+01
    endloop
  endfacet
  facet normal 9.951847e-01 9.801714e-02 0.000000e+00
    outer loop
      vertex   -6.806445e+01 -7.661092e+01 3.360000e+01
      vertex   -6.806445e+01 -7.661092e+01 3.180000e+01
      vertex   -6.810000e+01 -7.625000e+01 3.360000e+01
    endloop
  endfacet
  facet normal 9.951847e-01 9.801714e-02 0.000000e+00
    outer loop
      vertex   -6.810000e+01 -7.625000e+01 3.360000e+01
      vertex   -6.806445e+01 -7.661092e+01 3.180000e+01
      vertex   -6.810000e+01 -7.625000e+01 3.180000e+01
    endloop
  endfacet
  facet normal 4.179663e-16 1.000000e+00 -0.000000e+00
    outer loop
      vertex   -3.225000e+01 -7.810000e+01 3.180000e+01
      vertex   -6.625000e+01 -7.810000e+01 3.180000e+01
      vertex   -3.225000e+01 -7.810000e+01 3.360000e+01
    endloop
  endfacet
  facet normal 4.179663e-16 1.000000e+00 0.000000e+00
    outer loop
      vertex   -3.225000e+01 -7.810000e+01 3.360000e+01
      vertex   -6.625000e+01 -7.810000e+01 3.180000e+01
      vertex   -6.625000e+01 -7.810000e+01 3.360000e+01
    endloop
  endfacet
  facet normal -9.951847e-01 9.801714e-02 0.000000e+00
    outer loop
      vertex   -3.040000e+01 -7.625000e+01 3.360000e+01
      vertex   -3.040000e+01 -7.625000e+01 3.180000e+01
      vertex   -3.043555e+01 -7.661092e+01 3.360000e+01
    endloop
  endfacet
  facet normal -9.951847e-01 9.801714e-02 0.000000e+00
    outer loop
      vertex   -3.043555e+01 -7.661092e+01 3.360000e+01
      vertex   -3.040000e+01 -7.625000e+01 3.180000e+01
      vertex   -3.043555e+01 -7.661092e+01 3.180000e+01
    endloop
  endfacet
  facet normal -9.569403e-01 2.902847e-01 0.000000e+00
    outer loop
      vertex   -3.043555e+01 -7.661092e+01 3.360000e+01
      vertex   -3.043555e+01 -7.661092e+01 3.180000e+01
      vertex   -3.054082e+01 -7.695796e+01 3.360000e+01
    endloop
  endfacet
  facet normal -9.569403e-01 2.902847e-01 0.000000e+00
    outer loop
      vertex   -3.054082e+01 -7.695796e+01 3.360000e+01
      vertex   -3.043555e+01 -7.661092e+01 3.180000e+01
      vertex   -3.054082e+01 -7.695796e+01 3.180000e+01
    endloop
  endfacet
  facet normal -8.819213e-01 4.713967e-01 0.000000e+00
    outer loop
      vertex   -3.054082e+01 -7.695796e+01 3.360000e+01
      vertex   -3.054082e+01 -7.695796e+01 3.180000e+01
      vertex   -3.071178e+01 -7.727780e+01 3.360000e+01
    endloop
  endfacet
  facet normal -8.819213e-01 4.713967e-01 0.000000e+00
    outer loop
      vertex   -3.071178e+01 -7.727780e+01 3.360000e+01
      vertex   -3.054082e+01 -7.695796e+01 3.180000e+01
      vertex   -3.071178e+01 -7.727780e+01 3.180000e+01
    endloop
  endfacet
  facet normal -7.730105e-01 6.343933e-01 0.000000e+00
    outer loop
      vertex   -3.071178e+01 -7.727780e+01 3.360000e+01
      vertex   -3.071178e+01 -7.727780e+01 3.180000e+01
      vertex   -3.094185e+01 -7.755815e+01 3.360000e+01
    endloop
  endfacet
  facet normal -7.730105e-01 6.343933e-01 0.000000e+00
    outer loop
      vertex   -3.094185e+01 -7.755815e+01 3.360000e+01
      vertex   -3.071178e+01 -7.727780e+01 3.180000e+01
      vertex   -3.094185e+01 -7.755815e+01 3.180000e+01
    endloop
  endfacet
  facet normal -6.343933e-01 7.730105e-01 0.000000e+00
    outer loop
      vertex   -3.094185e+01 -7.755815e+01 3.360000e+01
      vertex   -3.094185e+01 -7.755815e+01 3.180000e+01
      vertex   -3.122220e+01 -7.778822e+01 3.360000e+01
    endloop
  endfacet
  facet normal -6.343933e-01 7.730105e-01 0.000000e+00
    outer loop
      vertex   -3.122220e+01 -7.778822e+01 3.360000e+01
      vertex   -3.094185e+01 -7.755815e+01 3.180000e+01
      vertex   -3.122220e+01 -7.778822e+01 3.180000e+01
    endloop
  endfacet
  facet normal -4.713967e-01 8.819213e-01 0.000000e+00
    outer loop
      vertex   -3.122220e+01 -7.778822e+01 3.360000e+01
      vertex   -3.122220e+01 -7.778822e+01 3.180000e+01
      vertex   -3.154204e+01 -7.795918e+01 3.360000e+01
    endloop
  endfacet
  facet normal -4.713967e-01 8.819213e-01 0.000000e+00
    outer loop
      vertex   -3.154204e+01 -7.795918e+01 3.360000e+01
      vertex   -3.122220e+01 -7.778822e+01 3.180000e+01
      vertex   -3.154204e+01 -7.795918e+01 3.180000e+01
    endloop
  endfacet
  facet normal -2.902847e-01 9.569403e-01 0.000000e+00
    outer loop
      vertex   -3.154204e+01 -7.795918e+01 3.360000e+01
      vertex   -3.154204e+01 -7.795918e+01 3.180000e+01
      vertex   -3.188908e+01 -7.806445e+01 3.360000e+01
    endloop
  endfacet
  facet normal -2.902847e-01 9.569403e-01 0.000000e+00
    outer loop
      vertex   -3.188908e+01 -7.806445e+01 3.360000e+01
      vertex   -3.154204e+01 -7.795918e+01 3.180000e+01
      vertex   -3.188908e+01 -7.806445e+01 3.180000e+01
    endloop
  endfacet
  facet normal -9.801714e-02 9.951847e-01 0.000000e+00
    outer loop
      vertex   -3.188908e+01 -7.806445e+01 3.360000e+01
      vertex   -3.188908e+01 -7.806445e+01 3.180000e+01
      vertex   -3.225000e+01 -7.810000e+01 3.360000e+01
    endloop
  endfacet
  facet normal -9.801714e-02 9.951847e-01 0.000000e+00
    outer loop
      vertex   -3.225000e+01 -7.810000e+01 3.360000e+01
      vertex   -3.188908e+01 -7.806445e+01 3.180000e+01
      vertex   -3.225000e+01 -7.810000e+01 3.180000e+01
    endloop
  endfacet
  facet normal 5.050872e-02 -7.062042e-01 7.062042e-01
    outer loop
      vertex   -6.625000e+01 -3.850000e+01 3.550000e+01
      vertex   -6.678368e+01 -3.853817e+01 3.550000e+01
      vertex   -6.625000e+01 -4.040000e+01 3.360000e+01
    endloop
  endfacet
  facet normal 6.921426e-02 -7.027442e-01 7.080678e-01
    outer loop
      vertex   -6.625000e+01 -4.040000e+01 3.360000e+01
      vertex   -6.678368e+01 -3.853817e+01 3.550000e+01
      vertex   -6.661092e+01 -4.043555e+01 3.360000e+01
    endloop
  endfacet
  facet normal 1.506731e-01 -6.926329e-01 7.053774e-01
    outer loop
      vertex   -6.661092e+01 -4.043555e+01 3.360000e+01
      vertex   -6.678368e+01 -3.853817e+01 3.550000e+01
      vertex   -6.730650e+01 -3.865190e+01 3.550000e+01
    endloop
  endfacet
  facet normal 2.047897e-01 -6.751011e-01 7.087310e-01
    outer loop
      vertex   -6.661092e+01 -4.043555e+01 3.360000e+01
      vertex   -6.730650e+01 -3.865190e+01 3.550000e+01
      vertex   -6.695796e+01 -4.054082e+01 3.360000e+01
    endloop
  endfacet
  facet normal 2.476538e-01 -6.639854e-01 7.055430e-01
    outer loop
      vertex   -6.695796e+01 -4.054082e+01 3.360000e+01
      vertex   -6.730650e+01 -3.865190e+01 3.550000e+01
      vertex   -6.780781e+01 -3.883888e+01 3.550000e+01
    endloop
  endfacet
  facet normal 3.331882e-01 -6.233512e-01 7.074029e-01
    outer loop
      vertex   -6.695796e+01 -4.054082e+01 3.360000e+01
      vertex   -6.780781e+01 -3.883888e+01 3.550000e+01
      vertex   -6.727780e+01 -4.071178e+01 3.360000e+01
    endloop
  endfacet
  facet normal 3.390757e-01 -6.209708e-01 7.066987e-01
    outer loop
      vertex   -6.727780e+01 -4.071178e+01 3.360000e+01
      vertex   -6.780781e+01 -3.883888e+01 3.550000e+01
      vertex   -6.827740e+01 -3.909530e+01 3.550000e+01
    endloop
  endfacet
  facet normal 4.245237e-01 -5.670973e-01 7.058188e-01
    outer loop
      vertex   -6.727780e+01 -4.071178e+01 3.360000e+01
      vertex   -6.827740e+01 -3.909530e+01 3.550000e+01
      vertex   -6.870573e+01 -3.941594e+01 3.550000e+01
    endloop
  endfacet
  facet normal 4.476917e-01 -5.455140e-01 7.085101e-01
    outer loop
      vertex   -6.727780e+01 -4.071178e+01 3.360000e+01
      vertex   -6.870573e+01 -3.941594e+01 3.550000e+01
      vertex   -6.755815e+01 -4.094185e+01 3.360000e+01
    endloop
  endfacet
  facet normal 5.012588e-01 -5.012588e-01 7.053221e-01
    outer loop
      vertex   -6.755815e+01 -4.094185e+01 3.360000e+01
      vertex   -6.870573e+01 -3.941594e+01 3.550000e+01
      vertex   -6.908406e+01 -3.979427e+01 3.550000e+01
    endloop
  endfacet
  facet normal 5.455140e-01 -4.476917e-01 7.085101e-01
    outer loop
      vertex   -6.755815e+01 -4.094185e+01 3.360000e+01
      vertex   -6.908406e+01 -3.979427e+01 3.550000e+01
      vertex   -6.778822e+01 -4.122220e+01 3.360000e+01
    endloop
  endfacet
  facet normal 5.670973e-01 -4.245237e-01 7.058188e-01
    outer loop
      vertex   -6.778822e+01 -4.122220e+01 3.360000e+01
      vertex   -6.908406e+01 -3.979427e+01 3.550000e+01
      vertex   -6.940470e+01 -4.022260e+01 3.550000e+01
    endloop
  endfacet
  facet normal 6.209708e-01 -3.390757e-01 7.066987e-01
    outer loop
      vertex   -6.778822e+01 -4.122220e+01 3.360000e+01
      vertex   -6.940470e+01 -4.022260e+01 3.550000e+01
      vertex   -6.966112e+01 -4.069219e+01 3.550000e+01
    endloop
  endfacet
  facet normal 6.233512e-01 -3.331882e-01 7.074029e-01
    outer loop
      vertex   -6.778822e+01 -4.122220e+01 3.360000e+01
      vertex   -6.966112e+01 -4.069219e+01 3.550000e+01
      vertex   -6.795918e+01 -4.154204e+01 3.360000e+01
    endloop
  endfacet
  facet normal 6.639854e-01 -2.476538e-01 7.055430e-01
    outer loop
      vertex   -6.795918e+01 -4.154204e+01 3.360000e+01
      vertex   -6.966112e+01 -4.069219e+01 3.550000e+01
      vertex   -6.984810e+01 -4.119350e+01 3.550000e+01
    endloop
  endfacet
  facet normal 6.751011e-01 -2.047897e-01 7.087310e-01
    outer loop
      vertex   -6.795918e+01 -4.154204e+01 3.360000e+01
      vertex   -6.984810e+01 -4.119350e+01 3.550000e+01
      vertex   -6.806445e+01 -4.188908e+01 3.360000e+01
    endloop
  endfacet
  facet normal 6.926329e-01 -1.506731e-01 7.053774e-01
    outer loop
      vertex   -6.806445e+01 -4.188908e+01 3.360000e+01
      vertex   -6.984810e+01 -4.119350e+01 3.550000e+01
      vertex   -6.996183e+01 -4.171632e+01 3.550000e+01
    endloop
  endfacet
  facet normal 7.027442e-01 -6.921426e-02 7.080678e-01
    outer loop
      vertex   -6.806445e+01 -4.188908e+01 3.360000e+01
      vertex   -6.996183e+01 -4.171632e+01 3.550000e+01
      vertex   -6.810000e+01 -4.225000e+01 3.360000e+01
    endloop
  endfacet
  facet normal 7.062042e-01 -5.050872e-02 7.062042e-01
    outer loop
      vertex   -6.810000e+01 -4.225000e+01 3.360000e+01
      vertex   -6.996183e+01 -4.171632e+01 3.550000e+01
      vertex   -7.000000e+01 -4.225000e+01 3.550000e+01
    endloop
  endfacet
  facet normal -7.071068e-01 0.000000e+00 7.071068e-01
    outer loop
      vertex   -2.850000e+01 -4.225000e+01 3.550000e+01
      vertex   -3.040000e+01 -4.225000e+01 3.360000e+01
      vertex   -2.850000e+01 -7.625000e+01 3.550000e+01
    endloop
  endfacet
  facet normal -7.071068e-01 -1.491345e-16 7.071068e-01
    outer loop
      vertex   -2.850000e+01 -7.625000e+01 3.550000e+01
      vertex   -3.040000e+01 -4.225000e+01 3.360000e+01
      vertex   -3.040000e+01 -7.625000e+01 3.360000e+01
    endloop
  endfacet
  facet normal -7.062042e-01 -5.050872e-02 7.062042e-01
    outer loop
      vertex   -2.850000e+01 -4.225000e+01 3.550000e+01
      vertex   -2.853817e+01 -4.171632e+01 3.550000e+01
      vertex   -3.040000e+01 -4.225000e+01 3.360000e+01
    endloop
  endfacet
  facet normal -7.027442e-01 -6.921426e-02 7.080678e-01
    outer loop
      vertex   -3.040000e+01 -4.225000e+01 3.360000e+01
      vertex   -2.853817e+01 -4.171632e+01 3.550000e+01
      vertex   -3.043555e+01 -4.188908e+01 3.360000e+01
    endloop
  endfacet
  facet normal -6.926329e-01 -1.506731e-01 7.053774e-01
    outer loop
      vertex   -3.043555e+01 -4.188908e+01 3.360000e+01
      vertex   -2.853817e+01 -4.171632e+01 3.550000e+01
      vertex   -2.865190e+01 -4.119350e+01 3.550000e+01
    endloop
  endfacet
  facet normal -6.751011e-01 -2.047897e-01 7.087310e-01
    outer loop
      vertex   -3.043555e+01 -4.188908e+01 3.360000e+01
      vertex   -2.865190e+01 -4.119350e+01 3.550000e+01
      vertex   -3.054082e+01 -4.154204e+01 3.360000e+01
    endloop
  endfacet
  facet normal -6.639854e-01 -2.476538e-01 7.055430e-01
    outer loop
      vertex   -3.054082e+01 -4.154204e+01 3.360000e+01
      vertex   -2.865190e+01 -4.119350e+01 3.550000e+01
      vertex   -2.883888e+01 -4.069219e+01 3.550000e+01
    endloop
  endfacet
  facet normal -6.233512e-01 -3.331882e-01 7.074029e-01
    outer loop
      vertex   -3.054082e+01 -4.154204e+01 3.360000e+01
      vertex   -2.883888e+01 -4.069219e+01 3.550000e+01
      vertex   -3.071178e+01 -4.122220e+01 3.360000e+01
    endloop
  endfacet
  facet normal -6.209708e-01 -3.390757e-01 7.066987e-01
    outer loop
      vertex   -3.071178e+01 -4.122220e+01 3.360000e+01
      vertex   -2.883888e+01 -4.069219e+01 3.550000e+01
      vertex   -2.909530e+01 -4.022260e+01 3.550000e+01
    endloop
  endfacet
  facet normal -5.670973e-01 -4.245237e-01 7.058188e-01
    outer loop
      vertex   -3.071178e+01 -4.122220e+01 3.360000e+01
      vertex   -2.909530e+01 -4.022260e+01 3.550000e+01
      vertex   -2.941594e+01 -3.979427e+01 3.550000e+01
    endloop
  endfacet
  facet normal -5.455140e-01 -4.476917e-01 7.085101e-01
    outer loop
      vertex   -3.071178e+01 -4.122220e+01 3.360000e+01
      vertex   -2.941594e+01 -3.979427e+01 3.550000e+01
      vertex   -3.094185e+01 -4.094185e+01 3.360000e+01
    endloop
  endfacet
  facet normal -5.012588e-01 -5.012588e-01 7.053221e-01
    outer loop
      vertex   -3.094185e+01 -4.094185e+01 3.360000e+01
      vertex   -2.941594e+01 -3.979427e+01 3.550000e+01
      vertex   -2.979427e+01 -3.941594e+01 3.550000e+01
    endloop
  endfacet
  facet normal -4.476917e-01 -5.455140e-01 7.085101e-01
    outer loop
      vertex   -3.094185e+01 -4.094185e+01 3.360000e+01
      vertex   -2.979427e+01 -3.941594e+01 3.550000e+01
      vertex   -3.122220e+01 -4.071178e+01 3.360000e+01
    endloop
  endfacet
  facet normal -4.245237e-01 -5.670973e-01 7.058188e-01
    outer loop
      vertex   -3.122220e+01 -4.071178e+01 3.360000e+01
      vertex   -2.979427e+01 -3.941594e+01 3.550000e+01
      vertex   -3.022260e+01 -3.909530e+01 3.550000e+01
    endloop
  endfacet
  facet normal -3.390757e-01 -6.209708e-01 7.066987e-01
    outer loop
      vertex   -3.122220e+01 -4.071178e+01 3.360000e+01
      vertex   -3.022260e+01 -3.909530e+01 3.550000e+01
      vertex   -3.069219e+01 -3.883888e+01 3.550000e+01
    endloop
  endfacet
  facet normal -3.331882e-01 -6.233512e-01 7.074029e-01
    outer loop
      vertex   -3.122220e+01 -4.071178e+01 3.360000e+01
      vertex   -3.069219e+01 -3.883888e+01 3.550000e+01
      vertex   -3.154204e+01 -4.054082e+01 3.360000e+01
    endloop
  endfacet
  facet normal -2.476538e-01 -6.639854e-01 7.055430e-01
    outer loop
      vertex   -3.154204e+01 -4.054082e+01 3.360000e+01
      vertex   -3.069219e+01 -3.883888e+01 3.550000e+01
      vertex   -3.119350e+01 -3.865190e+01 3.550000e+01
    endloop
  endfacet
  facet normal -2.047897e-01 -6.751011e-01 7.087310e-01
    outer loop
      vertex   -3.154204e+01 -4.054082e+01 3.360000e+01
      vertex   -3.119350e+01 -3.865190e+01 3.550000e+01
      vertex   -3.188908e+01 -4.043555e+01 3.360000e+01
    endloop
  endfacet
  facet normal -1.506731e-01 -6.926329e-01 7.053774e-01
    outer loop
      vertex   -3.188908e+01 -4.043555e+01 3.360000e+01
      vertex   -3.119350e+01 -3.865190e+01 3.550000e+01
      vertex   -3.171632e+01 -3.853817e+01 3.550000e+01
    endloop
  endfacet
  facet normal -6.921426e-02 -7.027442e-01 7.080678e-01
    outer loop
      vertex   -3.188908e+01 -4.043555e+01 3.360000e+01
      vertex   -3.171632e+01 -3.853817e+01 3.550000e+01
      vertex   -3.225000e+01 -4.040000e+01 3.360000e+01
    endloop
  endfacet
  facet normal -5.050872e-02 -7.062042e-01 7.062042e-01
    outer loop
      vertex   -3.225000e+01 -4.040000e+01 3.360000e+01
      vertex   -3.171632e+01 -3.853817e+01 3.550000e+01
      vertex   -3.225000e+01 -3.850000e+01 3.550000e+01
    endloop
  endfacet
  facet normal 0.000000e+00 -7.071068e-01 7.071068e-01
    outer loop
      vertex   -3.225000e+01 -3.850000e+01 3.550000e+01
      vertex   -6.625000e+01 -3.850000e+01 3.550000e+01
      vertex   -3.225000e+01 -4.040000e+01 3.360000e+01
    endloop
  endfacet
  facet normal 0.000000e+00 -7.071068e-01 7.071068e-01
    outer loop
      vertex   -3.225000e+01 -4.040000e+01 3.360000e+01
      vertex   -6.625000e+01 -3.850000e+01 3.550000e+01
      vertex   -6.625000e+01 -4.040000e+01 3.360000e+01
    endloop
  endfacet
  facet normal -0.000000e+00 1.000000e+00 -0.000000e+00
    outer loop
      vertex   -3.421804e+01 -7.810000e+01 2.645105e+01
      vertex   -3.441795e+01 -7.810000e+01 2.660000e+01
      vertex   -3.403395e+01 -7.810000e+01 2.632002e+01
    endloop
  endfacet
  facet normal 5.055309e-01 5.135433e-01 6.933338e-01
    outer loop
      vertex   -3.403395e+01 -7.810000e+01 2.632002e+01
      vertex   -3.441795e+01 -7.810000e+01 2.660000e+01
      vertex   -3.406568e+01 -7.844677e+01 2.660000e+01
    endloop
  endfacet
  facet normal 4.661361e-01 5.295666e-01 7.087145e-01
    outer loop
      vertex   -3.403395e+01 -7.810000e+01 2.632002e+01
      vertex   -3.406568e+01 -7.844677e+01 2.660000e+01
      vertex   -3.370403e+01 -7.810000e+01 2.610302e+01
    endloop
  endfacet
  facet normal 4.053459e-01 5.845540e-01 7.028452e-01
    outer loop
      vertex   -3.370403e+01 -7.810000e+01 2.610302e+01
      vertex   -3.406568e+01 -7.844677e+01 2.660000e+01
      vertex   -3.341337e+01 -7.810000e+01 2.593539e+01
    endloop
  endfacet
  facet normal 4.041773e-01 5.858976e-01 7.023993e-01
    outer loop
      vertex   -3.341337e+01 -7.810000e+01 2.593539e+01
      vertex   -3.406568e+01 -7.844677e+01 2.660000e+01
      vertex   -3.365880e+01 -7.872746e+01 2.660000e+01
    endloop
  endfacet
  facet normal 3.447722e-01 6.156745e-01 7.085739e-01
    outer loop
      vertex   -3.341337e+01 -7.810000e+01 2.593539e+01
      vertex   -3.365880e+01 -7.872746e+01 2.660000e+01
      vertex   -3.315128e+01 -7.810000e+01 2.580787e+01
    endloop
  endfacet
  facet normal 2.968141e-01 6.468174e-01 7.025160e-01
    outer loop
      vertex   -3.315128e+01 -7.810000e+01 2.580787e+01
      vertex   -3.365880e+01 -7.872746e+01 2.660000e+01
      vertex   -3.320953e+01 -7.893362e+01 2.660000e+01
    endloop
  endfacet
  facet normal 2.742539e-01 6.522886e-01 7.066147e-01
    outer loop
      vertex   -3.315128e+01 -7.810000e+01 2.580787e+01
      vertex   -3.320953e+01 -7.893362e+01 2.660000e+01
      vertex   -3.290975e+01 -7.810000e+01 2.571412e+01
    endloop
  endfacet
  facet normal 1.996909e-01 6.789686e-01 7.064879e-01
    outer loop
      vertex   -3.290975e+01 -7.810000e+01 2.571412e+01
      vertex   -3.320953e+01 -7.893362e+01 2.660000e+01
      vertex   -3.268242e+01 -7.810000e+01 2.564987e+01
    endloop
  endfacet
  facet normal 1.803814e-01 6.875885e-01 7.033382e-01
    outer loop
      vertex   -3.268242e+01 -7.810000e+01 2.564987e+01
      vertex   -3.320953e+01 -7.893362e+01 2.660000e+01
      vertex   -3.273141e+01 -7.905905e+01 2.660000e+01
    endloop
  endfacet
  facet normal 1.216951e-01 6.954233e-01 7.082208e-01
    outer loop
      vertex   -3.268242e+01 -7.810000e+01 2.564987e+01
      vertex   -3.273141e+01 -7.905905e+01 2.660000e+01
      vertex   -3.246405e+01 -7.810000e+01 2.561234e+01
    endloop
  endfacet
  facet normal 5.884121e-02 7.081710e-01 7.035848e-01
    outer loop
      vertex   -3.246405e+01 -7.810000e+01 2.561234e+01
      vertex   -3.273141e+01 -7.905905e+01 2.660000e+01
      vertex   -3.223880e+01 -7.909998e+01 2.660000e+01
    endloop
  endfacet
  facet normal 4.072308e-02 7.067561e-01 7.062843e-01
    outer loop
      vertex   -3.246405e+01 -7.810000e+01 2.561234e+01
      vertex   -3.223880e+01 -7.909998e+01 2.660000e+01
      vertex   -3.225000e+01 -7.810000e+01 2.560000e+01
    endloop
  endfacet
  facet normal -6.418962e-02 7.052966e-01 7.060003e-01
    outer loop
      vertex   -3.225000e+01 -7.810000e+01 2.560000e+01
      vertex   -3.223880e+01 -7.909998e+01 2.660000e+01
      vertex   -3.174652e+01 -7.905518e+01 2.660000e+01
    endloop
  endfacet
  facet normal -6.931116e-02 7.037280e-01 7.070805e-01
    outer loop
      vertex   -3.225000e+01 -7.810000e+01 2.560000e+01
      vertex   -3.174652e+01 -7.905518e+01 2.660000e+01
      vertex   -3.188908e+01 -7.806445e+01 2.560000e+01
    endloop
  endfacet
  facet normal -1.853992e-01 6.847363e-01 7.048144e-01
    outer loop
      vertex   -3.188908e+01 -7.806445e+01 2.560000e+01
      vertex   -3.174652e+01 -7.905518e+01 2.660000e+01
      vertex   -3.126940e+01 -7.892599e+01 2.660000e+01
    endloop
  endfacet
  facet normal -2.048190e-01 6.751976e-01 7.086307e-01
    outer loop
      vertex   -3.188908e+01 -7.806445e+01 2.560000e+01
      vertex   -3.126940e+01 -7.892599e+01 2.660000e+01
      vertex   -3.154204e+01 -7.795918e+01 2.560000e+01
    endloop
  endfacet
  facet normal -3.012830e-01 6.431673e-01 7.039633e-01
    outer loop
      vertex   -3.154204e+01 -7.795918e+01 2.560000e+01
      vertex   -3.126940e+01 -7.892599e+01 2.660000e+01
      vertex   -3.082177e+01 -7.871630e+01 2.660000e+01
    endloop
  endfacet
  facet normal -3.321204e-01 6.213536e-01 7.096588e-01
    outer loop
      vertex   -3.154204e+01 -7.795918e+01 2.560000e+01
      vertex   -3.082177e+01 -7.871630e+01 2.660000e+01
      vertex   -3.122220e+01 -7.778822e+01 2.560000e+01
    endloop
  endfacet
  facet normal -4.081743e-01 5.818508e-01 7.034510e-01
    outer loop
      vertex   -3.122220e+01 -7.778822e+01 2.560000e+01
      vertex   -3.082177e+01 -7.871630e+01 2.660000e+01
      vertex   -3.041710e+01 -7.843243e+01 2.660000e+01
    endloop
  endfacet
  facet normal -4.466312e-01 5.442217e-01 7.101714e-01
    outer loop
      vertex   -3.122220e+01 -7.778822e+01 2.560000e+01
      vertex   -3.041710e+01 -7.843243e+01 2.660000e+01
      vertex   -3.094185e+01 -7.755815e+01 2.560000e+01
    endloop
  endfacet
  facet normal -5.026914e-01 5.026914e-01 7.032800e-01
    outer loop
      vertex   -3.094185e+01 -7.755815e+01 2.560000e+01
      vertex   -3.041710e+01 -7.843243e+01 2.660000e+01
      vertex   -3.006757e+01 -7.808290e+01 2.660000e+01
    endloop
  endfacet
  facet normal -5.442217e-01 4.466312e-01 7.101714e-01
    outer loop
      vertex   -3.094185e+01 -7.755815e+01 2.560000e+01
      vertex   -3.006757e+01 -7.808290e+01 2.660000e+01
      vertex   -3.071178e+01 -7.727780e+01 2.560000e+01
    endloop
  endfacet
  facet normal -5.818508e-01 4.081743e-01 7.034510e-01
    outer loop
      vertex   -3.071178e+01 -7.727780e+01 2.560000e+01
      vertex   -3.006757e+01 -7.808290e+01 2.660000e+01
      vertex   -2.978370e+01 -7.767823e+01 2.660000e+01
    endloop
  endfacet
  facet normal -6.213536e-01 3.321204e-01 7.096588e-01
    outer loop
      vertex   -3.071178e+01 -7.727780e+01 2.560000e+01
      vertex   -2.978370e+01 -7.767823e+01 2.660000e+01
      vertex   -3.054082e+01 -7.695796e+01 2.560000e+01
    endloop
  endfacet
  facet normal -6.431673e-01 3.012830e-01 7.039633e-01
    outer loop
      vertex   -3.054082e+01 -7.695796e+01 2.560000e+01
      vertex   -2.978370e+01 -7.767823e+01 2.660000e+01
      vertex   -2.957401e+01 -7.723060e+01 2.660000e+01
    endloop
  endfacet
  facet normal -6.751976e-01 2.048190e-01 7.086307e-01
    outer loop
      vertex   -3.054082e+01 -7.695796e+01 2.560000e+01
      vertex   -2.957401e+01 -7.723060e+01 2.660000e+01
      vertex   -3.043555e+01 -7.661092e+01 2.560000e+01
    endloop
  endfacet
  facet normal -6.847363e-01 1.853992e-01 7.048144e-01
    outer loop
      vertex   -3.043555e+01 -7.661092e+01 2.560000e+01
      vertex   -2.957401e+01 -7.723060e+01 2.660000e+01
      vertex   -2.944482e+01 -7.675348e+01 2.660000e+01
    endloop
  endfacet
  facet normal -7.037280e-01 6.931116e-02 7.070805e-01
    outer loop
      vertex   -3.043555e+01 -7.661092e+01 2.560000e+01
      vertex   -2.944482e+01 -7.675348e+01 2.660000e+01
      vertex   -3.040000e+01 -7.625000e+01 2.560000e+01
    endloop
  endfacet
  facet normal -7.052966e-01 6.418962e-02 7.060003e-01
    outer loop
      vertex   -3.040000e+01 -7.625000e+01 2.560000e+01
      vertex   -2.944482e+01 -7.675348e+01 2.660000e+01
      vertex   -2.940002e+01 -7.626120e+01 2.660000e+01
    endloop
  endfacet
  facet normal -7.067561e-01 -4.072308e-02 7.062843e-01
    outer loop
      vertex   -3.040000e+01 -7.625000e+01 2.560000e+01
      vertex   -2.940002e+01 -7.626120e+01 2.660000e+01
      vertex   -3.040000e+01 -7.603595e+01 2.561234e+01
    endloop
  endfacet
  facet normal -7.081710e-01 -5.884121e-02 7.035848e-01
    outer loop
      vertex   -3.040000e+01 -7.603595e+01 2.561234e+01
      vertex   -2.940002e+01 -7.626120e+01 2.660000e+01
      vertex   -2.944095e+01 -7.576859e+01 2.660000e+01
    endloop
  endfacet
  facet normal -6.954233e-01 -1.216951e-01 7.082208e-01
    outer loop
      vertex   -3.040000e+01 -7.603595e+01 2.561234e+01
      vertex   -2.944095e+01 -7.576859e+01 2.660000e+01
      vertex   -3.040000e+01 -7.581758e+01 2.564987e+01
    endloop
  endfacet
  facet normal -6.875885e-01 -1.803814e-01 7.033382e-01
    outer loop
      vertex   -3.040000e+01 -7.581758e+01 2.564987e+01
      vertex   -2.944095e+01 -7.576859e+01 2.660000e+01
      vertex   -2.956638e+01 -7.529047e+01 2.660000e+01
    endloop
  endfacet
  facet normal -6.789686e-01 -1.996909e-01 7.064879e-01
    outer loop
      vertex   -3.040000e+01 -7.581758e+01 2.564987e+01
      vertex   -2.956638e+01 -7.529047e+01 2.660000e+01
      vertex   -3.040000e+01 -7.559025e+01 2.571412e+01
    endloop
  endfacet
  facet normal -6.522886e-01 -2.742539e-01 7.066147e-01
    outer loop
      vertex   -3.040000e+01 -7.559025e+01 2.571412e+01
      vertex   -2.956638e+01 -7.529047e+01 2.660000e+01
      vertex   -3.040000e+01 -7.534872e+01 2.580787e+01
    endloop
  endfacet
  facet normal -6.468174e-01 -2.968141e-01 7.025160e-01
    outer loop
      vertex   -3.040000e+01 -7.534872e+01 2.580787e+01
      vertex   -2.956638e+01 -7.529047e+01 2.660000e+01
      vertex   -2.977254e+01 -7.484120e+01 2.660000e+01
    endloop
  endfacet
  facet normal -6.156745e-01 -3.447722e-01 7.085739e-01
    outer loop
      vertex   -3.040000e+01 -7.534872e+01 2.580787e+01
      vertex   -2.977254e+01 -7.484120e+01 2.660000e+01
      vertex   -3.040000e+01 -7.508663e+01 2.593539e+01
    endloop
  endfacet
  facet normal -5.854474e-01 -4.050239e-01 7.022869e-01
    outer loop
      vertex   -3.040000e+01 -7.508663e+01 2.593539e+01
      vertex   -2.977254e+01 -7.484120e+01 2.660000e+01
      vertex   -3.040000e+01 -7.479597e+01 2.610302e+01
    endloop
  endfacet
  facet normal -5.856782e-01 -4.040260e-01 7.026692e-01
    outer loop
      vertex   -3.040000e+01 -7.479597e+01 2.610302e+01
      vertex   -2.977254e+01 -7.484120e+01 2.660000e+01
      vertex   -3.005323e+01 -7.443432e+01 2.660000e+01
    endloop
  endfacet
  facet normal -5.295666e-01 -4.661361e-01 7.087145e-01
    outer loop
      vertex   -3.040000e+01 -7.479597e+01 2.610302e+01
      vertex   -3.005323e+01 -7.443432e+01 2.660000e+01
      vertex   -3.040000e+01 -7.446605e+01 2.632002e+01
    endloop
  endfacet
  facet normal -5.174620e-01 -4.962250e-01 6.971326e-01
    outer loop
      vertex   -3.040000e+01 -7.446605e+01 2.632002e+01
      vertex   -3.005323e+01 -7.443432e+01 2.660000e+01
      vertex   -3.040000e+01 -7.428196e+01 2.645105e+01
    endloop
  endfacet
  facet normal -5.188531e-01 -5.107579e-01 6.855056e-01
    outer loop
      vertex   -3.040000e+01 -7.428196e+01 2.645105e+01
      vertex   -3.005323e+01 -7.443432e+01 2.660000e+01
      vertex   -3.040000e+01 -7.408205e+01 2.660000e+01
    endloop
  endfacet
  facet normal -1.000000e+00 0.000000e+00 0.000000e+00
    outer loop
      vertex   -3.040000e+01 -4.421804e+01 2.645105e+01
      vertex   -3.040000e+01 -4.441795e+01 2.660000e+01
      vertex   -3.040000e+01 -4.403395e+01 2.632002e+01
    endloop
  endfacet
  facet normal -5.136495e-01 5.054935e-01 6.932825e-01
    outer loop
      vertex   -3.040000e+01 -4.403395e+01 2.632002e+01
      vertex   -3.040000e+01 -4.441795e+01 2.660000e+01
      vertex   -3.005272e+01 -4.406507e+01 2.660000e+01
    endloop
  endfacet
  facet normal -5.296031e-01 4.661236e-01 7.086955e-01
    outer loop
      vertex   -3.040000e+01 -4.403395e+01 2.632002e+01
      vertex   -3.005272e+01 -4.406507e+01 2.660000e+01
      vertex   -3.040000e+01 -4.370403e+01 2.610302e+01
    endloop
  endfacet
  facet normal -5.844632e-01 4.053786e-01 7.029019e-01
    outer loop
      vertex   -3.040000e+01 -4.370403e+01 2.610302e+01
      vertex   -3.005272e+01 -4.406507e+01 2.660000e+01
      vertex   -3.040000e+01 -4.341337e+01 2.593539e+01
    endloop
  endfacet
  facet normal -5.861002e-01 4.039529e-01 7.023593e-01
    outer loop
      vertex   -3.040000e+01 -4.341337e+01 2.593539e+01
      vertex   -3.005272e+01 -4.406507e+01 2.660000e+01
      vertex   -2.977175e+01 -4.365741e+01 2.660000e+01
    endloop
  endfacet
  facet normal -6.156675e-01 3.447746e-01 7.085789e-01
    outer loop
      vertex   -3.040000e+01 -4.341337e+01 2.593539e+01
      vertex   -2.977175e+01 -4.365741e+01 2.660000e+01
      vertex   -3.040000e+01 -4.315128e+01 2.580787e+01
    endloop
  endfacet
  facet normal -6.470259e-01 2.963602e-01 7.025156e-01
    outer loop
      vertex   -3.040000e+01 -4.315128e+01 2.580787e+01
      vertex   -2.977175e+01 -4.365741e+01 2.660000e+01
      vertex   -2.956558e+01 -4.320727e+01 2.660000e+01
    endloop
  endfacet
  facet normal -6.523530e-01 2.742339e-01 7.065631e-01
    outer loop
      vertex   -3.040000e+01 -4.315128e+01 2.580787e+01
      vertex   -2.956558e+01 -4.320727e+01 2.660000e+01
      vertex   -3.040000e+01 -4.290975e+01 2.571412e+01
    endloop
  endfacet
  facet normal -6.789062e-01 1.997066e-01 7.065435e-01
    outer loop
      vertex   -3.040000e+01 -4.290975e+01 2.571412e+01
      vertex   -2.956558e+01 -4.320727e+01 2.660000e+01
      vertex   -3.040000e+01 -4.268242e+01 2.564987e+01
    endloop
  endfacet
  facet normal -6.877959e-01 1.797135e-01 7.033064e-01
    outer loop
      vertex   -3.040000e+01 -4.268242e+01 2.564987e+01
      vertex   -2.956558e+01 -4.320727e+01 2.660000e+01
      vertex   -2.944041e+01 -4.272825e+01 2.660000e+01
    endloop
  endfacet
  facet normal -6.954282e-01 1.216943e-01 7.082161e-01
    outer loop
      vertex   -3.040000e+01 -4.268242e+01 2.564987e+01
      vertex   -2.944041e+01 -4.272825e+01 2.660000e+01
      vertex   -3.040000e+01 -4.246405e+01 2.561234e+01
    endloop
  endfacet
  facet normal -7.082295e-01 5.794509e-02 7.036003e-01
    outer loop
      vertex   -3.040000e+01 -4.246405e+01 2.561234e+01
      vertex   -2.944041e+01 -4.272825e+01 2.660000e+01
      vertex   -2.940004e+01 -4.223480e+01 2.660000e+01
    endloop
  endfacet
  facet normal -7.068442e-01 4.071801e-02 7.061964e-01
    outer loop
      vertex   -3.040000e+01 -4.246405e+01 2.561234e+01
      vertex   -2.940004e+01 -4.223480e+01 2.660000e+01
      vertex   -3.040000e+01 -4.225000e+01 2.560000e+01
    endloop
  endfacet
  facet normal -7.051168e-01 -6.527139e-02 7.060807e-01
    outer loop
      vertex   -3.040000e+01 -4.225000e+01 2.560000e+01
      vertex   -2.940004e+01 -4.223480e+01 2.660000e+01
      vertex   -2.944568e+01 -4.174180e+01 2.660000e+01
    endloop
  endfacet
  facet normal -7.038635e-01 -6.932450e-02 7.069444e-01
    outer loop
      vertex   -3.040000e+01 -4.225000e+01 2.560000e+01
      vertex   -2.944568e+01 -4.174180e+01 2.660000e+01
      vertex   -3.043555e+01 -4.188908e+01 2.560000e+01
    endloop
  endfacet
  facet normal -6.843290e-01 -1.866302e-01 7.048851e-01
    outer loop
      vertex   -3.043555e+01 -4.188908e+01 2.560000e+01
      vertex   -2.944568e+01 -4.174180e+01 2.660000e+01
      vertex   -2.957594e+01 -4.126414e+01 2.660000e+01
    endloop
  endfacet
  facet normal -6.753067e-01 -2.048520e-01 7.085171e-01
    outer loop
      vertex   -3.043555e+01 -4.188908e+01 2.560000e+01
      vertex   -2.957594e+01 -4.126414e+01 2.660000e+01
      vertex   -3.054082e+01 -4.154204e+01 2.560000e+01
    endloop
  endfacet
  facet normal -6.424845e-01 -3.026147e-01 7.040157e-01
    outer loop
      vertex   -3.054082e+01 -4.154204e+01 2.560000e+01
      vertex   -2.957594e+01 -4.126414e+01 2.660000e+01
      vertex   -2.978691e+01 -4.081623e+01 2.660000e+01
    endloop
  endfacet
  facet normal -6.214236e-01 -3.321578e-01 7.095801e-01
    outer loop
      vertex   -3.054082e+01 -4.154204e+01 2.560000e+01
      vertex   -2.978691e+01 -4.081623e+01 2.660000e+01
      vertex   -3.071178e+01 -4.122220e+01 2.560000e+01
    endloop
  endfacet
  facet normal -5.808544e-01 -4.095474e-01 7.034764e-01
    outer loop
      vertex   -3.071178e+01 -4.122220e+01 2.560000e+01
      vertex   -2.978691e+01 -4.081623e+01 2.660000e+01
      vertex   -3.007221e+01 -4.041159e+01 2.660000e+01
    endloop
  endfacet
  facet normal -5.442464e-01 -4.466514e-01 7.101397e-01
    outer loop
      vertex   -3.071178e+01 -4.122220e+01 2.560000e+01
      vertex   -3.007221e+01 -4.041159e+01 2.660000e+01
      vertex   -3.094185e+01 -4.094185e+01 2.560000e+01
    endloop
  endfacet
  facet normal -5.013557e-01 -5.040376e-01 7.032699e-01
    outer loop
      vertex   -3.094185e+01 -4.094185e+01 2.560000e+01
      vertex   -3.007221e+01 -4.041159e+01 2.660000e+01
      vertex   -3.042324e+01 -4.006244e+01 2.660000e+01
    endloop
  endfacet
  facet normal -4.466134e-01 -5.442000e-01 7.101991e-01
    outer loop
      vertex   -3.094185e+01 -4.094185e+01 2.560000e+01
      vertex   -3.042324e+01 -4.006244e+01 2.660000e+01
      vertex   -3.122220e+01 -4.071178e+01 2.560000e+01
    endloop
  endfacet
  facet normal -4.064876e-01 -5.830956e-01 7.033970e-01
    outer loop
      vertex   -3.122220e+01 -4.071178e+01 2.560000e+01
      vertex   -3.042324e+01 -4.006244e+01 2.660000e+01
      vertex   -3.082939e+01 -3.977930e+01 2.660000e+01
    endloop
  endfacet
  facet normal -3.320730e-01 -6.212648e-01 7.097588e-01
    outer loop
      vertex   -3.122220e+01 -4.071178e+01 2.560000e+01
      vertex   -3.082939e+01 -3.977930e+01 2.660000e+01
      vertex   -3.154204e+01 -4.054082e+01 2.560000e+01
    endloop
  endfacet
  facet normal -2.992489e-01 -6.442322e-01 7.038572e-01
    outer loop
      vertex   -3.154204e+01 -4.054082e+01 2.560000e+01
      vertex   -3.082939e+01 -3.977930e+01 2.660000e+01
      vertex   -3.127842e+01 -3.957072e+01 2.660000e+01
    endloop
  endfacet
  facet normal -2.047649e-01 -6.750193e-01 7.088162e-01
    outer loop
      vertex   -3.154204e+01 -4.054082e+01 2.560000e+01
      vertex   -3.127842e+01 -3.957072e+01 2.660000e+01
      vertex   -3.188908e+01 -4.043555e+01 2.560000e+01
    endloop
  endfacet
  facet normal -1.830373e-01 -6.855422e-01 7.046484e-01
    outer loop
      vertex   -3.188908e+01 -4.043555e+01 2.560000e+01
      vertex   -3.127842e+01 -3.957072e+01 2.660000e+01
      vertex   -3.175677e+01 -3.944301e+01 2.660000e+01
    endloop
  endfacet
  facet normal -6.553322e-02 -7.038738e-01 7.072956e-01
    outer loop
      vertex   -3.188908e+01 -4.043555e+01 2.560000e+01
      vertex   -3.175677e+01 -3.944301e+01 2.660000e+01
      vertex   -3.225000e+01 -4.000000e+01 2.600000e+01
    endloop
  endfacet
  facet normal -6.153581e-02 -7.057667e-01 7.057667e-01
    outer loop
      vertex   -3.225000e+01 -4.000000e+01 2.600000e+01
      vertex   -3.175677e+01 -3.944301e+01 2.660000e+01
      vertex   -3.225000e+01 -3.940000e+01 2.660000e+01
    endloop
  endfacet
  facet normal 6.285503e-02 -7.117067e-01 6.996591e-01
    outer loop
      vertex   -3.265755e+01 -4.000000e+01 2.603661e+01
      vertex   -3.246405e+01 -4.040000e+01 2.561234e+01
      vertex   -3.225000e+01 -4.000000e+01 2.600000e+01
    endloop
  endfacet
  facet normal 4.073666e-02 -7.065198e-01 7.065198e-01
    outer loop
      vertex   -3.225000e+01 -4.000000e+01 2.600000e+01
      vertex   -3.246405e+01 -4.040000e+01 2.561234e+01
      vertex   -3.225000e+01 -4.040000e+01 2.560000e+01
    endloop
  endfacet
  facet normal -6.947565e-02 -7.053982e-01 7.053982e-01
    outer loop
      vertex   -3.225000e+01 -4.000000e+01 2.600000e+01
      vertex   -3.225000e+01 -4.040000e+01 2.560000e+01
      vertex   -3.188908e+01 -4.043555e+01 2.560000e+01
    endloop
  endfacet
  facet normal 1.219577e-01 -6.938172e-01 7.097493e-01
    outer loop
      vertex   -3.246405e+01 -4.040000e+01 2.561234e+01
      vertex   -3.265755e+01 -4.000000e+01 2.603661e+01
      vertex   -3.268242e+01 -4.040000e+01 2.564987e+01
    endloop
  endfacet
  facet normal 1.840060e-01 -6.891173e-01 7.008988e-01
    outer loop
      vertex   -3.268242e+01 -4.040000e+01 2.564987e+01
      vertex   -3.265755e+01 -4.000000e+01 2.603661e+01
      vertex   -3.307158e+01 -4.000000e+01 2.614531e+01
    endloop
  endfacet
  facet normal 1.994454e-01 -6.799431e-01 7.056195e-01
    outer loop
      vertex   -3.268242e+01 -4.040000e+01 2.564987e+01
      vertex   -3.307158e+01 -4.000000e+01 2.614531e+01
      vertex   -3.290975e+01 -4.040000e+01 2.571412e+01
    endloop
  endfacet
  facet normal 2.745295e-01 -6.514026e-01 7.073247e-01
    outer loop
      vertex   -3.290975e+01 -4.040000e+01 2.571412e+01
      vertex   -3.307158e+01 -4.000000e+01 2.614531e+01
      vertex   -3.315128e+01 -4.040000e+01 2.580787e+01
    endloop
  endfacet
  facet normal 2.935477e-01 -6.498953e-01 7.010462e-01
    outer loop
      vertex   -3.315128e+01 -4.040000e+01 2.580787e+01
      vertex   -3.307158e+01 -4.000000e+01 2.614531e+01
      vertex   -3.351152e+01 -4.000000e+01 2.632952e+01
    endloop
  endfacet
  facet normal 3.452168e-01 -6.143717e-01 7.094877e-01
    outer loop
      vertex   -3.315128e+01 -4.040000e+01 2.580787e+01
      vertex   -3.351152e+01 -4.000000e+01 2.632952e+01
      vertex   -3.341337e+01 -4.040000e+01 2.593539e+01
    endloop
  endfacet
  facet normal 3.686678e-01 -6.049555e-01 7.057711e-01
    outer loop
      vertex   -3.341337e+01 -4.040000e+01 2.593539e+01
      vertex   -3.351152e+01 -4.000000e+01 2.632952e+01
      vertex   -3.374786e+01 -4.000000e+01 2.645298e+01
    endloop
  endfacet
  facet normal 4.086770e-01 -5.751864e-01 7.086211e-01
    outer loop
      vertex   -3.341337e+01 -4.040000e+01 2.593539e+01
      vertex   -3.374786e+01 -4.000000e+01 2.645298e+01
      vertex   -3.370403e+01 -4.040000e+01 2.610302e+01
    endloop
  endfacet
  facet normal 4.135514e-01 -5.734255e-01 7.072188e-01
    outer loop
      vertex   -3.370403e+01 -4.040000e+01 2.610302e+01
      vertex   -3.374786e+01 -4.000000e+01 2.645298e+01
      vertex   -3.399929e+01 -4.000000e+01 2.660000e+01
    endloop
  endfacet
  facet normal 4.530006e-01 -5.435708e-01 7.066266e-01
    outer loop
      vertex   -3.370403e+01 -4.040000e+01 2.610302e+01
      vertex   -3.399929e+01 -4.000000e+01 2.660000e+01
      vertex   -3.414778e+01 -4.012376e+01 2.660000e+01
    endloop
  endfacet
  facet normal 4.669602e-01 -5.271568e-01 7.099675e-01
    outer loop
      vertex   -3.370403e+01 -4.040000e+01 2.610302e+01
      vertex   -3.414778e+01 -4.012376e+01 2.660000e+01
      vertex   -3.403395e+01 -4.040000e+01 2.632002e+01
    endloop
  endfacet
  facet normal 4.898830e-01 -5.127394e-01 7.050624e-01
    outer loop
      vertex   -3.403395e+01 -4.040000e+01 2.632002e+01
      vertex   -3.414778e+01 -4.012376e+01 2.660000e+01
      vertex   -3.428755e+01 -4.025729e+01 2.660000e+01
    endloop
  endfacet
  facet normal 5.042712e-01 -4.937898e-01 7.084365e-01
    outer loop
      vertex   -3.403395e+01 -4.040000e+01 2.632002e+01
      vertex   -3.428755e+01 -4.025729e+01 2.660000e+01
      vertex   -3.421804e+01 -4.040000e+01 2.645105e+01
    endloop
  endfacet
  facet normal 5.244139e-01 -4.791743e-01 7.038338e-01
    outer loop
      vertex   -3.421804e+01 -4.040000e+01 2.645105e+01
      vertex   -3.428755e+01 -4.025729e+01 2.660000e+01
      vertex   -3.441795e+01 -4.040000e+01 2.660000e+01
    endloop
  endfacet
  facet normal 0.000000e+00 -1.000000e+00 0.000000e+00
    outer loop
      vertex   -3.350000e+01 -6.425000e+01 2.810000e+01
      vertex   -3.350000e+01 -6.425000e+01 2.560000e+01
      vertex   -3.120000e+01 -6.425000e+01 2.660000e+01
    endloop
  endfacet
  facet normal 0.000000e+00 -1.000000e+00 -0.000000e+00
    outer loop
      vertex   -3.120000e+01 -6.425000e+01 2.660000e+01
      vertex   -3.350000e+01 -6.425000e+01 2.560000e+01
      vertex   -2.970000e+01 -6.425000e+01 2.560000e+01
    endloop
  endfacet
  facet normal 0.000000e+00 -1.000000e+00 0.000000e+00
    outer loop
      vertex   -3.120000e+01 -6.425000e+01 2.660000e+01
      vertex   -2.970000e+01 -6.425000e+01 2.560000e+01
      vertex   -2.970000e+01 -6.425000e+01 2.660000e+01
    endloop
  endfacet
  facet normal 0.000000e+00 -1.000000e+00 0.000000e+00
    outer loop
      vertex   -3.120000e+01 -6.425000e+01 2.660000e+01
      vertex   -3.120000e+01 -6.425000e+01 2.810000e+01
      vertex   -3.350000e+01 -6.425000e+01 2.810000e+01
    endloop
  endfacet
  facet normal 0.000000e+00 -1.000000e+00 0.000000e+00
    outer loop
      vertex   -6.880000e+01 -6.425000e+01 2.660000e+01
      vertex   -6.880000e+01 -6.425000e+01 2.560000e+01
      vertex   -6.730000e+01 -6.425000e+01 2.660000e+01
    endloop
  endfacet
  facet normal 0.000000e+00 -1.000000e+00 -0.000000e+00
    outer loop
      vertex   -6.730000e+01 -6.425000e+01 2.660000e+01
      vertex   -6.880000e+01 -6.425000e+01 2.560000e+01
      vertex   -6.500000e+01 -6.425000e+01 2.560000e+01
    endloop
  endfacet
  facet normal 0.000000e+00 -1.000000e+00 0.000000e+00
    outer loop
      vertex   -6.730000e+01 -6.425000e+01 2.660000e+01
      vertex   -6.500000e+01 -6.425000e+01 2.560000e+01
      vertex   -6.500000e+01 -6.425000e+01 2.810000e+01
    endloop
  endfacet
  facet normal -0.000000e+00 -1.000000e+00 0.000000e+00
    outer loop
      vertex   -6.500000e+01 -6.425000e+01 2.810000e+01
      vertex   -6.730000e+01 -6.425000e+01 2.810000e+01
      vertex   -6.730000e+01 -6.425000e+01 2.660000e+01
    endloop
  endfacet
  facet normal 0.000000e+00 -5.974731e-01 -8.018890e-01
    outer loop
      vertex   -3.040000e+01 -4.441795e+01 2.660000e+01
      vertex   -3.040000e+01 -4.421804e+01 2.645105e+01
      vertex   -2.970000e+01 -4.441795e+01 2.660000e+01
    endloop
  endfacet
  facet normal 3.988357e-15 -5.974731e-01 -8.018890e-01
    outer loop
      vertex   -2.970000e+01 -4.441795e+01 2.660000e+01
      vertex   -3.040000e+01 -4.421804e+01 2.645105e+01
      vertex   -2.970000e+01 -4.421804e+01 2.645105e+01
    endloop
  endfacet
  facet normal 3.503133e-15 -5.799012e-01 -8.146868e-01
    outer loop
      vertex   -2.970000e+01 -4.421804e+01 2.645105e+01
      vertex   -3.040000e+01 -4.421804e+01 2.645105e+01
      vertex   -3.040000e+01 -4.403395e+01 2.632002e+01
    endloop
  endfacet
  facet normal 4.130128e-15 -5.799012e-01 -8.146868e-01
    outer loop
      vertex   -2.970000e+01 -4.421804e+01 2.645105e+01
      vertex   -3.040000e+01 -4.403395e+01 2.632002e+01
      vertex   -2.970000e+01 -4.403395e+01 2.632002e+01
    endloop
  endfacet
  facet normal 4.240336e-15 -5.495150e-01 -8.354839e-01
    outer loop
      vertex   -2.970000e+01 -4.403395e+01 2.632002e+01
      vertex   -3.040000e+01 -4.403395e+01 2.632002e+01
      vertex   -3.040000e+01 -4.370403e+01 2.610302e+01
    endloop
  endfacet
  facet normal -2.897310e-15 -5.495150e-01 -8.354839e-01
    outer loop
      vertex   -2.970000e+01 -4.403395e+01 2.632002e+01
      vertex   -3.040000e+01 -4.370403e+01 2.610302e+01
      vertex   -2.970000e+01 -4.370403e+01 2.610302e+01
    endloop
  endfacet
  facet normal -3.721922e-15 -4.995914e-01 -8.662612e-01
    outer loop
      vertex   -2.970000e+01 -4.370403e+01 2.610302e+01
      vertex   -3.040000e+01 -4.370403e+01 2.610302e+01
      vertex   -3.040000e+01 -4.341337e+01 2.593539e+01
    endloop
  endfacet
  facet normal 5.081506e-15 -4.995914e-01 -8.662612e-01
    outer loop
      vertex   -2.970000e+01 -4.370403e+01 2.610302e+01
      vertex   -3.040000e+01 -4.341337e+01 2.593539e+01
      vertex   -2.970000e+01 -4.341337e+01 2.593539e+01
    endloop
  endfacet
  facet normal 4.441175e-15 -4.375279e-01 -8.992049e-01
    outer loop
      vertex   -2.970000e+01 -4.341337e+01 2.593539e+01
      vertex   -3.040000e+01 -4.341337e+01 2.593539e+01
      vertex   -3.040000e+01 -4.315128e+01 2.580787e+01
    endloop
  endfacet
  facet normal 2.570086e-18 -4.375279e-01 -8.992049e-01
    outer loop
      vertex   -2.970000e+01 -4.341337e+01 2.593539e+01
      vertex   -3.040000e+01 -4.315128e+01 2.580787e+01
      vertex   -2.970000e+01 -4.315128e+01 2.580787e+01
    endloop
  endfacet
  facet normal -0.000000e+00 -3.618266e-01 -9.322454e-01
    outer loop
      vertex   -2.970000e+01 -4.315128e+01 2.580787e+01
      vertex   -3.040000e+01 -4.315128e+01 2.580787e+01
      vertex   -3.040000e+01 -4.290975e+01 2.571412e+01
    endloop
  endfacet
  facet normal 1.101057e-14 -3.618266e-01 -9.322454e-01
    outer loop
      vertex   -2.970000e+01 -4.315128e+01 2.580787e+01
      vertex   -3.040000e+01 -4.290975e+01 2.571412e+01
      vertex   -2.970000e+01 -4.290975e+01 2.571412e+01
    endloop
  endfacet
  facet normal 8.282791e-15 -2.719965e-01 -9.622983e-01
    outer loop
      vertex   -2.970000e+01 -4.290975e+01 2.571412e+01
      vertex   -3.040000e+01 -4.290975e+01 2.571412e+01
      vertex   -3.040000e+01 -4.268242e+01 2.564987e+01
    endloop
  endfacet
  facet normal 2.995831e-18 -2.719965e-01 -9.622983e-01
    outer loop
      vertex   -2.970000e+01 -4.290975e+01 2.571412e+01
      vertex   -3.040000e+01 -4.268242e+01 2.564987e+01
      vertex   -2.970000e+01 -4.268242e+01 2.564987e+01
    endloop
  endfacet
  facet normal -0.000000e+00 -1.693501e-01 -9.855559e-01
    outer loop
      vertex   -2.970000e+01 -4.268242e+01 2.564987e+01
      vertex   -3.040000e+01 -4.268242e+01 2.564987e+01
      vertex   -3.040000e+01 -4.246405e+01 2.561234e+01
    endloop
  endfacet
  facet normal 3.439215e-15 -1.693501e-01 -9.855559e-01
    outer loop
      vertex   -2.970000e+01 -4.268242e+01 2.564987e+01
      vertex   -3.040000e+01 -4.246405e+01 2.561234e+01
      vertex   -2.970000e+01 -4.246405e+01 2.561234e+01
    endloop
  endfacet
  facet normal 1.168591e-15 -5.756260e-02 -9.983419e-01
    outer loop
      vertex   -2.970000e+01 -4.246405e+01 2.561234e+01
      vertex   -3.040000e+01 -4.246405e+01 2.561234e+01
      vertex   -3.040000e+01 -4.225000e+01 2.560000e+01
    endloop
  endfacet
  facet normal -3.899543e-19 -5.756260e-02 -9.983419e-01
    outer loop
      vertex   -2.970000e+01 -4.246405e+01 2.561234e+01
      vertex   -3.040000e+01 -4.225000e+01 2.560000e+01
      vertex   -2.970000e+01 -4.225000e+01 2.560000e+01
    endloop
  endfacet
  facet normal 0.000000e+00 -1.000000e+00 0.000000e+00
    outer loop
      vertex   -3.040000e+01 -4.225000e+01 2.560000e+01
      vertex   -3.040000e+01 -4.225000e+01 2.260000e+01
      vertex   -2.970000e+01 -4.225000e+01 2.560000e+01
    endloop
  endfacet
  facet normal 0.000000e+00 -1.000000e+00 -0.000000e+00
    outer loop
      vertex   -2.970000e+01 -4.225000e+01 2.560000e+01
      vertex   -3.040000e+01 -4.225000e+01 2.260000e+01
      vertex   -2.970000e+01 -4.225000e+01 2.260000e+01
    endloop
  endfacet
  facet normal 0.000000e+00 1.000000e+00 0.000000e+00
    outer loop
      vertex   -3.040000e+01 -7.625000e+01 2.260000e+01
      vertex   -3.040000e+01 -7.625000e+01 2.560000e+01
      vertex   -2.970000e+01 -7.625000e+01 2.260000e+01
    endloop
  endfacet
  facet normal 0.000000e+00 1.000000e+00 -0.000000e+00
    outer loop
      vertex   -2.970000e+01 -7.625000e+01 2.260000e+01
      vertex   -3.040000e+01 -7.625000e+01 2.560000e+01
      vertex   -2.970000e+01 -7.625000e+01 2.560000e+01
    endloop
  endfacet
  facet normal 0.000000e+00 5.756260e-02 -9.983419e-01
    outer loop
      vertex   -3.040000e+01 -7.625000e+01 2.560000e+01
      vertex   -3.040000e+01 -7.603595e+01 2.561234e+01
      vertex   -2.970000e+01 -7.625000e+01 2.560000e+01
    endloop
  endfacet
  facet normal 8.964545e-15 5.756260e-02 -9.983419e-01
    outer loop
      vertex   -2.970000e+01 -7.625000e+01 2.560000e+01
      vertex   -3.040000e+01 -7.603595e+01 2.561234e+01
      vertex   -2.970000e+01 -7.603595e+01 2.561234e+01
    endloop
  endfacet
  facet normal 6.565980e-15 1.693501e-01 -9.855559e-01
    outer loop
      vertex   -2.970000e+01 -7.603595e+01 2.561234e+01
      vertex   -3.040000e+01 -7.603595e+01 2.561234e+01
      vertex   -3.040000e+01 -7.581758e+01 2.564987e+01
    endloop
  endfacet
  facet normal 1.000537e-14 1.693501e-01 -9.855559e-01
    outer loop
      vertex   -2.970000e+01 -7.603595e+01 2.561234e+01
      vertex   -3.040000e+01 -7.581758e+01 2.564987e+01
      vertex   -2.970000e+01 -7.581758e+01 2.564987e+01
    endloop
  endfacet
  facet normal 9.767915e-15 2.719965e-01 -9.622983e-01
    outer loop
      vertex   -2.970000e+01 -7.581758e+01 2.564987e+01
      vertex   -3.040000e+01 -7.581758e+01 2.564987e+01
      vertex   -3.040000e+01 -7.559025e+01 2.571412e+01
    endloop
  endfacet
  facet normal 2.017664e-14 2.719965e-01 -9.622983e-01
    outer loop
      vertex   -2.970000e+01 -7.581758e+01 2.564987e+01
      vertex   -3.040000e+01 -7.559025e+01 2.571412e+01
      vertex   -2.970000e+01 -7.559025e+01 2.571412e+01
    endloop
  endfacet
  facet normal 2.153981e-14 3.618266e-01 -9.322454e-01
    outer loop
      vertex   -2.970000e+01 -7.559025e+01 2.571412e+01
      vertex   -3.040000e+01 -7.559025e+01 2.571412e+01
      vertex   -3.040000e+01 -7.534872e+01 2.580787e+01
    endloop
  endfacet
  facet normal 9.457836e-15 3.618266e-01 -9.322454e-01
    outer loop
      vertex   -2.970000e+01 -7.559025e+01 2.571412e+01
      vertex   -3.040000e+01 -7.534872e+01 2.580787e+01
      vertex   -2.970000e+01 -7.534872e+01 2.580787e+01
    endloop
  endfacet
  facet normal 9.127478e-15 4.375279e-01 -8.992049e-01
    outer loop
      vertex   -2.970000e+01 -7.534872e+01 2.580787e+01
      vertex   -3.040000e+01 -7.534872e+01 2.580787e+01
      vertex   -3.040000e+01 -7.508663e+01 2.593539e+01
    endloop
  endfacet
  facet normal -8.883475e-15 4.375279e-01 -8.992049e-01
    outer loop
      vertex   -2.970000e+01 -7.534872e+01 2.580787e+01
      vertex   -3.040000e+01 -7.508663e+01 2.593539e+01
      vertex   -2.970000e+01 -7.508663e+01 2.593539e+01
    endloop
  endfacet
  facet normal -1.014232e-14 4.995914e-01 -8.662612e-01
    outer loop
      vertex   -2.970000e+01 -7.508663e+01 2.593539e+01
      vertex   -3.040000e+01 -7.508663e+01 2.593539e+01
      vertex   -3.040000e+01 -7.479597e+01 2.610302e+01
    endloop
  endfacet
  facet normal 1.317489e-14 4.995914e-01 -8.662612e-01
    outer loop
      vertex   -2.970000e+01 -7.508663e+01 2.593539e+01
      vertex   -3.040000e+01 -7.479597e+01 2.610302e+01
      vertex   -2.970000e+01 -7.479597e+01 2.610302e+01
    endloop
  endfacet
  facet normal 1.272101e-14 5.495150e-01 -8.354839e-01
    outer loop
      vertex   -2.970000e+01 -7.479597e+01 2.610302e+01
      vertex   -3.040000e+01 -7.479597e+01 2.610302e+01
      vertex   -3.040000e+01 -7.446605e+01 2.632002e+01
    endloop
  endfacet
  facet normal -8.458976e-15 5.495150e-01 -8.354839e-01
    outer loop
      vertex   -2.970000e+01 -7.479597e+01 2.610302e+01
      vertex   -3.040000e+01 -7.446605e+01 2.632002e+01
      vertex   -2.970000e+01 -7.446605e+01 2.632002e+01
    endloop
  endfacet
  facet normal -8.269569e-15 5.799012e-01 -8.146868e-01
    outer loop
      vertex   -2.970000e+01 -7.446605e+01 2.632002e+01
      vertex   -3.040000e+01 -7.446605e+01 2.632002e+01
      vertex   -3.040000e+01 -7.428196e+01 2.645105e+01
    endloop
  endfacet
  facet normal 8.280195e-15 5.799012e-01 -8.146868e-01
    outer loop
      vertex   -2.970000e+01 -7.446605e+01 2.632002e+01
      vertex   -3.040000e+01 -7.428196e+01 2.645105e+01
      vertex   -2.970000e+01 -7.428196e+01 2.645105e+01
    endloop
  endfacet
  facet normal 8.139663e-15 5.974731e-01 -8.018890e-01
    outer loop
      vertex   -2.970000e+01 -7.428196e+01 2.645105e+01
      vertex   -3.040000e+01 -7.428196e+01 2.645105e+01
      vertex   -3.040000e+01 -7.408205e+01 2.660000e+01
    endloop
  endfacet
  facet normal -6.725188e-18 5.974731e-01 -8.018890e-01
    outer loop
      vertex   -2.970000e+01 -7.428196e+01 2.645105e+01
      vertex   -3.040000e+01 -7.408205e+01 2.660000e+01
      vertex   -2.970000e+01 -7.408205e+01 2.660000e+01
    endloop
  endfacet
  facet normal -5.974731e-01 1.239021e-04 -8.018890e-01
    outer loop
      vertex   -3.421804e+01 -7.810000e+01 2.645105e+01
      vertex   -3.422187e+01 -7.850000e+01 2.645385e+01
      vertex   -3.441795e+01 -7.810000e+01 2.660000e+01
    endloop
  endfacet
  facet normal -5.984126e-01 -5.928034e-04 -8.011879e-01
    outer loop
      vertex   -3.441795e+01 -7.810000e+01 2.660000e+01
      vertex   -3.422187e+01 -7.850000e+01 2.645385e+01
      vertex   -3.443741e+01 -7.850000e+01 2.661483e+01
    endloop
  endfacet
  facet normal -6.142680e-01 6.268968e-04 -7.890972e-01
    outer loop
      vertex   -3.441795e+01 -7.810000e+01 2.660000e+01
      vertex   -3.443741e+01 -7.850000e+01 2.661483e+01
      vertex   -3.467487e+01 -7.810000e+01 2.680000e+01
    endloop
  endfacet
  facet normal -6.149250e-01 -0.000000e+00 -7.885856e-01
    outer loop
      vertex   -3.467487e+01 -7.810000e+01 2.680000e+01
      vertex   -3.443741e+01 -7.850000e+01 2.661483e+01
      vertex   -3.467487e+01 -7.850000e+01 2.680000e+01
    endloop
  endfacet
  facet normal -5.799012e-01 -1.337952e-04 -8.146868e-01
    outer loop
      vertex   -3.421804e+01 -7.810000e+01 2.645105e+01
      vertex   -3.403395e+01 -7.810000e+01 2.632002e+01
      vertex   -3.422187e+01 -7.850000e+01 2.645385e+01
    endloop
  endfacet
  facet normal -5.796046e-01 -3.437330e-04 -8.148978e-01
    outer loop
      vertex   -3.422187e+01 -7.850000e+01 2.645385e+01
      vertex   -3.403395e+01 -7.810000e+01 2.632002e+01
      vertex   -3.402461e+01 -7.850000e+01 2.631354e+01
    endloop
  endfacet
  facet normal -5.582340e-01 3.946095e-04 -8.296834e-01
    outer loop
      vertex   -3.402461e+01 -7.850000e+01 2.631354e+01
      vertex   -3.403395e+01 -7.810000e+01 2.632002e+01
      vertex   -3.384267e+01 -7.850000e+01 2.619112e+01
    endloop
  endfacet
  facet normal -5.495036e-01 6.433091e-03 -8.354666e-01
    outer loop
      vertex   -3.384267e+01 -7.850000e+01 2.619112e+01
      vertex   -3.403395e+01 -7.810000e+01 2.632002e+01
      vertex   -3.370403e+01 -7.810000e+01 2.610302e+01
    endloop
  endfacet
  facet normal -5.209808e-01 -7.432470e-03 -8.535360e-01
    outer loop
      vertex   -3.384267e+01 -7.850000e+01 2.619112e+01
      vertex   -3.370403e+01 -7.810000e+01 2.610302e+01
      vertex   -3.351545e+01 -7.850000e+01 2.599140e+01
    endloop
  endfacet
  facet normal -4.995818e-01 6.202807e-03 -8.662445e-01
    outer loop
      vertex   -3.351545e+01 -7.850000e+01 2.599140e+01
      vertex   -3.370403e+01 -7.810000e+01 2.610302e+01
      vertex   -3.341337e+01 -7.810000e+01 2.593539e+01
    endloop
  endfacet
  facet normal -4.593490e-01 -7.142785e-03 -8.882272e-01
    outer loop
      vertex   -3.351545e+01 -7.850000e+01 2.599140e+01
      vertex   -3.341337e+01 -7.810000e+01 2.593539e+01
      vertex   -3.322522e+01 -7.850000e+01 2.584130e+01
    endloop
  endfacet
  facet normal -4.375207e-01 5.703082e-03 -8.991902e-01
    outer loop
      vertex   -3.322522e+01 -7.850000e+01 2.584130e+01
      vertex   -3.341337e+01 -7.810000e+01 2.593539e+01
      vertex   -3.315128e+01 -7.810000e+01 2.580787e+01
    endloop
  endfacet
  facet normal -3.825087e-01 -6.533709e-03 -9.239288e-01
    outer loop
      vertex   -3.322522e+01 -7.850000e+01 2.584130e+01
      vertex   -3.315128e+01 -7.810000e+01 2.580787e+01
      vertex   -3.296112e+01 -7.850000e+01 2.573197e+01
    endloop
  endfacet
  facet normal -3.618223e-01 4.876395e-03 -9.322343e-01
    outer loop
      vertex   -3.296112e+01 -7.850000e+01 2.573197e+01
      vertex   -3.315128e+01 -7.810000e+01 2.580787e+01
      vertex   -3.290975e+01 -7.810000e+01 2.571412e+01
    endloop
  endfacet
  facet normal -2.894091e-01 -5.538445e-03 -9.571895e-01
    outer loop
      vertex   -3.296112e+01 -7.850000e+01 2.573197e+01
      vertex   -3.290975e+01 -7.810000e+01 2.571412e+01
      vertex   -3.271487e+01 -7.850000e+01 2.565751e+01
    endloop
  endfacet
  facet normal -2.719946e-01 3.667689e-03 -9.622918e-01
    outer loop
      vertex   -3.271487e+01 -7.850000e+01 2.565751e+01
      vertex   -3.290975e+01 -7.810000e+01 2.571412e+01
      vertex   -3.268242e+01 -7.810000e+01 2.564987e+01
    endloop
  endfacet
  facet normal -1.811199e-01 -4.109261e-03 -9.834524e-01
    outer loop
      vertex   -3.271487e+01 -7.850000e+01 2.565751e+01
      vertex   -3.268242e+01 -7.810000e+01 2.564987e+01
      vertex   -3.247976e+01 -7.850000e+01 2.561421e+01
    endloop
  endfacet
  facet normal -1.693498e-01 2.041479e-03 -9.855539e-01
    outer loop
      vertex   -3.247976e+01 -7.850000e+01 2.561421e+01
      vertex   -3.268242e+01 -7.810000e+01 2.564987e+01
      vertex   -3.246405e+01 -7.810000e+01 2.561234e+01
    endloop
  endfacet
  facet normal -6.174079e-02 -2.243604e-03 -9.980897e-01
    outer loop
      vertex   -3.247976e+01 -7.850000e+01 2.561421e+01
      vertex   -3.246405e+01 -7.810000e+01 2.561234e+01
      vertex   -3.225000e+01 -7.850000e+01 2.560000e+01
    endloop
  endfacet
  facet normal -5.756260e-02 0.000000e+00 -9.983419e-01
    outer loop
      vertex   -3.225000e+01 -7.850000e+01 2.560000e+01
      vertex   -3.246405e+01 -7.810000e+01 2.561234e+01
      vertex   -3.225000e+01 -7.810000e+01 2.560000e+01
    endloop
  endfacet
  facet normal -1.000000e+00 -0.000000e+00 -0.000000e+00
    outer loop
      vertex   -3.225000e+01 -7.810000e+01 2.560000e+01
      vertex   -3.225000e+01 -7.810000e+01 2.260000e+01
      vertex   -3.225000e+01 -7.850000e+01 2.560000e+01
    endloop
  endfacet
  facet normal -1.000000e+00 0.000000e+00 -0.000000e+00
    outer loop
      vertex   -3.225000e+01 -7.850000e+01 2.560000e+01
      vertex   -3.225000e+01 -7.810000e+01 2.260000e+01
      vertex   -3.225000e+01 -7.850000e+01 2.260000e+01
    endloop
  endfacet
  facet normal 1.000000e+00 0.000000e+00 -0.000000e+00
    outer loop
      vertex   -6.625000e+01 -7.810000e+01 2.260000e+01
      vertex   -6.625000e+01 -7.810000e+01 2.560000e+01
      vertex   -6.625000e+01 -7.850000e+01 2.260000e+01
    endloop
  endfacet
  facet normal 1.000000e+00 0.000000e+00 0.000000e+00
    outer loop
      vertex   -6.625000e+01 -7.850000e+01 2.260000e+01
      vertex   -6.625000e+01 -7.810000e+01 2.560000e+01
      vertex   -6.625000e+01 -7.850000e+01 2.560000e+01
    endloop
  endfacet
  facet normal 5.756260e-02 0.000000e+00 -9.983419e-01
    outer loop
      vertex   -6.625000e+01 -7.810000e+01 2.560000e+01
      vertex   -6.603595e+01 -7.810000e+01 2.561234e+01
      vertex   -6.625000e+01 -7.850000e+01 2.560000e+01
    endloop
  endfacet
  facet normal 6.174079e-02 -2.243604e-03 -9.980897e-01
    outer loop
      vertex   -6.625000e+01 -7.850000e+01 2.560000e+01
      vertex   -6.603595e+01 -7.810000e+01 2.561234e+01
      vertex   -6.602024e+01 -7.850000e+01 2.561421e+01
    endloop
  endfacet
  facet normal 1.693498e-01 2.041479e-03 -9.855539e-01
    outer loop
      vertex   -6.602024e+01 -7.850000e+01 2.561421e+01
      vertex   -6.603595e+01 -7.810000e+01 2.561234e+01
      vertex   -6.581758e+01 -7.810000e+01 2.564987e+01
    endloop
  endfacet
  facet normal 1.811199e-01 -4.109261e-03 -9.834524e-01
    outer loop
      vertex   -6.602024e+01 -7.850000e+01 2.561421e+01
      vertex   -6.581758e+01 -7.810000e+01 2.564987e+01
      vertex   -6.578513e+01 -7.850000e+01 2.565751e+01
    endloop
  endfacet
  facet normal 2.719946e-01 3.667689e-03 -9.622918e-01
    outer loop
      vertex   -6.578513e+01 -7.850000e+01 2.565751e+01
      vertex   -6.581758e+01 -7.810000e+01 2.564987e+01
      vertex   -6.559025e+01 -7.810000e+01 2.571412e+01
    endloop
  endfacet
  facet normal 2.894091e-01 -5.538445e-03 -9.571895e-01
    outer loop
      vertex   -6.578513e+01 -7.850000e+01 2.565751e+01
      vertex   -6.559025e+01 -7.810000e+01 2.571412e+01
      vertex   -6.553888e+01 -7.850000e+01 2.573197e+01
    endloop
  endfacet
  facet normal 3.618223e-01 4.876395e-03 -9.322343e-01
    outer loop
      vertex   -6.553888e+01 -7.850000e+01 2.573197e+01
      vertex   -6.559025e+01 -7.810000e+01 2.571412e+01
      vertex   -6.534872e+01 -7.810000e+01 2.580787e+01
    endloop
  endfacet
  facet normal 3.825087e-01 -6.533709e-03 -9.239288e-01
    outer loop
      vertex   -6.553888e+01 -7.850000e+01 2.573197e+01
      vertex   -6.534872e+01 -7.810000e+01 2.580787e+01
      vertex   -6.527478e+01 -7.850000e+01 2.584130e+01
    endloop
  endfacet
  facet normal 4.375207e-01 5.703082e-03 -8.991902e-01
    outer loop
      vertex   -6.527478e+01 -7.850000e+01 2.584130e+01
      vertex   -6.534872e+01 -7.810000e+01 2.580787e+01
      vertex   -6.508663e+01 -7.810000e+01 2.593539e+01
    endloop
  endfacet
  facet normal 4.593490e-01 -7.142785e-03 -8.882272e-01
    outer loop
      vertex   -6.527478e+01 -7.850000e+01 2.584130e+01
      vertex   -6.508663e+01 -7.810000e+01 2.593539e+01
      vertex   -6.498455e+01 -7.850000e+01 2.599140e+01
    endloop
  endfacet
  facet normal 4.995818e-01 6.202807e-03 -8.662445e-01
    outer loop
      vertex   -6.498455e+01 -7.850000e+01 2.599140e+01
      vertex   -6.508663e+01 -7.810000e+01 2.593539e+01
      vertex   -6.479597e+01 -7.810000e+01 2.610302e+01
    endloop
  endfacet
  facet normal 5.209808e-01 -7.432470e-03 -8.535360e-01
    outer loop
      vertex   -6.498455e+01 -7.850000e+01 2.599140e+01
      vertex   -6.479597e+01 -7.810000e+01 2.610302e+01
      vertex   -6.465733e+01 -7.850000e+01 2.619112e+01
    endloop
  endfacet
  facet normal 5.495036e-01 6.433091e-03 -8.354666e-01
    outer loop
      vertex   -6.465733e+01 -7.850000e+01 2.619112e+01
      vertex   -6.479597e+01 -7.810000e+01 2.610302e+01
      vertex   -6.446605e+01 -7.810000e+01 2.632002e+01
    endloop
  endfacet
  facet normal 5.582340e-01 3.946095e-04 -8.296834e-01
    outer loop
      vertex   -6.465733e+01 -7.850000e+01 2.619112e+01
      vertex   -6.446605e+01 -7.810000e+01 2.632002e+01
      vertex   -6.447539e+01 -7.850000e+01 2.631354e+01
    endloop
  endfacet
  facet normal 5.796046e-01 -3.437330e-04 -8.148978e-01
    outer loop
      vertex   -6.447539e+01 -7.850000e+01 2.631354e+01
      vertex   -6.446605e+01 -7.810000e+01 2.632002e+01
      vertex   -6.427813e+01 -7.850000e+01 2.645385e+01
    endloop
  endfacet
  facet normal 5.799012e-01 -1.337952e-04 -8.146868e-01
    outer loop
      vertex   -6.427813e+01 -7.850000e+01 2.645385e+01
      vertex   -6.446605e+01 -7.810000e+01 2.632002e+01
      vertex   -6.428196e+01 -7.810000e+01 2.645105e+01
    endloop
  endfacet
  facet normal 5.974731e-01 1.239021e-04 -8.018890e-01
    outer loop
      vertex   -6.427813e+01 -7.850000e+01 2.645385e+01
      vertex   -6.428196e+01 -7.810000e+01 2.645105e+01
      vertex   -6.408205e+01 -7.810000e+01 2.660000e+01
    endloop
  endfacet
  facet normal 5.984126e-01 -5.928034e-04 -8.011879e-01
    outer loop
      vertex   -6.427813e+01 -7.850000e+01 2.645385e+01
      vertex   -6.408205e+01 -7.810000e+01 2.660000e+01
      vertex   -6.406259e+01 -7.850000e+01 2.661483e+01
    endloop
  endfacet
  facet normal 6.142680e-01 6.268968e-04 -7.890972e-01
    outer loop
      vertex   -6.406259e+01 -7.850000e+01 2.661483e+01
      vertex   -6.408205e+01 -7.810000e+01 2.660000e+01
      vertex   -6.382513e+01 -7.810000e+01 2.680000e+01
    endloop
  endfacet
  facet normal 6.149250e-01 6.789246e-18 -7.885856e-01
    outer loop
      vertex   -6.406259e+01 -7.850000e+01 2.661483e+01
      vertex   -6.382513e+01 -7.810000e+01 2.680000e+01
      vertex   -6.382513e+01 -7.850000e+01 2.680000e+01
    endloop
  endfacet
  facet normal 5.974731e-01 0.000000e+00 -8.018890e-01
    outer loop
      vertex   -6.408205e+01 -4.040000e+01 2.660000e+01
      vertex   -6.428196e+01 -4.040000e+01 2.645105e+01
      vertex   -6.408205e+01 -4.000000e+01 2.660000e+01
    endloop
  endfacet
  facet normal 5.974731e-01 -3.545723e-14 -8.018890e-01
    outer loop
      vertex   -6.408205e+01 -4.000000e+01 2.660000e+01
      vertex   -6.428196e+01 -4.040000e+01 2.645105e+01
      vertex   -6.428196e+01 -4.000000e+01 2.645105e+01
    endloop
  endfacet
  facet normal 5.799012e-01 -3.507397e-14 -8.146868e-01
    outer loop
      vertex   -6.428196e+01 -4.000000e+01 2.645105e+01
      vertex   -6.428196e+01 -4.040000e+01 2.645105e+01
      vertex   -6.446605e+01 -4.040000e+01 2.632002e+01
    endloop
  endfacet
  facet normal 5.799012e-01 -4.231279e-14 -8.146868e-01
    outer loop
      vertex   -6.428196e+01 -4.000000e+01 2.645105e+01
      vertex   -6.446605e+01 -4.040000e+01 2.632002e+01
      vertex   -6.446605e+01 -4.000000e+01 2.632002e+01
    endloop
  endfacet
  facet normal 5.495150e-01 -4.178446e-14 -8.354839e-01
    outer loop
      vertex   -6.446605e+01 -4.000000e+01 2.632002e+01
      vertex   -6.446605e+01 -4.040000e+01 2.632002e+01
      vertex   -6.479597e+01 -4.040000e+01 2.610302e+01
    endloop
  endfacet
  facet normal 5.495150e-01 -2.227130e-14 -8.354839e-01
    outer loop
      vertex   -6.446605e+01 -4.000000e+01 2.632002e+01
      vertex   -6.479597e+01 -4.040000e+01 2.610302e+01
      vertex   -6.479597e+01 -4.000000e+01 2.610302e+01
    endloop
  endfacet
  facet normal 4.995914e-01 -2.308183e-14 -8.662612e-01
    outer loop
      vertex   -6.479597e+01 -4.000000e+01 2.610302e+01
      vertex   -6.479597e+01 -4.040000e+01 2.610302e+01
      vertex   -6.508663e+01 -4.040000e+01 2.593539e+01
    endloop
  endfacet
  facet normal 4.995914e-01 -1.539750e-14 -8.662612e-01
    outer loop
      vertex   -6.479597e+01 -4.000000e+01 2.610302e+01
      vertex   -6.508663e+01 -4.040000e+01 2.593539e+01
      vertex   -6.508663e+01 -4.000000e+01 2.593539e+01
    endloop
  endfacet
  facet normal 4.375279e-01 -1.597309e-14 -8.992049e-01
    outer loop
      vertex   -6.508663e+01 -4.000000e+01 2.593539e+01
      vertex   -6.508663e+01 -4.040000e+01 2.593539e+01
      vertex   -6.534872e+01 -4.040000e+01 2.580787e+01
    endloop
  endfacet
  facet normal 4.375279e-01 -1.188915e-17 -8.992049e-01
    outer loop
      vertex   -6.508663e+01 -4.000000e+01 2.593539e+01
      vertex   -6.534872e+01 -4.040000e+01 2.580787e+01
      vertex   -6.534872e+01 -4.000000e+01 2.580787e+01
    endloop
  endfacet
  facet normal 3.618266e-01 0.000000e+00 -9.322454e-01
    outer loop
      vertex   -6.534872e+01 -4.000000e+01 2.580787e+01
      vertex   -6.534872e+01 -4.040000e+01 2.580787e+01
      vertex   -6.559025e+01 -4.040000e+01 2.571412e+01
    endloop
  endfacet
  facet normal 3.618266e-01 1.406513e-17 -9.322454e-01
    outer loop
      vertex   -6.534872e+01 -4.000000e+01 2.580787e+01
      vertex   -6.559025e+01 -4.040000e+01 2.571412e+01
      vertex   -6.559025e+01 -4.000000e+01 2.571412e+01
    endloop
  endfacet
  facet normal 2.719965e-01 0.000000e+00 -9.622983e-01
    outer loop
      vertex   -6.559025e+01 -4.000000e+01 2.571412e+01
      vertex   -6.559025e+01 -4.040000e+01 2.571412e+01
      vertex   -6.581758e+01 -4.040000e+01 2.564987e+01
    endloop
  endfacet
  facet normal 2.719965e-01 1.931902e-14 -9.622983e-01
    outer loop
      vertex   -6.559025e+01 -4.000000e+01 2.571412e+01
      vertex   -6.581758e+01 -4.040000e+01 2.564987e+01
      vertex   -6.581758e+01 -4.000000e+01 2.564987e+01
    endloop
  endfacet
  facet normal 1.693501e-01 1.203305e-14 -9.855559e-01
    outer loop
      vertex   -6.581758e+01 -4.000000e+01 2.564987e+01
      vertex   -6.581758e+01 -4.040000e+01 2.564987e+01
      vertex   -6.603595e+01 -4.040000e+01 2.561234e+01
    endloop
  endfacet
  facet normal 1.693501e-01 -1.477048e-14 -9.855559e-01
    outer loop
      vertex   -6.581758e+01 -4.000000e+01 2.564987e+01
      vertex   -6.603595e+01 -4.040000e+01 2.561234e+01
      vertex   -6.603595e+01 -4.000000e+01 2.561234e+01
    endloop
  endfacet
  facet normal 5.756260e-02 -1.091209e-14 -9.983419e-01
    outer loop
      vertex   -6.603595e+01 -4.000000e+01 2.561234e+01
      vertex   -6.603595e+01 -4.040000e+01 2.561234e+01
      vertex   -6.625000e+01 -4.040000e+01 2.560000e+01
    endloop
  endfacet
  facet normal 5.756260e-02 -1.404870e-18 -9.983419e-01
    outer loop
      vertex   -6.603595e+01 -4.000000e+01 2.561234e+01
      vertex   -6.625000e+01 -4.040000e+01 2.560000e+01
      vertex   -6.625000e+01 -4.000000e+01 2.560000e+01
    endloop
  endfacet
  facet normal 1.000000e+00 -0.000000e+00 0.000000e+00
    outer loop
      vertex   -6.625000e+01 -4.040000e+01 2.560000e+01
      vertex   -6.625000e+01 -4.040000e+01 2.260000e+01
      vertex   -6.625000e+01 -4.000000e+01 2.560000e+01
    endloop
  endfacet
  facet normal 1.000000e+00 0.000000e+00 0.000000e+00
    outer loop
      vertex   -6.625000e+01 -4.000000e+01 2.560000e+01
      vertex   -6.625000e+01 -4.040000e+01 2.260000e+01
      vertex   -6.625000e+01 -4.000000e+01 2.260000e+01
    endloop
  endfacet
  facet normal -1.000000e+00 1.776357e-14 2.368476e-15
    outer loop
      vertex   -3.225000e+01 -4.040000e+01 2.260000e+01
      vertex   -3.225000e+01 -4.040000e+01 2.560000e+01
      vertex   -3.225000e+01 -4.000000e+01 2.260000e+01
    endloop
  endfacet
  facet normal -1.000000e+00 0.000000e+00 0.000000e+00
    outer loop
      vertex   -3.225000e+01 -4.000000e+01 2.260000e+01
      vertex   -3.225000e+01 -4.040000e+01 2.560000e+01
      vertex   -3.225000e+01 -4.000000e+01 2.560000e+01
    endloop
  endfacet
  facet normal -5.756260e-02 0.000000e+00 -9.983419e-01
    outer loop
      vertex   -3.225000e+01 -4.040000e+01 2.560000e+01
      vertex   -3.246405e+01 -4.040000e+01 2.561234e+01
      vertex   -3.225000e+01 -4.000000e+01 2.560000e+01
    endloop
  endfacet
  facet normal -5.756260e-02 -1.022469e-15 -9.983419e-01
    outer loop
      vertex   -3.225000e+01 -4.000000e+01 2.560000e+01
      vertex   -3.246405e+01 -4.040000e+01 2.561234e+01
      vertex   -3.246405e+01 -4.000000e+01 2.561234e+01
    endloop
  endfacet
  facet normal -1.693501e-01 -3.008263e-15 -9.855559e-01
    outer loop
      vertex   -3.246405e+01 -4.000000e+01 2.561234e+01
      vertex   -3.246405e+01 -4.040000e+01 2.561234e+01
      vertex   -3.268242e+01 -4.040000e+01 2.564987e+01
    endloop
  endfacet
  facet normal -1.693501e-01 -8.749829e-15 -9.855559e-01
    outer loop
      vertex   -3.246405e+01 -4.000000e+01 2.561234e+01
      vertex   -3.268242e+01 -4.040000e+01 2.564987e+01
      vertex   -3.268242e+01 -4.000000e+01 2.564987e+01
    endloop
  endfacet
  facet normal -2.719965e-01 -8.546925e-15 -9.622983e-01
    outer loop
      vertex   -3.268242e+01 -4.000000e+01 2.564987e+01
      vertex   -3.268242e+01 -4.040000e+01 2.564987e+01
      vertex   -3.290975e+01 -4.040000e+01 2.571412e+01
    endloop
  endfacet
  facet normal -2.719965e-01 1.337588e-14 -9.622983e-01
    outer loop
      vertex   -3.268242e+01 -4.000000e+01 2.564987e+01
      vertex   -3.290975e+01 -4.040000e+01 2.571412e+01
      vertex   -3.290975e+01 -4.000000e+01 2.571412e+01
    endloop
  endfacet
  facet normal -3.618266e-01 1.470733e-14 -9.322454e-01
    outer loop
      vertex   -3.290975e+01 -4.000000e+01 2.571412e+01
      vertex   -3.290975e+01 -4.040000e+01 2.571412e+01
      vertex   -3.315128e+01 -4.040000e+01 2.580787e+01
    endloop
  endfacet
  facet normal -3.618266e-01 -1.350413e-17 -9.322454e-01
    outer loop
      vertex   -3.290975e+01 -4.000000e+01 2.571412e+01
      vertex   -3.315128e+01 -4.040000e+01 2.580787e+01
      vertex   -3.315128e+01 -4.000000e+01 2.580787e+01
    endloop
  endfacet
  facet normal -4.375279e-01 -0.000000e+00 -8.992049e-01
    outer loop
      vertex   -3.315128e+01 -4.000000e+01 2.580787e+01
      vertex   -3.315128e+01 -4.040000e+01 2.580787e+01
      vertex   -3.341337e+01 -4.040000e+01 2.593539e+01
    endloop
  endfacet
  facet normal -4.375279e-01 1.553495e-14 -8.992049e-01
    outer loop
      vertex   -3.315128e+01 -4.000000e+01 2.580787e+01
      vertex   -3.341337e+01 -4.040000e+01 2.593539e+01
      vertex   -3.341337e+01 -4.000000e+01 2.593539e+01
    endloop
  endfacet
  facet normal -4.995914e-01 1.774905e-14 -8.662612e-01
    outer loop
      vertex   -3.341337e+01 -4.000000e+01 2.593539e+01
      vertex   -3.341337e+01 -4.040000e+01 2.593539e+01
      vertex   -3.370403e+01 -4.040000e+01 2.610302e+01
    endloop
  endfacet
  facet normal -4.995914e-01 3.197758e-14 -8.662612e-01
    outer loop
      vertex   -3.341337e+01 -4.000000e+01 2.593539e+01
      vertex   -3.370403e+01 -4.040000e+01 2.610302e+01
      vertex   -3.370403e+01 -4.000000e+01 2.610302e+01
    endloop
  endfacet
  facet normal -5.495150e-01 3.202311e-14 -8.354839e-01
    outer loop
      vertex   -3.370403e+01 -4.000000e+01 2.610302e+01
      vertex   -3.370403e+01 -4.040000e+01 2.610302e+01
      vertex   -3.403395e+01 -4.040000e+01 2.632002e+01
    endloop
  endfacet
  facet normal -5.495150e-01 5.107165e-15 -8.354839e-01
    outer loop
      vertex   -3.370403e+01 -4.000000e+01 2.610302e+01
      vertex   -3.403395e+01 -4.040000e+01 2.632002e+01
      vertex   -3.403395e+01 -4.000000e+01 2.632002e+01
    endloop
  endfacet
  facet normal -5.799012e-01 4.170631e-15 -8.146868e-01
    outer loop
      vertex   -3.403395e+01 -4.000000e+01 2.632002e+01
      vertex   -3.403395e+01 -4.040000e+01 2.632002e+01
      vertex   -3.421804e+01 -4.040000e+01 2.645105e+01
    endloop
  endfacet
  facet normal -5.799012e-01 3.617186e-14 -8.146868e-01
    outer loop
      vertex   -3.403395e+01 -4.000000e+01 2.632002e+01
      vertex   -3.421804e+01 -4.040000e+01 2.645105e+01
      vertex   -3.421804e+01 -4.000000e+01 2.645105e+01
    endloop
  endfacet
  facet normal -5.974731e-01 3.561102e-14 -8.018890e-01
    outer loop
      vertex   -3.421804e+01 -4.000000e+01 2.645105e+01
      vertex   -3.421804e+01 -4.040000e+01 2.645105e+01
      vertex   -3.441795e+01 -4.040000e+01 2.660000e+01
    endloop
  endfacet
  facet normal -5.974731e-01 -5.750653e-18 -8.018890e-01
    outer loop
      vertex   -3.421804e+01 -4.000000e+01 2.645105e+01
      vertex   -3.441795e+01 -4.040000e+01 2.660000e+01
      vertex   -3.441795e+01 -4.000000e+01 2.660000e+01
    endloop
  endfacet
  facet normal 0.000000e+00 5.974731e-01 -8.018890e-01
    outer loop
      vertex   -6.810000e+01 -7.408205e+01 2.660000e+01
      vertex   -6.810000e+01 -7.428196e+01 2.645105e+01
      vertex   -6.880000e+01 -7.408205e+01 2.660000e+01
    endloop
  endfacet
  facet normal 3.991183e-15 5.974731e-01 -8.018890e-01
    outer loop
      vertex   -6.880000e+01 -7.408205e+01 2.660000e+01
      vertex   -6.810000e+01 -7.428196e+01 2.645105e+01
      vertex   -6.880000e+01 -7.428196e+01 2.645105e+01
    endloop
  endfacet
  facet normal 3.503133e-15 5.799012e-01 -8.146868e-01
    outer loop
      vertex   -6.880000e+01 -7.428196e+01 2.645105e+01
      vertex   -6.810000e+01 -7.428196e+01 2.645105e+01
      vertex   -6.810000e+01 -7.446605e+01 2.632002e+01
    endloop
  endfacet
  facet normal -2.003724e-14 5.799012e-01 -8.146868e-01
    outer loop
      vertex   -6.880000e+01 -7.428196e+01 2.645105e+01
      vertex   -6.810000e+01 -7.446605e+01 2.632002e+01
      vertex   -6.880000e+01 -7.446605e+01 2.632002e+01
    endloop
  endfacet
  facet normal -1.963650e-14 5.495150e-01 -8.354839e-01
    outer loop
      vertex   -6.880000e+01 -7.446605e+01 2.632002e+01
      vertex   -6.810000e+01 -7.446605e+01 2.632002e+01
      vertex   -6.810000e+01 -7.479597e+01 2.610302e+01
    endloop
  endfacet
  facet normal -6.908048e-15 5.495150e-01 -8.354839e-01
    outer loop
      vertex   -6.880000e+01 -7.446605e+01 2.632002e+01
      vertex   -6.810000e+01 -7.479597e+01 2.610302e+01
      vertex   -6.880000e+01 -7.479597e+01 2.610302e+01
    endloop
  endfacet
  facet normal -5.745775e-15 4.995914e-01 -8.662612e-01
    outer loop
      vertex   -6.880000e+01 -7.479597e+01 2.610302e+01
      vertex   -6.810000e+01 -7.479597e+01 2.610302e+01
      vertex   -6.810000e+01 -7.508663e+01 2.593539e+01
    endloop
  endfacet
  facet normal -8.798569e-15 4.995914e-01 -8.662612e-01
    outer loop
      vertex   -6.880000e+01 -7.479597e+01 2.610302e+01
      vertex   -6.810000e+01 -7.508663e+01 2.593539e+01
      vertex   -6.880000e+01 -7.508663e+01 2.593539e+01
    endloop
  endfacet
  facet normal -9.127478e-15 4.375279e-01 -8.992049e-01
    outer loop
      vertex   -6.880000e+01 -7.508663e+01 2.593539e+01
      vertex   -6.810000e+01 -7.508663e+01 2.593539e+01
      vertex   -6.810000e+01 -7.534872e+01 2.580787e+01
    endloop
  endfacet
  facet normal 1.801009e-14 4.375279e-01 -8.992049e-01
    outer loop
      vertex   -6.880000e+01 -7.508663e+01 2.593539e+01
      vertex   -6.810000e+01 -7.534872e+01 2.580787e+01
      vertex   -6.880000e+01 -7.534872e+01 2.580787e+01
    endloop
  endfacet
  facet normal 1.680838e-14 3.618266e-01 -9.322454e-01
    outer loop
      vertex   -6.880000e+01 -7.534872e+01 2.580787e+01
      vertex   -6.810000e+01 -7.534872e+01 2.580787e+01
      vertex   -6.810000e+01 -7.559025e+01 2.571412e+01
    endloop
  endfacet
  facet normal 9.463886e-15 3.618266e-01 -9.322454e-01
    outer loop
      vertex   -6.880000e+01 -7.534872e+01 2.580787e+01
      vertex   -6.810000e+01 -7.559025e+01 2.571412e+01
      vertex   -6.880000e+01 -7.559025e+01 2.571412e+01
    endloop
  endfacet
  facet normal 9.767915e-15 2.719965e-01 -9.622983e-01
    outer loop
      vertex   -6.880000e+01 -7.559025e+01 2.571412e+01
      vertex   -6.810000e+01 -7.559025e+01 2.571412e+01
      vertex   -6.810000e+01 -7.581758e+01 2.564987e+01
    endloop
  endfacet
  facet normal -4.887665e-15 2.719965e-01 -9.622983e-01
    outer loop
      vertex   -6.880000e+01 -7.559025e+01 2.571412e+01
      vertex   -6.810000e+01 -7.581758e+01 2.564987e+01
      vertex   -6.880000e+01 -7.581758e+01 2.564987e+01
    endloop
  endfacet
  facet normal -5.001997e-15 1.693501e-01 -9.855559e-01
    outer loop
      vertex   -6.880000e+01 -7.581758e+01 2.564987e+01
      vertex   -6.810000e+01 -7.581758e+01 2.564987e+01
      vertex   -6.810000e+01 -7.603595e+01 2.561234e+01
    endloop
  endfacet
  facet normal -4.997313e-15 1.693501e-01 -9.855559e-01
    outer loop
      vertex   -6.880000e+01 -7.581758e+01 2.564987e+01
      vertex   -6.810000e+01 -7.603595e+01 2.561234e+01
      vertex   -6.880000e+01 -7.603595e+01 2.561234e+01
    endloop
  endfacet
  facet normal -5.066890e-15 5.756260e-02 -9.983419e-01
    outer loop
      vertex   -6.880000e+01 -7.603595e+01 2.561234e+01
      vertex   -6.810000e+01 -7.603595e+01 2.561234e+01
      vertex   -6.810000e+01 -7.625000e+01 2.560000e+01
    endloop
  endfacet
  facet normal 2.179499e-19 5.756260e-02 -9.983419e-01
    outer loop
      vertex   -6.880000e+01 -7.603595e+01 2.561234e+01
      vertex   -6.810000e+01 -7.625000e+01 2.560000e+01
      vertex   -6.880000e+01 -7.625000e+01 2.560000e+01
    endloop
  endfacet
  facet normal 0.000000e+00 1.000000e+00 0.000000e+00
    outer loop
      vertex   -6.810000e+01 -7.625000e+01 2.560000e+01
      vertex   -6.810000e+01 -7.625000e+01 2.260000e+01
      vertex   -6.880000e+01 -7.625000e+01 2.560000e+01
    endloop
  endfacet
  facet normal 0.000000e+00 1.000000e+00 0.000000e+00
    outer loop
      vertex   -6.880000e+01 -7.625000e+01 2.560000e+01
      vertex   -6.810000e+01 -7.625000e+01 2.260000e+01
      vertex   -6.880000e+01 -7.625000e+01 2.260000e+01
    endloop
  endfacet
  facet normal -2.030122e-14 -1.000000e+00 4.736952e-15
    outer loop
      vertex   -6.810000e+01 -4.225000e+01 2.260000e+01
      vertex   -6.810000e+01 -4.225000e+01 2.560000e+01
      vertex   -6.880000e+01 -4.225000e+01 2.260000e+01
    endloop
  endfacet
  facet normal 0.000000e+00 -1.000000e+00 0.000000e+00
    outer loop
      vertex   -6.880000e+01 -4.225000e+01 2.260000e+01
      vertex   -6.810000e+01 -4.225000e+01 2.560000e+01
      vertex   -6.880000e+01 -4.225000e+01 2.560000e+01
    endloop
  endfacet
  facet normal -0.000000e+00 -5.756260e-02 -9.983419e-01
    outer loop
      vertex   -6.810000e+01 -4.225000e+01 2.560000e+01
      vertex   -6.810000e+01 -4.246405e+01 2.561234e+01
      vertex   -6.880000e+01 -4.225000e+01 2.560000e+01
    endloop
  endfacet
  facet normal -1.337947e-18 -5.756260e-02 -9.983419e-01
    outer loop
      vertex   -6.880000e+01 -4.225000e+01 2.560000e+01
      vertex   -6.810000e+01 -4.246405e+01 2.561234e+01
      vertex   -6.880000e+01 -4.246405e+01 2.561234e+01
    endloop
  endfacet
  facet normal 0.000000e+00 -1.693501e-01 -9.855559e-01
    outer loop
      vertex   -6.880000e+01 -4.246405e+01 2.561234e+01
      vertex   -6.810000e+01 -4.246405e+01 2.561234e+01
      vertex   -6.810000e+01 -4.268242e+01 2.564987e+01
    endloop
  endfacet
  facet normal 1.718452e-15 -1.693501e-01 -9.855559e-01
    outer loop
      vertex   -6.880000e+01 -4.246405e+01 2.561234e+01
      vertex   -6.810000e+01 -4.268242e+01 2.564987e+01
      vertex   -6.880000e+01 -4.268242e+01 2.564987e+01
    endloop
  endfacet
  facet normal 2.760930e-15 -2.719965e-01 -9.622983e-01
    outer loop
      vertex   -6.880000e+01 -4.268242e+01 2.564987e+01
      vertex   -6.810000e+01 -4.268242e+01 2.564987e+01
      vertex   -6.810000e+01 -4.290975e+01 2.571412e+01
    endloop
  endfacet
  facet normal 4.884366e-15 -2.719965e-01 -9.622983e-01
    outer loop
      vertex   -6.880000e+01 -4.268242e+01 2.564987e+01
      vertex   -6.810000e+01 -4.290975e+01 2.571412e+01
      vertex   -6.880000e+01 -4.290975e+01 2.571412e+01
    endloop
  endfacet
  facet normal 4.731430e-15 -3.618266e-01 -9.322454e-01
    outer loop
      vertex   -6.880000e+01 -4.290975e+01 2.571412e+01
      vertex   -6.810000e+01 -4.290975e+01 2.571412e+01
      vertex   -6.810000e+01 -4.315128e+01 2.580787e+01
    endloop
  endfacet
  facet normal 4.736313e-15 -3.618266e-01 -9.322454e-01
    outer loop
      vertex   -6.880000e+01 -4.290975e+01 2.571412e+01
      vertex   -6.810000e+01 -4.315128e+01 2.580787e+01
      vertex   -6.880000e+01 -4.315128e+01 2.580787e+01
    endloop
  endfacet
  facet normal 4.563739e-15 -4.375279e-01 -8.992049e-01
    outer loop
      vertex   -6.880000e+01 -4.315128e+01 2.580787e+01
      vertex   -6.810000e+01 -4.315128e+01 2.580787e+01
      vertex   -6.810000e+01 -4.341337e+01 2.593539e+01
    endloop
  endfacet
  facet normal -4.575340e-15 -4.375279e-01 -8.992049e-01
    outer loop
      vertex   -6.880000e+01 -4.315128e+01 2.580787e+01
      vertex   -6.810000e+01 -4.341337e+01 2.593539e+01
      vertex   -6.880000e+01 -4.341337e+01 2.593539e+01
    endloop
  endfacet
  facet normal -4.396540e-15 -4.995914e-01 -8.662612e-01
    outer loop
      vertex   -6.880000e+01 -4.341337e+01 2.593539e+01
      vertex   -6.810000e+01 -4.341337e+01 2.593539e+01
      vertex   -6.810000e+01 -4.370403e+01 2.610302e+01
    endloop
  endfacet
  facet normal 5.056674e-18 -4.995914e-01 -8.662612e-01
    outer loop
      vertex   -6.880000e+01 -4.341337e+01 2.593539e+01
      vertex   -6.810000e+01 -4.370403e+01 2.610302e+01
      vertex   -6.880000e+01 -4.370403e+01 2.610302e+01
    endloop
  endfacet
  facet normal 0.000000e+00 -5.495150e-01 -8.354839e-01
    outer loop
      vertex   -6.880000e+01 -4.370403e+01 2.610302e+01
      vertex   -6.810000e+01 -4.370403e+01 2.610302e+01
      vertex   -6.810000e+01 -4.403395e+01 2.632002e+01
    endloop
  endfacet
  facet normal -6.890700e-15 -5.495150e-01 -8.354839e-01
    outer loop
      vertex   -6.880000e+01 -4.370403e+01 2.610302e+01
      vertex   -6.810000e+01 -4.403395e+01 2.632002e+01
      vertex   -6.880000e+01 -4.403395e+01 2.632002e+01
    endloop
  endfacet
  facet normal -7.637917e-15 -5.799012e-01 -8.146868e-01
    outer loop
      vertex   -6.880000e+01 -4.403395e+01 2.632002e+01
      vertex   -6.810000e+01 -4.403395e+01 2.632002e+01
      vertex   -6.810000e+01 -4.421804e+01 2.645105e+01
    endloop
  endfacet
  facet normal 1.241365e-14 -5.799012e-01 -8.146868e-01
    outer loop
      vertex   -6.880000e+01 -4.403395e+01 2.632002e+01
      vertex   -6.810000e+01 -4.421804e+01 2.645105e+01
      vertex   -6.880000e+01 -4.421804e+01 2.645105e+01
    endloop
  endfacet
  facet normal 1.220949e-14 -5.974731e-01 -8.018890e-01
    outer loop
      vertex   -6.880000e+01 -4.421804e+01 2.645105e+01
      vertex   -6.810000e+01 -4.421804e+01 2.645105e+01
      vertex   -6.810000e+01 -4.441795e+01 2.660000e+01
    endloop
  endfacet
  facet normal 5.323928e-18 -5.974731e-01 -8.018890e-01
    outer loop
      vertex   -6.880000e+01 -4.421804e+01 2.645105e+01
      vertex   -6.810000e+01 -4.441795e+01 2.660000e+01
      vertex   -6.880000e+01 -4.441795e+01 2.660000e+01
    endloop
  endfacet
  facet normal 0.000000e+00 9.473903e-16 -1.000000e+00
    outer loop
      vertex   -3.120000e+01 -6.425000e+01 2.660000e+01
      vertex   -2.970000e+01 -6.425000e+01 2.660000e+01
      vertex   -3.120000e+01 -6.800000e+01 2.660000e+01
    endloop
  endfacet
  facet normal 1.465126e-15 3.613400e-16 -1.000000e+00
    outer loop
      vertex   -3.120000e+01 -6.800000e+01 2.660000e+01
      vertex   -2.970000e+01 -6.425000e+01 2.660000e+01
      vertex   -2.970000e+01 -7.408205e+01 2.660000e+01
    endloop
  endfacet
  facet normal 0.000000e+00 0.000000e+00 -1.000000e+00
    outer loop
      vertex   -3.120000e+01 -6.800000e+01 2.660000e+01
      vertex   -2.970000e+01 -7.408205e+01 2.660000e+01
      vertex   -3.040000e+01 -7.408205e+01 2.660000e+01
    endloop
  endfacet
  facet normal -0.000000e+00 0.000000e+00 -1.000000e+00
    outer loop
      vertex   -3.005323e+01 -7.443432e+01 2.660000e+01
      vertex   -4.050000e+01 -7.730000e+01 2.660000e+01
      vertex   -3.040000e+01 -7.408205e+01 2.660000e+01
    endloop
  endfacet
  facet normal -0.000000e+00 0.000000e+00 -1.000000e+00
    outer loop
      vertex   -3.040000e+01 -7.408205e+01 2.660000e+01
      vertex   -4.050000e+01 -7.730000e+01 2.660000e+01
      vertex   -4.050000e+01 -7.225000e+01 2.660000e+01
    endloop
  endfacet
  facet normal 0.000000e+00 0.000000e+00 -1.000000e+00
    outer loop
      vertex   -3.040000e+01 -7.408205e+01 2.660000e+01
      vertex   -4.050000e+01 -7.225000e+01 2.660000e+01
      vertex   -4.045674e+01 -7.164516e+01 2.660000e+01
    endloop
  endfacet
  facet normal 0.000000e+00 -0.000000e+00 -1.000000e+00
    outer loop
      vertex   -3.005323e+01 -7.443432e+01 2.660000e+01
      vertex   -2.977254e+01 -7.484120e+01 2.660000e+01
      vertex   -4.050000e+01 -7.730000e+01 2.660000e+01
    endloop
  endfacet
  facet normal 0.000000e+00 0.000000e+00 -1.000000e+00
    outer loop
      vertex   -4.050000e+01 -7.730000e+01 2.660000e+01
      vertex   -2.977254e+01 -7.484120e+01 2.660000e+01
      vertex   -2.956638e+01 -7.529047e+01 2.660000e+01
    endloop
  endfacet
  facet normal 0.000000e+00 0.000000e+00 -1.000000e+00
    outer loop
      vertex   -4.050000e+01 -7.730000e+01 2.660000e+01
      vertex   -2.956638e+01 -7.529047e+01 2.660000e+01
      vertex   -2.944095e+01 -7.576859e+01 2.660000e+01
    endloop
  endfacet
  facet normal 2.995732e-16 -2.163367e-15 -1.000000e+00
    outer loop
      vertex   -4.050000e+01 -7.730000e+01 2.660000e+01
      vertex   -2.944095e+01 -7.576859e+01 2.660000e+01
      vertex   -3.441795e+01 -7.810000e+01 2.660000e+01
    endloop
  endfacet
  facet normal -6.870843e-16 -5.708914e-17 -1.000000e+00
    outer loop
      vertex   -3.441795e+01 -7.810000e+01 2.660000e+01
      vertex   -2.944095e+01 -7.576859e+01 2.660000e+01
      vertex   -2.940002e+01 -7.626120e+01 2.660000e+01
    endloop
  endfacet
  facet normal -7.324313e-16 6.665917e-17 -1.000000e+00
    outer loop
      vertex   -3.441795e+01 -7.810000e+01 2.660000e+01
      vertex   -2.940002e+01 -7.626120e+01 2.660000e+01
      vertex   -2.944482e+01 -7.675348e+01 2.660000e+01
    endloop
  endfacet
  facet normal -7.708980e-16 2.087284e-16 -1.000000e+00
    outer loop
      vertex   -2.944482e+01 -7.675348e+01 2.660000e+01
      vertex   -2.957401e+01 -7.723060e+01 2.660000e+01
      vertex   -3.441795e+01 -7.810000e+01 2.660000e+01
    endloop
  endfacet
  facet normal -8.007595e-16 3.751049e-16 -1.000000e+00
    outer loop
      vertex   -3.441795e+01 -7.810000e+01 2.660000e+01
      vertex   -2.957401e+01 -7.723060e+01 2.660000e+01
      vertex   -2.978370e+01 -7.767823e+01 2.660000e+01
    endloop
  endfacet
  facet normal -8.189038e-16 5.744694e-16 -1.000000e+00
    outer loop
      vertex   -3.441795e+01 -7.810000e+01 2.660000e+01
      vertex   -2.978370e+01 -7.767823e+01 2.660000e+01
      vertex   -3.006757e+01 -7.808290e+01 2.660000e+01
    endloop
  endfacet
  facet normal -8.198685e-16 8.198685e-16 -1.000000e+00
    outer loop
      vertex   -3.006757e+01 -7.808290e+01 2.660000e+01
      vertex   -3.041710e+01 -7.843243e+01 2.660000e+01
      vertex   -3.441795e+01 -7.810000e+01 2.660000e+01
    endloop
  endfacet
  facet normal -4.011491e-17 1.020443e-14 -1.000000e+00
    outer loop
      vertex   -3.441795e+01 -7.810000e+01 2.660000e+01
      vertex   -3.041710e+01 -7.843243e+01 2.660000e+01
      vertex   -3.406568e+01 -7.844677e+01 2.660000e+01
    endloop
  endfacet
  facet normal 0.000000e+00 0.000000e+00 -1.000000e+00
    outer loop
      vertex   -3.406568e+01 -7.844677e+01 2.660000e+01
      vertex   -3.041710e+01 -7.843243e+01 2.660000e+01
      vertex   -3.082177e+01 -7.871630e+01 2.660000e+01
    endloop
  endfacet
  facet normal 0.000000e+00 0.000000e+00 -1.000000e+00
    outer loop
      vertex   -3.406568e+01 -7.844677e+01 2.660000e+01
      vertex   -3.082177e+01 -7.871630e+01 2.660000e+01
      vertex   -3.365880e+01 -7.872746e+01 2.660000e+01
    endloop
  endfacet
  facet normal 0.000000e+00 0.000000e+00 -1.000000e+00
    outer loop
      vertex   -3.365880e+01 -7.872746e+01 2.660000e+01
      vertex   -3.082177e+01 -7.871630e+01 2.660000e+01
      vertex   -3.126940e+01 -7.892599e+01 2.660000e+01
    endloop
  endfacet
  facet normal 0.000000e+00 0.000000e+00 -1.000000e+00
    outer loop
      vertex   -3.365880e+01 -7.872746e+01 2.660000e+01
      vertex   -3.126940e+01 -7.892599e+01 2.660000e+01
      vertex   -3.320953e+01 -7.893362e+01 2.660000e+01
    endloop
  endfacet
  facet normal 0.000000e+00 0.000000e+00 -1.000000e+00
    outer loop
      vertex   -3.320953e+01 -7.893362e+01 2.660000e+01
      vertex   -3.126940e+01 -7.892599e+01 2.660000e+01
      vertex   -3.174652e+01 -7.905518e+01 2.660000e+01
    endloop
  endfacet
  facet normal 0.000000e+00 0.000000e+00 -1.000000e+00
    outer loop
      vertex   -3.320953e+01 -7.893362e+01 2.660000e+01
      vertex   -3.174652e+01 -7.905518e+01 2.660000e+01
      vertex   -3.273141e+01 -7.905905e+01 2.660000e+01
    endloop
  endfacet
  facet normal 0.000000e+00 0.000000e+00 -1.000000e+00
    outer loop
      vertex   -3.273141e+01 -7.905905e+01 2.660000e+01
      vertex   -3.174652e+01 -7.905518e+01 2.660000e+01
      vertex   -3.223880e+01 -7.909998e+01 2.660000e+01
    endloop
  endfacet
  facet normal 3.606221e-30 -4.440892e-15 -1.000000e+00
    outer loop
      vertex   -4.050000e+01 -7.730000e+01 2.660000e+01
      vertex   -3.441795e+01 -7.810000e+01 2.660000e+01
      vertex   -5.800000e+01 -7.730000e+01 2.660000e+01
    endloop
  endfacet
  facet normal 1.197647e-16 -9.105192e-16 -1.000000e+00
    outer loop
      vertex   -5.800000e+01 -7.730000e+01 2.660000e+01
      vertex   -3.441795e+01 -7.810000e+01 2.660000e+01
      vertex   -6.408205e+01 -7.810000e+01 2.660000e+01
    endloop
  endfacet
  facet normal 1.564957e-16 -1.189769e-15 -1.000000e+00
    outer loop
      vertex   -5.800000e+01 -7.730000e+01 2.660000e+01
      vertex   -6.408205e+01 -7.810000e+01 2.660000e+01
      vertex   -6.905905e+01 -7.576859e+01 2.660000e+01
    endloop
  endfacet
  facet normal 6.870843e-16 -5.708914e-17 -1.000000e+00
    outer loop
      vertex   -6.905905e+01 -7.576859e+01 2.660000e+01
      vertex   -6.408205e+01 -7.810000e+01 2.660000e+01
      vertex   -6.909998e+01 -7.626120e+01 2.660000e+01
    endloop
  endfacet
  facet normal 7.324313e-16 6.665917e-17 -1.000000e+00
    outer loop
      vertex   -6.909998e+01 -7.626120e+01 2.660000e+01
      vertex   -6.408205e+01 -7.810000e+01 2.660000e+01
      vertex   -6.905518e+01 -7.675348e+01 2.660000e+01
    endloop
  endfacet
  facet normal 7.708980e-16 2.087284e-16 -1.000000e+00
    outer loop
      vertex   -6.905518e+01 -7.675348e+01 2.660000e+01
      vertex   -6.408205e+01 -7.810000e+01 2.660000e+01
      vertex   -6.892599e+01 -7.723060e+01 2.660000e+01
    endloop
  endfacet
  facet normal 8.007595e-16 3.751049e-16 -1.000000e+00
    outer loop
      vertex   -6.892599e+01 -7.723060e+01 2.660000e+01
      vertex   -6.408205e+01 -7.810000e+01 2.660000e+01
      vertex   -6.871630e+01 -7.767823e+01 2.660000e+01
    endloop
  endfacet
  facet normal 8.189038e-16 5.744694e-16 -1.000000e+00
    outer loop
      vertex   -6.871630e+01 -7.767823e+01 2.660000e+01
      vertex   -6.408205e+01 -7.810000e+01 2.660000e+01
      vertex   -6.843243e+01 -7.808290e+01 2.660000e+01
    endloop
  endfacet
  facet normal 8.198685e-16 8.198685e-16 -1.000000e+00
    outer loop
      vertex   -6.843243e+01 -7.808290e+01 2.660000e+01
      vertex   -6.408205e+01 -7.810000e+01 2.660000e+01
      vertex   -6.808290e+01 -7.843243e+01 2.660000e+01
    endloop
  endfacet
  facet normal 4.011491e-17 1.020443e-14 -1.000000e+00
    outer loop
      vertex   -6.808290e+01 -7.843243e+01 2.660000e+01
      vertex   -6.408205e+01 -7.810000e+01 2.660000e+01
      vertex   -6.443432e+01 -7.844677e+01 2.660000e+01
    endloop
  endfacet
  facet normal 0.000000e+00 0.000000e+00 -1.000000e+00
    outer loop
      vertex   -6.808290e+01 -7.843243e+01 2.660000e+01
      vertex   -6.443432e+01 -7.844677e+01 2.660000e+01
      vertex   -6.767823e+01 -7.871630e+01 2.660000e+01
    endloop
  endfacet
  facet normal 0.000000e+00 0.000000e+00 -1.000000e+00
    outer loop
      vertex   -6.767823e+01 -7.871630e+01 2.660000e+01
      vertex   -6.443432e+01 -7.844677e+01 2.660000e+01
      vertex   -6.484120e+01 -7.872746e+01 2.660000e+01
    endloop
  endfacet
  facet normal 0.000000e+00 0.000000e+00 -1.000000e+00
    outer loop
      vertex   -6.767823e+01 -7.871630e+01 2.660000e+01
      vertex   -6.484120e+01 -7.872746e+01 2.660000e+01
      vertex   -6.723060e+01 -7.892599e+01 2.660000e+01
    endloop
  endfacet
  facet normal 0.000000e+00 0.000000e+00 -1.000000e+00
    outer loop
      vertex   -6.723060e+01 -7.892599e+01 2.660000e+01
      vertex   -6.484120e+01 -7.872746e+01 2.660000e+01
      vertex   -6.529047e+01 -7.893362e+01 2.660000e+01
    endloop
  endfacet
  facet normal 0.000000e+00 0.000000e+00 -1.000000e+00
    outer loop
      vertex   -6.723060e+01 -7.892599e+01 2.660000e+01
      vertex   -6.529047e+01 -7.893362e+01 2.660000e+01
      vertex   -6.675348e+01 -7.905518e+01 2.660000e+01
    endloop
  endfacet
  facet normal 0.000000e+00 0.000000e+00 -1.000000e+00
    outer loop
      vertex   -6.675348e+01 -7.905518e+01 2.660000e+01
      vertex   -6.529047e+01 -7.893362e+01 2.660000e+01
      vertex   -6.576859e+01 -7.905905e+01 2.660000e+01
    endloop
  endfacet
  facet normal 0.000000e+00 0.000000e+00 -1.000000e+00
    outer loop
      vertex   -6.675348e+01 -7.905518e+01 2.660000e+01
      vertex   -6.576859e+01 -7.905905e+01 2.660000e+01
      vertex   -6.626120e+01 -7.909998e+01 2.660000e+01
    endloop
  endfacet
  facet normal 3.099884e-16 -8.132212e-17 -1.000000e+00
    outer loop
      vertex   -6.905905e+01 -7.576859e+01 2.660000e+01
      vertex   -6.893362e+01 -7.529047e+01 2.660000e+01
      vertex   -5.800000e+01 -7.730000e+01 2.660000e+01
    endloop
  endfacet
  facet normal 2.996614e-16 -1.375098e-16 -1.000000e+00
    outer loop
      vertex   -5.800000e+01 -7.730000e+01 2.660000e+01
      vertex   -6.893362e+01 -7.529047e+01 2.660000e+01
      vertex   -6.872746e+01 -7.484120e+01 2.660000e+01
    endloop
  endfacet
  facet normal 2.859640e-16 -1.972702e-16 -1.000000e+00
    outer loop
      vertex   -5.800000e+01 -7.730000e+01 2.660000e+01
      vertex   -6.872746e+01 -7.484120e+01 2.660000e+01
      vertex   -6.844677e+01 -7.443432e+01 2.660000e+01
    endloop
  endfacet
  facet normal 2.446089e-15 7.677408e-15 -1.000000e+00
    outer loop
      vertex   -6.844677e+01 -7.443432e+01 2.660000e+01
      vertex   -6.810000e+01 -7.408205e+01 2.660000e+01
      vertex   -5.800000e+01 -7.730000e+01 2.660000e+01
    endloop
  endfacet
  facet normal 0.000000e+00 0.000000e+00 -1.000000e+00
    outer loop
      vertex   -5.800000e+01 -7.730000e+01 2.660000e+01
      vertex   -6.810000e+01 -7.408205e+01 2.660000e+01
      vertex   -5.800000e+01 -7.225000e+01 2.660000e+01
    endloop
  endfacet
  facet normal -0.000000e+00 0.000000e+00 -1.000000e+00
    outer loop
      vertex   -5.800000e+01 -7.225000e+01 2.660000e+01
      vertex   -6.810000e+01 -7.408205e+01 2.660000e+01
      vertex   -5.804326e+01 -7.164516e+01 2.660000e+01
    endloop
  endfacet
  facet normal -0.000000e+00 0.000000e+00 -1.000000e+00
    outer loop
      vertex   -5.804326e+01 -7.164516e+01 2.660000e+01
      vertex   -6.810000e+01 -7.408205e+01 2.660000e+01
      vertex   -5.817215e+01 -7.105264e+01 2.660000e+01
    endloop
  endfacet
  facet normal -0.000000e+00 0.000000e+00 -1.000000e+00
    outer loop
      vertex   -5.817215e+01 -7.105264e+01 2.660000e+01
      vertex   -6.810000e+01 -7.408205e+01 2.660000e+01
      vertex   -5.838406e+01 -7.048449e+01 2.660000e+01
    endloop
  endfacet
  facet normal -0.000000e+00 0.000000e+00 -1.000000e+00
    outer loop
      vertex   -5.838406e+01 -7.048449e+01 2.660000e+01
      vertex   -6.810000e+01 -7.408205e+01 2.660000e+01
      vertex   -6.730000e+01 -6.800000e+01 2.660000e+01
    endloop
  endfacet
  facet normal 0.000000e+00 0.000000e+00 -1.000000e+00
    outer loop
      vertex   -5.838406e+01 -7.048449e+01 2.660000e+01
      vertex   -6.730000e+01 -6.800000e+01 2.660000e+01
      vertex   -5.867467e+01 -6.995228e+01 2.660000e+01
    endloop
  endfacet
  facet normal 0.000000e+00 0.000000e+00 -1.000000e+00
    outer loop
      vertex   -5.867467e+01 -6.995228e+01 2.660000e+01
      vertex   -6.730000e+01 -6.800000e+01 2.660000e+01
      vertex   -5.903806e+01 -6.946684e+01 2.660000e+01
    endloop
  endfacet
  facet normal 0.000000e+00 0.000000e+00 -1.000000e+00
    outer loop
      vertex   -5.903806e+01 -6.946684e+01 2.660000e+01
      vertex   -6.730000e+01 -6.800000e+01 2.660000e+01
      vertex   -5.946684e+01 -6.903806e+01 2.660000e+01
    endloop
  endfacet
  facet normal 0.000000e+00 0.000000e+00 -1.000000e+00
    outer loop
      vertex   -5.946684e+01 -6.903806e+01 2.660000e+01
      vertex   -6.730000e+01 -6.800000e+01 2.660000e+01
      vertex   -6.225000e+01 -6.800000e+01 2.660000e+01
    endloop
  endfacet
  facet normal 0.000000e+00 0.000000e+00 -1.000000e+00
    outer loop
      vertex   -5.946684e+01 -6.903806e+01 2.660000e+01
      vertex   -6.225000e+01 -6.800000e+01 2.660000e+01
      vertex   -5.995228e+01 -6.867467e+01 2.660000e+01
    endloop
  endfacet
  facet normal 0.000000e+00 0.000000e+00 -1.000000e+00
    outer loop
      vertex   -5.995228e+01 -6.867467e+01 2.660000e+01
      vertex   -6.225000e+01 -6.800000e+01 2.660000e+01
      vertex   -6.048449e+01 -6.838406e+01 2.660000e+01
    endloop
  endfacet
  facet normal 0.000000e+00 0.000000e+00 -1.000000e+00
    outer loop
      vertex   -6.048449e+01 -6.838406e+01 2.660000e+01
      vertex   -6.225000e+01 -6.800000e+01 2.660000e+01
      vertex   -6.105264e+01 -6.817215e+01 2.660000e+01
    endloop
  endfacet
  facet normal 0.000000e+00 0.000000e+00 -1.000000e+00
    outer loop
      vertex   -6.105264e+01 -6.817215e+01 2.660000e+01
      vertex   -6.225000e+01 -6.800000e+01 2.660000e+01
      vertex   -6.164516e+01 -6.804326e+01 2.660000e+01
    endloop
  endfacet
  facet normal 0.000000e+00 0.000000e+00 -1.000000e+00
    outer loop
      vertex   -6.810000e+01 -7.408205e+01 2.660000e+01
      vertex   -6.880000e+01 -7.408205e+01 2.660000e+01
      vertex   -6.730000e+01 -6.800000e+01 2.660000e+01
    endloop
  endfacet
  facet normal -1.905007e-07 4.698267e-08 -1.000000e+00
    outer loop
      vertex   -6.730000e+01 -6.800000e+01 2.660000e+01
      vertex   -6.880000e+01 -7.408205e+01 2.660000e+01
      vertex   -6.880000e+01 -6.425000e+01 2.660000e+01
    endloop
  endfacet
  facet normal 0.000000e+00 1.231829e-07 -1.000000e+00
    outer loop
      vertex   -6.730000e+01 -6.800000e+01 2.660000e+01
      vertex   -6.880000e+01 -6.425000e+01 2.660000e+01
      vertex   -6.730000e+01 -6.425000e+01 2.660000e+01
    endloop
  endfacet
  facet normal 0.000000e+00 0.000000e+00 -1.000000e+00
    outer loop
      vertex   -4.045674e+01 -7.164516e+01 2.660000e+01
      vertex   -4.032785e+01 -7.105264e+01 2.660000e+01
      vertex   -3.040000e+01 -7.408205e+01 2.660000e+01
    endloop
  endfacet
  facet normal 0.000000e+00 0.000000e+00 -1.000000e+00
    outer loop
      vertex   -3.040000e+01 -7.408205e+01 2.660000e+01
      vertex   -4.032785e+01 -7.105264e+01 2.660000e+01
      vertex   -4.011594e+01 -7.048449e+01 2.660000e+01
    endloop
  endfacet
  facet normal 0.000000e+00 0.000000e+00 -1.000000e+00
    outer loop
      vertex   -3.040000e+01 -7.408205e+01 2.660000e+01
      vertex   -4.011594e+01 -7.048449e+01 2.660000e+01
      vertex   -3.120000e+01 -6.800000e+01 2.660000e+01
    endloop
  endfacet
  facet normal 0.000000e+00 0.000000e+00 -1.000000e+00
    outer loop
      vertex   -3.120000e+01 -6.800000e+01 2.660000e+01
      vertex   -4.011594e+01 -7.048449e+01 2.660000e+01
      vertex   -3.982533e+01 -6.995228e+01 2.660000e+01
    endloop
  endfacet
  facet normal 0.000000e+00 0.000000e+00 -1.000000e+00
    outer loop
      vertex   -3.120000e+01 -6.800000e+01 2.660000e+01
      vertex   -3.982533e+01 -6.995228e+01 2.660000e+01
      vertex   -3.946194e+01 -6.946684e+01 2.660000e+01
    endloop
  endfacet
  facet normal 0.000000e+00 0.000000e+00 -1.000000e+00
    outer loop
      vertex   -3.946194e+01 -6.946684e+01 2.660000e+01
      vertex   -3.903316e+01 -6.903806e+01 2.660000e+01
      vertex   -3.120000e+01 -6.800000e+01 2.660000e+01
    endloop
  endfacet
  facet normal 0.000000e+00 0.000000e+00 -1.000000e+00
    outer loop
      vertex   -3.120000e+01 -6.800000e+01 2.660000e+01
      vertex   -3.903316e+01 -6.903806e+01 2.660000e+01
      vertex   -3.625000e+01 -6.800000e+01 2.660000e+01
    endloop
  endfacet
  facet normal 0.000000e+00 0.000000e+00 -1.000000e+00
    outer loop
      vertex   -3.625000e+01 -6.800000e+01 2.660000e+01
      vertex   -3.903316e+01 -6.903806e+01 2.660000e+01
      vertex   -3.854772e+01 -6.867467e+01 2.660000e+01
    endloop
  endfacet
  facet normal 0.000000e+00 0.000000e+00 -1.000000e+00
    outer loop
      vertex   -3.625000e+01 -6.800000e+01 2.660000e+01
      vertex   -3.854772e+01 -6.867467e+01 2.660000e+01
      vertex   -3.801551e+01 -6.838406e+01 2.660000e+01
    endloop
  endfacet
  facet normal 0.000000e+00 0.000000e+00 -1.000000e+00
    outer loop
      vertex   -3.801551e+01 -6.838406e+01 2.660000e+01
      vertex   -3.744736e+01 -6.817215e+01 2.660000e+01
      vertex   -3.625000e+01 -6.800000e+01 2.660000e+01
    endloop
  endfacet
  facet normal 0.000000e+00 0.000000e+00 -1.000000e+00
    outer loop
      vertex   -3.625000e+01 -6.800000e+01 2.660000e+01
      vertex   -3.744736e+01 -6.817215e+01 2.660000e+01
      vertex   -3.685484e+01 -6.804326e+01 2.660000e+01
    endloop
  endfacet
  facet normal 0.000000e+00 -1.000000e+00 0.000000e+00
    outer loop
      vertex   -3.225000e+01 -4.000000e+01 2.260000e+01
      vertex   -3.246405e+01 -4.000000e+01 2.561234e+01
      vertex   -6.625000e+01 -4.000000e+01 2.260000e+01
    endloop
  endfacet
  facet normal 4.232960e-16 -1.000000e+00 -4.747622e-15
    outer loop
      vertex   -6.625000e+01 -4.000000e+01 2.260000e+01
      vertex   -3.246405e+01 -4.000000e+01 2.561234e+01
      vertex   -6.603595e+01 -4.000000e+01 2.561234e+01
    endloop
  endfacet
  facet normal -3.305909e-14 -1.000000e+00 -2.368476e-15
    outer loop
      vertex   -6.625000e+01 -4.000000e+01 2.260000e+01
      vertex   -6.603595e+01 -4.000000e+01 2.561234e+01
      vertex   -6.625000e+01 -4.000000e+01 2.560000e+01
    endloop
  endfacet
  facet normal -3.333221e-14 -1.000000e+00 -2.368476e-15
    outer loop
      vertex   -3.225000e+01 -4.000000e+01 2.260000e+01
      vertex   -3.225000e+01 -4.000000e+01 2.560000e+01
      vertex   -3.246405e+01 -4.000000e+01 2.561234e+01
    endloop
  endfacet
  facet normal 4.232960e-16 -1.000000e+00 -1.918220e-13
    outer loop
      vertex   -6.603595e+01 -4.000000e+01 2.561234e+01
      vertex   -3.246405e+01 -4.000000e+01 2.561234e+01
      vertex   -6.581758e+01 -4.000000e+01 2.564987e+01
    endloop
  endfacet
  facet normal 6.433131e-16 -1.000000e+00 3.743847e-15
    outer loop
      vertex   -6.581758e+01 -4.000000e+01 2.564987e+01
      vertex   -3.246405e+01 -4.000000e+01 2.561234e+01
      vertex   -3.268242e+01 -4.000000e+01 2.564987e+01
    endloop
  endfacet
  facet normal 6.433131e-16 -1.000000e+00 1.083074e-13
    outer loop
      vertex   -6.581758e+01 -4.000000e+01 2.564987e+01
      vertex   -3.268242e+01 -4.000000e+01 2.564987e+01
      vertex   -6.559025e+01 -4.000000e+01 2.571412e+01
    endloop
  endfacet
  facet normal 4.348419e-16 -1.000000e+00 1.538430e-15
    outer loop
      vertex   -6.559025e+01 -4.000000e+01 2.571412e+01
      vertex   -3.268242e+01 -4.000000e+01 2.564987e+01
      vertex   -3.290975e+01 -4.000000e+01 2.571412e+01
    endloop
  endfacet
  facet normal 4.348419e-16 -1.000000e+00 -1.120369e-15
    outer loop
      vertex   -6.559025e+01 -4.000000e+01 2.571412e+01
      vertex   -3.290975e+01 -4.000000e+01 2.571412e+01
      vertex   -6.534872e+01 -4.000000e+01 2.580787e+01
    endloop
  endfacet
  facet normal 4.413660e-16 -1.000000e+00 1.137179e-15
    outer loop
      vertex   -6.534872e+01 -4.000000e+01 2.580787e+01
      vertex   -3.290975e+01 -4.000000e+01 2.571412e+01
      vertex   -3.315128e+01 -4.000000e+01 2.580787e+01
    endloop
  endfacet
  facet normal 4.413660e-16 -1.000000e+00 -5.662597e-14
    outer loop
      vertex   -6.534872e+01 -4.000000e+01 2.580787e+01
      vertex   -3.315128e+01 -4.000000e+01 2.580787e+01
      vertex   -6.508663e+01 -4.000000e+01 2.593539e+01
    endloop
  endfacet
  facet normal 6.730055e-16 -1.000000e+00 1.383157e-15
    outer loop
      vertex   -6.508663e+01 -4.000000e+01 2.593539e+01
      vertex   -3.315128e+01 -4.000000e+01 2.580787e+01
      vertex   -3.341337e+01 -4.000000e+01 2.593539e+01
    endloop
  endfacet
  facet normal 6.730055e-16 -1.000000e+00 8.360657e-14
    outer loop
      vertex   -6.508663e+01 -4.000000e+01 2.593539e+01
      vertex   -3.341337e+01 -4.000000e+01 2.593539e+01
      vertex   -6.479597e+01 -4.000000e+01 2.610302e+01
    endloop
  endfacet
  facet normal 2.905989e-29 -1.000000e+00 -4.238676e-14
    outer loop
      vertex   -6.479597e+01 -4.000000e+01 2.610302e+01
      vertex   -3.341337e+01 -4.000000e+01 2.593539e+01
      vertex   -3.370403e+01 -4.000000e+01 2.610302e+01
    endloop
  endfacet
  facet normal 0.000000e+00 -1.000000e+00 0.000000e+00
    outer loop
      vertex   -6.479597e+01 -4.000000e+01 2.610302e+01
      vertex   -3.370403e+01 -4.000000e+01 2.610302e+01
      vertex   -6.446605e+01 -4.000000e+01 2.632002e+01
    endloop
  endfacet
  facet normal 0.000000e+00 -1.000000e+00 0.000000e+00
    outer loop
      vertex   -6.446605e+01 -4.000000e+01 2.632002e+01
      vertex   -3.370403e+01 -4.000000e+01 2.610302e+01
      vertex   -3.403395e+01 -4.000000e+01 2.632002e+01
    endloop
  endfacet
  facet normal 0.000000e+00 -1.000000e+00 0.000000e+00
    outer loop
      vertex   -6.446605e+01 -4.000000e+01 2.632002e+01
      vertex   -3.403395e+01 -4.000000e+01 2.632002e+01
      vertex   -6.428196e+01 -4.000000e+01 2.645105e+01
    endloop
  endfacet
  facet normal -2.363440e-16 -1.000000e+00 -5.455659e-14
    outer loop
      vertex   -6.428196e+01 -4.000000e+01 2.645105e+01
      vertex   -3.403395e+01 -4.000000e+01 2.632002e+01
      vertex   -3.421804e+01 -4.000000e+01 2.645105e+01
    endloop
  endfacet
  facet normal -2.363440e-16 -1.000000e+00 3.172054e-16
    outer loop
      vertex   -6.428196e+01 -4.000000e+01 2.645105e+01
      vertex   -3.421804e+01 -4.000000e+01 2.645105e+01
      vertex   -6.408205e+01 -4.000000e+01 2.660000e+01
    endloop
  endfacet
  facet normal 0.000000e+00 -1.000000e+00 4.770439e-14
    outer loop
      vertex   -6.408205e+01 -4.000000e+01 2.660000e+01
      vertex   -3.421804e+01 -4.000000e+01 2.645105e+01
      vertex   -3.441795e+01 -4.000000e+01 2.660000e+01
    endloop
  endfacet
  facet normal 6.153581e-02 -7.057667e-01 7.057667e-01
    outer loop
      vertex   -6.625000e+01 -3.940000e+01 2.660000e+01
      vertex   -6.674323e+01 -3.944301e+01 2.660000e+01
      vertex   -6.625000e+01 -4.000000e+01 2.600000e+01
    endloop
  endfacet
  facet normal 6.553322e-02 -7.038738e-01 7.072956e-01
    outer loop
      vertex   -6.625000e+01 -4.000000e+01 2.600000e+01
      vertex   -6.674323e+01 -3.944301e+01 2.660000e+01
      vertex   -6.661092e+01 -4.043555e+01 2.560000e+01
    endloop
  endfacet
  facet normal 6.947565e-02 -7.053982e-01 7.053982e-01
    outer loop
      vertex   -6.625000e+01 -4.000000e+01 2.600000e+01
      vertex   -6.661092e+01 -4.043555e+01 2.560000e+01
      vertex   -6.625000e+01 -4.040000e+01 2.560000e+01
    endloop
  endfacet
  facet normal 1.830373e-01 -6.855422e-01 7.046484e-01
    outer loop
      vertex   -6.674323e+01 -3.944301e+01 2.660000e+01
      vertex   -6.722158e+01 -3.957072e+01 2.660000e+01
      vertex   -6.661092e+01 -4.043555e+01 2.560000e+01
    endloop
  endfacet
  facet normal 2.047649e-01 -6.750193e-01 7.088162e-01
    outer loop
      vertex   -6.661092e+01 -4.043555e+01 2.560000e+01
      vertex   -6.722158e+01 -3.957072e+01 2.660000e+01
      vertex   -6.695796e+01 -4.054082e+01 2.560000e+01
    endloop
  endfacet
  facet normal 2.992489e-01 -6.442322e-01 7.038572e-01
    outer loop
      vertex   -6.695796e+01 -4.054082e+01 2.560000e+01
      vertex   -6.722158e+01 -3.957072e+01 2.660000e+01
      vertex   -6.767061e+01 -3.977930e+01 2.660000e+01
    endloop
  endfacet
  facet normal 3.320730e-01 -6.212648e-01 7.097588e-01
    outer loop
      vertex   -6.695796e+01 -4.054082e+01 2.560000e+01
      vertex   -6.767061e+01 -3.977930e+01 2.660000e+01
      vertex   -6.727780e+01 -4.071178e+01 2.560000e+01
    endloop
  endfacet
  facet normal 4.064876e-01 -5.830956e-01 7.033970e-01
    outer loop
      vertex   -6.727780e+01 -4.071178e+01 2.560000e+01
      vertex   -6.767061e+01 -3.977930e+01 2.660000e+01
      vertex   -6.807676e+01 -4.006244e+01 2.660000e+01
    endloop
  endfacet
  facet normal 4.466134e-01 -5.442000e-01 7.101991e-01
    outer loop
      vertex   -6.727780e+01 -4.071178e+01 2.560000e+01
      vertex   -6.807676e+01 -4.006244e+01 2.660000e+01
      vertex   -6.755815e+01 -4.094185e+01 2.560000e+01
    endloop
  endfacet
  facet normal 5.013557e-01 -5.040376e-01 7.032699e-01
    outer loop
      vertex   -6.755815e+01 -4.094185e+01 2.560000e+01
      vertex   -6.807676e+01 -4.006244e+01 2.660000e+01
      vertex   -6.842779e+01 -4.041159e+01 2.660000e+01
    endloop
  endfacet
  facet normal 5.442464e-01 -4.466514e-01 7.101397e-01
    outer loop
      vertex   -6.755815e+01 -4.094185e+01 2.560000e+01
      vertex   -6.842779e+01 -4.041159e+01 2.660000e+01
      vertex   -6.778822e+01 -4.122220e+01 2.560000e+01
    endloop
  endfacet
  facet normal 5.808544e-01 -4.095474e-01 7.034764e-01
    outer loop
      vertex   -6.778822e+01 -4.122220e+01 2.560000e+01
      vertex   -6.842779e+01 -4.041159e+01 2.660000e+01
      vertex   -6.871309e+01 -4.081623e+01 2.660000e+01
    endloop
  endfacet
  facet normal 6.214236e-01 -3.321578e-01 7.095801e-01
    outer loop
      vertex   -6.778822e+01 -4.122220e+01 2.560000e+01
      vertex   -6.871309e+01 -4.081623e+01 2.660000e+01
      vertex   -6.795918e+01 -4.154204e+01 2.560000e+01
    endloop
  endfacet
  facet normal 6.424845e-01 -3.026147e-01 7.040157e-01
    outer loop
      vertex   -6.795918e+01 -4.154204e+01 2.560000e+01
      vertex   -6.871309e+01 -4.081623e+01 2.660000e+01
      vertex   -6.892406e+01 -4.126414e+01 2.660000e+01
    endloop
  endfacet
  facet normal 6.753067e-01 -2.048520e-01 7.085171e-01
    outer loop
      vertex   -6.795918e+01 -4.154204e+01 2.560000e+01
      vertex   -6.892406e+01 -4.126414e+01 2.660000e+01
      vertex   -6.806445e+01 -4.188908e+01 2.560000e+01
    endloop
  endfacet
  facet normal 6.843290e-01 -1.866302e-01 7.048851e-01
    outer loop
      vertex   -6.806445e+01 -4.188908e+01 2.560000e+01
      vertex   -6.892406e+01 -4.126414e+01 2.660000e+01
      vertex   -6.905432e+01 -4.174180e+01 2.660000e+01
    endloop
  endfacet
  facet normal 7.038635e-01 -6.932450e-02 7.069444e-01
    outer loop
      vertex   -6.806445e+01 -4.188908e+01 2.560000e+01
      vertex   -6.905432e+01 -4.174180e+01 2.660000e+01
      vertex   -6.810000e+01 -4.225000e+01 2.560000e+01
    endloop
  endfacet
  facet normal 7.051168e-01 -6.527139e-02 7.060807e-01
    outer loop
      vertex   -6.810000e+01 -4.225000e+01 2.560000e+01
      vertex   -6.905432e+01 -4.174180e+01 2.660000e+01
      vertex   -6.909996e+01 -4.223480e+01 2.660000e+01
    endloop
  endfacet
  facet normal 7.068442e-01 4.071801e-02 7.061964e-01
    outer loop
      vertex   -6.810000e+01 -4.225000e+01 2.560000e+01
      vertex   -6.909996e+01 -4.223480e+01 2.660000e+01
      vertex   -6.810000e+01 -4.246405e+01 2.561234e+01
    endloop
  endfacet
  facet normal 7.082295e-01 5.794509e-02 7.036003e-01
    outer loop
      vertex   -6.810000e+01 -4.246405e+01 2.561234e+01
      vertex   -6.909996e+01 -4.223480e+01 2.660000e+01
      vertex   -6.905959e+01 -4.272825e+01 2.660000e+01
    endloop
  endfacet
  facet normal 6.954282e-01 1.216943e-01 7.082161e-01
    outer loop
      vertex   -6.810000e+01 -4.246405e+01 2.561234e+01
      vertex   -6.905959e+01 -4.272825e+01 2.660000e+01
      vertex   -6.810000e+01 -4.268242e+01 2.564987e+01
    endloop
  endfacet
  facet normal 6.877959e-01 1.797135e-01 7.033064e-01
    outer loop
      vertex   -6.810000e+01 -4.268242e+01 2.564987e+01
      vertex   -6.905959e+01 -4.272825e+01 2.660000e+01
      vertex   -6.893442e+01 -4.320727e+01 2.660000e+01
    endloop
  endfacet
  facet normal 6.789062e-01 1.997066e-01 7.065435e-01
    outer loop
      vertex   -6.810000e+01 -4.268242e+01 2.564987e+01
      vertex   -6.893442e+01 -4.320727e+01 2.660000e+01
      vertex   -6.810000e+01 -4.290975e+01 2.571412e+01
    endloop
  endfacet
  facet normal 6.523530e-01 2.742339e-01 7.065631e-01
    outer loop
      vertex   -6.810000e+01 -4.290975e+01 2.571412e+01
      vertex   -6.893442e+01 -4.320727e+01 2.660000e+01
      vertex   -6.810000e+01 -4.315128e+01 2.580787e+01
    endloop
  endfacet
  facet normal 6.470259e-01 2.963602e-01 7.025156e-01
    outer loop
      vertex   -6.810000e+01 -4.315128e+01 2.580787e+01
      vertex   -6.893442e+01 -4.320727e+01 2.660000e+01
      vertex   -6.872825e+01 -4.365741e+01 2.660000e+01
    endloop
  endfacet
  facet normal 6.156675e-01 3.447746e-01 7.085789e-01
    outer loop
      vertex   -6.810000e+01 -4.315128e+01 2.580787e+01
      vertex   -6.872825e+01 -4.365741e+01 2.660000e+01
      vertex   -6.810000e+01 -4.341337e+01 2.593539e+01
    endloop
  endfacet
  facet normal 5.855527e-01 4.049859e-01 7.022211e-01
    outer loop
      vertex   -6.810000e+01 -4.341337e+01 2.593539e+01
      vertex   -6.872825e+01 -4.365741e+01 2.660000e+01
      vertex   -6.810000e+01 -4.370403e+01 2.610302e+01
    endloop
  endfacet
  facet normal 5.858324e-01 4.037683e-01 7.026888e-01
    outer loop
      vertex   -6.810000e+01 -4.370403e+01 2.610302e+01
      vertex   -6.872825e+01 -4.365741e+01 2.660000e+01
      vertex   -6.844728e+01 -4.406507e+01 2.660000e+01
    endloop
  endfacet
  facet normal 5.296031e-01 4.661236e-01 7.086955e-01
    outer loop
      vertex   -6.810000e+01 -4.370403e+01 2.610302e+01
      vertex   -6.844728e+01 -4.406507e+01 2.660000e+01
      vertex   -6.810000e+01 -4.403395e+01 2.632002e+01
    endloop
  endfacet
  facet normal 5.175512e-01 4.961937e-01 6.970886e-01
    outer loop
      vertex   -6.810000e+01 -4.403395e+01 2.632002e+01
      vertex   -6.844728e+01 -4.406507e+01 2.660000e+01
      vertex   -6.810000e+01 -4.421804e+01 2.645105e+01
    endloop
  endfacet
  facet normal 5.189596e-01 5.107193e-01 6.854537e-01
    outer loop
      vertex   -6.810000e+01 -4.421804e+01 2.645105e+01
      vertex   -6.844728e+01 -4.406507e+01 2.660000e+01
      vertex   -6.810000e+01 -4.441795e+01 2.660000e+01
    endloop
  endfacet
  facet normal -4.073666e-02 -7.065198e-01 7.065198e-01
    outer loop
      vertex   -6.625000e+01 -4.040000e+01 2.560000e+01
      vertex   -6.603595e+01 -4.040000e+01 2.561234e+01
      vertex   -6.625000e+01 -4.000000e+01 2.600000e+01
    endloop
  endfacet
  facet normal -6.285503e-02 -7.117067e-01 6.996591e-01
    outer loop
      vertex   -6.625000e+01 -4.000000e+01 2.600000e+01
      vertex   -6.603595e+01 -4.040000e+01 2.561234e+01
      vertex   -6.584245e+01 -4.000000e+01 2.603661e+01
    endloop
  endfacet
  facet normal -1.219577e-01 -6.938172e-01 7.097493e-01
    outer loop
      vertex   -6.584245e+01 -4.000000e+01 2.603661e+01
      vertex   -6.603595e+01 -4.040000e+01 2.561234e+01
      vertex   -6.581758e+01 -4.040000e+01 2.564987e+01
    endloop
  endfacet
  facet normal -1.840060e-01 -6.891173e-01 7.008988e-01
    outer loop
      vertex   -6.584245e+01 -4.000000e+01 2.603661e+01
      vertex   -6.581758e+01 -4.040000e+01 2.564987e+01
      vertex   -6.542842e+01 -4.000000e+01 2.614531e+01
    endloop
  endfacet
  facet normal -1.994454e-01 -6.799431e-01 7.056195e-01
    outer loop
      vertex   -6.542842e+01 -4.000000e+01 2.614531e+01
      vertex   -6.581758e+01 -4.040000e+01 2.564987e+01
      vertex   -6.559025e+01 -4.040000e+01 2.571412e+01
    endloop
  endfacet
  facet normal -2.745295e-01 -6.514026e-01 7.073247e-01
    outer loop
      vertex   -6.542842e+01 -4.000000e+01 2.614531e+01
      vertex   -6.559025e+01 -4.040000e+01 2.571412e+01
      vertex   -6.534872e+01 -4.040000e+01 2.580787e+01
    endloop
  endfacet
  facet normal -2.935477e-01 -6.498953e-01 7.010462e-01
    outer loop
      vertex   -6.542842e+01 -4.000000e+01 2.614531e+01
      vertex   -6.534872e+01 -4.040000e+01 2.580787e+01
      vertex   -6.498848e+01 -4.000000e+01 2.632952e+01
    endloop
  endfacet
  facet normal -3.452168e-01 -6.143717e-01 7.094877e-01
    outer loop
      vertex   -6.498848e+01 -4.000000e+01 2.632952e+01
      vertex   -6.534872e+01 -4.040000e+01 2.580787e+01
      vertex   -6.508663e+01 -4.040000e+01 2.593539e+01
    endloop
  endfacet
  facet normal -3.686678e-01 -6.049555e-01 7.057711e-01
    outer loop
      vertex   -6.498848e+01 -4.000000e+01 2.632952e+01
      vertex   -6.508663e+01 -4.040000e+01 2.593539e+01
      vertex   -6.475214e+01 -4.000000e+01 2.645298e+01
    endloop
  endfacet
  facet normal -4.086770e-01 -5.751864e-01 7.086211e-01
    outer loop
      vertex   -6.475214e+01 -4.000000e+01 2.645298e+01
      vertex   -6.508663e+01 -4.040000e+01 2.593539e+01
      vertex   -6.479597e+01 -4.040000e+01 2.610302e+01
    endloop
  endfacet
  facet normal -4.135514e-01 -5.734255e-01 7.072188e-01
    outer loop
      vertex   -6.475214e+01 -4.000000e+01 2.645298e+01
      vertex   -6.479597e+01 -4.040000e+01 2.610302e+01
      vertex   -6.450071e+01 -4.000000e+01 2.660000e+01
    endloop
  endfacet
  facet normal -4.530006e-01 -5.435708e-01 7.066266e-01
    outer loop
      vertex   -6.450071e+01 -4.000000e+01 2.660000e+01
      vertex   -6.479597e+01 -4.040000e+01 2.610302e+01
      vertex   -6.435222e+01 -4.012376e+01 2.660000e+01
    endloop
  endfacet
  facet normal -4.669602e-01 -5.271568e-01 7.099675e-01
    outer loop
      vertex   -6.435222e+01 -4.012376e+01 2.660000e+01
      vertex   -6.479597e+01 -4.040000e+01 2.610302e+01
      vertex   -6.446605e+01 -4.040000e+01 2.632002e+01
    endloop
  endfacet
  facet normal -4.898830e-01 -5.127394e-01 7.050624e-01
    outer loop
      vertex   -6.435222e+01 -4.012376e+01 2.660000e+01
      vertex   -6.446605e+01 -4.040000e+01 2.632002e+01
      vertex   -6.421245e+01 -4.025729e+01 2.660000e+01
    endloop
  endfacet
  facet normal -5.042712e-01 -4.937898e-01 7.084365e-01
    outer loop
      vertex   -6.421245e+01 -4.025729e+01 2.660000e+01
      vertex   -6.446605e+01 -4.040000e+01 2.632002e+01
      vertex   -6.428196e+01 -4.040000e+01 2.645105e+01
    endloop
  endfacet
  facet normal -5.244139e-01 -4.791743e-01 7.038338e-01
    outer loop
      vertex   -6.421245e+01 -4.025729e+01 2.660000e+01
      vertex   -6.428196e+01 -4.040000e+01 2.645105e+01
      vertex   -6.408205e+01 -4.040000e+01 2.660000e+01
    endloop
  endfacet
  facet normal 1.000000e+00 3.249365e-12 -4.456492e-12
    outer loop
      vertex   -6.810000e+01 -7.428196e+01 2.645105e+01
      vertex   -6.810000e+01 -7.408205e+01 2.660000e+01
      vertex   -6.810000e+01 -7.446605e+01 2.632002e+01
    endloop
  endfacet
  facet normal 5.135433e-01 -5.055309e-01 6.933338e-01
    outer loop
      vertex   -6.810000e+01 -7.446605e+01 2.632002e+01
      vertex   -6.810000e+01 -7.408205e+01 2.660000e+01
      vertex   -6.844677e+01 -7.443432e+01 2.660000e+01
    endloop
  endfacet
  facet normal 5.295666e-01 -4.661361e-01 7.087145e-01
    outer loop
      vertex   -6.810000e+01 -7.446605e+01 2.632002e+01
      vertex   -6.844677e+01 -7.443432e+01 2.660000e+01
      vertex   -6.810000e+01 -7.479597e+01 2.610302e+01
    endloop
  endfacet
  facet normal 5.845540e-01 -4.053459e-01 7.028452e-01
    outer loop
      vertex   -6.810000e+01 -7.479597e+01 2.610302e+01
      vertex   -6.844677e+01 -7.443432e+01 2.660000e+01
      vertex   -6.810000e+01 -7.508663e+01 2.593539e+01
    endloop
  endfacet
  facet normal 5.858976e-01 -4.041773e-01 7.023993e-01
    outer loop
      vertex   -6.810000e+01 -7.508663e+01 2.593539e+01
      vertex   -6.844677e+01 -7.443432e+01 2.660000e+01
      vertex   -6.872746e+01 -7.484120e+01 2.660000e+01
    endloop
  endfacet
  facet normal 6.156745e-01 -3.447722e-01 7.085739e-01
    outer loop
      vertex   -6.810000e+01 -7.508663e+01 2.593539e+01
      vertex   -6.872746e+01 -7.484120e+01 2.660000e+01
      vertex   -6.810000e+01 -7.534872e+01 2.580787e+01
    endloop
  endfacet
  facet normal 6.468174e-01 -2.968141e-01 7.025160e-01
    outer loop
      vertex   -6.810000e+01 -7.534872e+01 2.580787e+01
      vertex   -6.872746e+01 -7.484120e+01 2.660000e+01
      vertex   -6.893362e+01 -7.529047e+01 2.660000e+01
    endloop
  endfacet
  facet normal 6.522886e-01 -2.742539e-01 7.066147e-01
    outer loop
      vertex   -6.810000e+01 -7.534872e+01 2.580787e+01
      vertex   -6.893362e+01 -7.529047e+01 2.660000e+01
      vertex   -6.810000e+01 -7.559025e+01 2.571412e+01
    endloop
  endfacet
  facet normal 6.789686e-01 -1.996909e-01 7.064879e-01
    outer loop
      vertex   -6.810000e+01 -7.559025e+01 2.571412e+01
      vertex   -6.893362e+01 -7.529047e+01 2.660000e+01
      vertex   -6.810000e+01 -7.581758e+01 2.564987e+01
    endloop
  endfacet
  facet normal 6.875885e-01 -1.803814e-01 7.033382e-01
    outer loop
      vertex   -6.810000e+01 -7.581758e+01 2.564987e+01
      vertex   -6.893362e+01 -7.529047e+01 2.660000e+01
      vertex   -6.905905e+01 -7.576859e+01 2.660000e+01
    endloop
  endfacet
  facet normal 6.954233e-01 -1.216951e-01 7.082208e-01
    outer loop
      vertex   -6.810000e+01 -7.581758e+01 2.564987e+01
      vertex   -6.905905e+01 -7.576859e+01 2.660000e+01
      vertex   -6.810000e+01 -7.603595e+01 2.561234e+01
    endloop
  endfacet
  facet normal 7.081710e-01 -5.884121e-02 7.035848e-01
    outer loop
      vertex   -6.810000e+01 -7.603595e+01 2.561234e+01
      vertex   -6.905905e+01 -7.576859e+01 2.660000e+01
      vertex   -6.909998e+01 -7.626120e+01 2.660000e+01
    endloop
  endfacet
  facet normal 7.067561e-01 -4.072308e-02 7.062843e-01
    outer loop
      vertex   -6.810000e+01 -7.603595e+01 2.561234e+01
      vertex   -6.909998e+01 -7.626120e+01 2.660000e+01
      vertex   -6.810000e+01 -7.625000e+01 2.560000e+01
    endloop
  endfacet
  facet normal 7.052966e-01 6.418962e-02 7.060003e-01
    outer loop
      vertex   -6.810000e+01 -7.625000e+01 2.560000e+01
      vertex   -6.909998e+01 -7.626120e+01 2.660000e+01
      vertex   -6.905518e+01 -7.675348e+01 2.660000e+01
    endloop
  endfacet
  facet normal 7.037280e-01 6.931116e-02 7.070805e-01
    outer loop
      vertex   -6.810000e+01 -7.625000e+01 2.560000e+01
      vertex   -6.905518e+01 -7.675348e+01 2.660000e+01
      vertex   -6.806445e+01 -7.661092e+01 2.560000e+01
    endloop
  endfacet
  facet normal 6.847363e-01 1.853992e-01 7.048144e-01
    outer loop
      vertex   -6.806445e+01 -7.661092e+01 2.560000e+01
      vertex   -6.905518e+01 -7.675348e+01 2.660000e+01
      vertex   -6.892599e+01 -7.723060e+01 2.660000e+01
    endloop
  endfacet
  facet normal 6.751976e-01 2.048190e-01 7.086307e-01
    outer loop
      vertex   -6.806445e+01 -7.661092e+01 2.560000e+01
      vertex   -6.892599e+01 -7.723060e+01 2.660000e+01
      vertex   -6.795918e+01 -7.695796e+01 2.560000e+01
    endloop
  endfacet
  facet normal 6.431673e-01 3.012830e-01 7.039633e-01
    outer loop
      vertex   -6.795918e+01 -7.695796e+01 2.560000e+01
      vertex   -6.892599e+01 -7.723060e+01 2.660000e+01
      vertex   -6.871630e+01 -7.767823e+01 2.660000e+01
    endloop
  endfacet
  facet normal 6.213536e-01 3.321204e-01 7.096588e-01
    outer loop
      vertex   -6.795918e+01 -7.695796e+01 2.560000e+01
      vertex   -6.871630e+01 -7.767823e+01 2.660000e+01
      vertex   -6.778822e+01 -7.727780e+01 2.560000e+01
    endloop
  endfacet
  facet normal 5.818508e-01 4.081743e-01 7.034510e-01
    outer loop
      vertex   -6.778822e+01 -7.727780e+01 2.560000e+01
      vertex   -6.871630e+01 -7.767823e+01 2.660000e+01
      vertex   -6.843243e+01 -7.808290e+01 2.660000e+01
    endloop
  endfacet
  facet normal 5.442217e-01 4.466312e-01 7.101714e-01
    outer loop
      vertex   -6.778822e+01 -7.727780e+01 2.560000e+01
      vertex   -6.843243e+01 -7.808290e+01 2.660000e+01
      vertex   -6.755815e+01 -7.755815e+01 2.560000e+01
    endloop
  endfacet
  facet normal 5.026914e-01 5.026914e-01 7.032800e-01
    outer loop
      vertex   -6.755815e+01 -7.755815e+01 2.560000e+01
      vertex   -6.843243e+01 -7.808290e+01 2.660000e+01
      vertex   -6.808290e+01 -7.843243e+01 2.660000e+01
    endloop
  endfacet
  facet normal 4.466312e-01 5.442217e-01 7.101714e-01
    outer loop
      vertex   -6.755815e+01 -7.755815e+01 2.560000e+01
      vertex   -6.808290e+01 -7.843243e+01 2.660000e+01
      vertex   -6.727780e+01 -7.778822e+01 2.560000e+01
    endloop
  endfacet
  facet normal 4.081743e-01 5.818508e-01 7.034510e-01
    outer loop
      vertex   -6.727780e+01 -7.778822e+01 2.560000e+01
      vertex   -6.808290e+01 -7.843243e+01 2.660000e+01
      vertex   -6.767823e+01 -7.871630e+01 2.660000e+01
    endloop
  endfacet
  facet normal 3.321204e-01 6.213536e-01 7.096588e-01
    outer loop
      vertex   -6.727780e+01 -7.778822e+01 2.560000e+01
      vertex   -6.767823e+01 -7.871630e+01 2.660000e+01
      vertex   -6.695796e+01 -7.795918e+01 2.560000e+01
    endloop
  endfacet
  facet normal 3.012830e-01 6.431673e-01 7.039633e-01
    outer loop
      vertex   -6.695796e+01 -7.795918e+01 2.560000e+01
      vertex   -6.767823e+01 -7.871630e+01 2.660000e+01
      vertex   -6.723060e+01 -7.892599e+01 2.660000e+01
    endloop
  endfacet
  facet normal 2.048190e-01 6.751976e-01 7.086307e-01
    outer loop
      vertex   -6.695796e+01 -7.795918e+01 2.560000e+01
      vertex   -6.723060e+01 -7.892599e+01 2.660000e+01
      vertex   -6.661092e+01 -7.806445e+01 2.560000e+01
    endloop
  endfacet
  facet normal 1.853992e-01 6.847363e-01 7.048144e-01
    outer loop
      vertex   -6.661092e+01 -7.806445e+01 2.560000e+01
      vertex   -6.723060e+01 -7.892599e+01 2.660000e+01
      vertex   -6.675348e+01 -7.905518e+01 2.660000e+01
    endloop
  endfacet
  facet normal 6.931116e-02 7.037280e-01 7.070805e-01
    outer loop
      vertex   -6.661092e+01 -7.806445e+01 2.560000e+01
      vertex   -6.675348e+01 -7.905518e+01 2.660000e+01
      vertex   -6.625000e+01 -7.810000e+01 2.560000e+01
    endloop
  endfacet
  facet normal 6.418962e-02 7.052966e-01 7.060003e-01
    outer loop
      vertex   -6.625000e+01 -7.810000e+01 2.560000e+01
      vertex   -6.675348e+01 -7.905518e+01 2.660000e+01
      vertex   -6.626120e+01 -7.909998e+01 2.660000e+01
    endloop
  endfacet
  facet normal -4.072308e-02 7.067561e-01 7.062843e-01
    outer loop
      vertex   -6.625000e+01 -7.810000e+01 2.560000e+01
      vertex   -6.626120e+01 -7.909998e+01 2.660000e+01
      vertex   -6.603595e+01 -7.810000e+01 2.561234e+01
    endloop
  endfacet
  facet normal -5.884121e-02 7.081710e-01 7.035848e-01
    outer loop
      vertex   -6.603595e+01 -7.810000e+01 2.561234e+01
      vertex   -6.626120e+01 -7.909998e+01 2.660000e+01
      vertex   -6.576859e+01 -7.905905e+01 2.660000e+01
    endloop
  endfacet
  facet normal -1.216951e-01 6.954233e-01 7.082208e-01
    outer loop
      vertex   -6.603595e+01 -7.810000e+01 2.561234e+01
      vertex   -6.576859e+01 -7.905905e+01 2.660000e+01
      vertex   -6.581758e+01 -7.810000e+01 2.564987e+01
    endloop
  endfacet
  facet normal -1.803814e-01 6.875885e-01 7.033382e-01
    outer loop
      vertex   -6.581758e+01 -7.810000e+01 2.564987e+01
      vertex   -6.576859e+01 -7.905905e+01 2.660000e+01
      vertex   -6.529047e+01 -7.893362e+01 2.660000e+01
    endloop
  endfacet
  facet normal -1.996909e-01 6.789686e-01 7.064879e-01
    outer loop
      vertex   -6.581758e+01 -7.810000e+01 2.564987e+01
      vertex   -6.529047e+01 -7.893362e+01 2.660000e+01
      vertex   -6.559025e+01 -7.810000e+01 2.571412e+01
    endloop
  endfacet
  facet normal -2.742539e-01 6.522886e-01 7.066147e-01
    outer loop
      vertex   -6.559025e+01 -7.810000e+01 2.571412e+01
      vertex   -6.529047e+01 -7.893362e+01 2.660000e+01
      vertex   -6.534872e+01 -7.810000e+01 2.580787e+01
    endloop
  endfacet
  facet normal -2.968141e-01 6.468174e-01 7.025160e-01
    outer loop
      vertex   -6.534872e+01 -7.810000e+01 2.580787e+01
      vertex   -6.529047e+01 -7.893362e+01 2.660000e+01
      vertex   -6.484120e+01 -7.872746e+01 2.660000e+01
    endloop
  endfacet
  facet normal -3.447722e-01 6.156745e-01 7.085739e-01
    outer loop
      vertex   -6.534872e+01 -7.810000e+01 2.580787e+01
      vertex   -6.484120e+01 -7.872746e+01 2.660000e+01
      vertex   -6.508663e+01 -7.810000e+01 2.593539e+01
    endloop
  endfacet
  facet normal -4.050239e-01 5.854474e-01 7.022869e-01
    outer loop
      vertex   -6.508663e+01 -7.810000e+01 2.593539e+01
      vertex   -6.484120e+01 -7.872746e+01 2.660000e+01
      vertex   -6.479597e+01 -7.810000e+01 2.610302e+01
    endloop
  endfacet
  facet normal -4.040260e-01 5.856782e-01 7.026692e-01
    outer loop
      vertex   -6.479597e+01 -7.810000e+01 2.610302e+01
      vertex   -6.484120e+01 -7.872746e+01 2.660000e+01
      vertex   -6.443432e+01 -7.844677e+01 2.660000e+01
    endloop
  endfacet
  facet normal -4.661361e-01 5.295666e-01 7.087145e-01
    outer loop
      vertex   -6.479597e+01 -7.810000e+01 2.610302e+01
      vertex   -6.443432e+01 -7.844677e+01 2.660000e+01
      vertex   -6.446605e+01 -7.810000e+01 2.632002e+01
    endloop
  endfacet
  facet normal -4.962250e-01 5.174620e-01 6.971326e-01
    outer loop
      vertex   -6.446605e+01 -7.810000e+01 2.632002e+01
      vertex   -6.443432e+01 -7.844677e+01 2.660000e+01
      vertex   -6.428196e+01 -7.810000e+01 2.645105e+01
    endloop
  endfacet
  facet normal -5.107579e-01 5.188531e-01 6.855056e-01
    outer loop
      vertex   -6.428196e+01 -7.810000e+01 2.645105e+01
      vertex   -6.443432e+01 -7.844677e+01 2.660000e+01
      vertex   -6.408205e+01 -7.810000e+01 2.660000e+01
    endloop
  endfacet
  facet normal -6.214461e-14 1.000000e+00 -4.736952e-15
    outer loop
      vertex   -3.225000e+01 -7.850000e+01 2.560000e+01
      vertex   -3.225000e+01 -7.850000e+01 2.260000e+01
      vertex   -3.247976e+01 -7.850000e+01 2.561421e+01
    endloop
  endfacet
  facet normal 4.179663e-16 1.000000e+00 3.185934e-17
    outer loop
      vertex   -3.247976e+01 -7.850000e+01 2.561421e+01
      vertex   -3.225000e+01 -7.850000e+01 2.260000e+01
      vertex   -6.625000e+01 -7.850000e+01 2.260000e+01
    endloop
  endfacet
  facet normal 0.000000e+00 1.000000e+00 4.714616e-15
    outer loop
      vertex   -3.247976e+01 -7.850000e+01 2.561421e+01
      vertex   -6.625000e+01 -7.850000e+01 2.260000e+01
      vertex   -6.602024e+01 -7.850000e+01 2.561421e+01
    endloop
  endfacet
  facet normal 6.185159e-14 1.000000e+00 0.000000e+00
    outer loop
      vertex   -6.602024e+01 -7.850000e+01 2.561421e+01
      vertex   -6.625000e+01 -7.850000e+01 2.260000e+01
      vertex   -6.625000e+01 -7.850000e+01 2.560000e+01
    endloop
  endfacet
  facet normal 0.000000e+00 1.000000e+00 0.000000e+00
    outer loop
      vertex   -6.602024e+01 -7.850000e+01 2.561421e+01
      vertex   -6.578513e+01 -7.850000e+01 2.565751e+01
      vertex   -3.247976e+01 -7.850000e+01 2.561421e+01
    endloop
  endfacet
  facet normal 0.000000e+00 1.000000e+00 0.000000e+00
    outer loop
      vertex   -3.247976e+01 -7.850000e+01 2.561421e+01
      vertex   -6.578513e+01 -7.850000e+01 2.565751e+01
      vertex   -3.271487e+01 -7.850000e+01 2.565751e+01
    endloop
  endfacet
  facet normal -2.050440e-29 1.000000e+00 1.908641e-13
    outer loop
      vertex   -3.271487e+01 -7.850000e+01 2.565751e+01
      vertex   -6.578513e+01 -7.850000e+01 2.565751e+01
      vertex   -6.553888e+01 -7.850000e+01 2.573197e+01
    endloop
  endfacet
  facet normal -4.362135e-16 1.000000e+00 -1.442729e-15
    outer loop
      vertex   -3.271487e+01 -7.850000e+01 2.565751e+01
      vertex   -6.553888e+01 -7.850000e+01 2.573197e+01
      vertex   -3.296112e+01 -7.850000e+01 2.573197e+01
    endloop
  endfacet
  facet normal -4.362135e-16 1.000000e+00 1.053650e-15
    outer loop
      vertex   -3.296112e+01 -7.850000e+01 2.573197e+01
      vertex   -6.553888e+01 -7.850000e+01 2.573197e+01
      vertex   -6.527478e+01 -7.850000e+01 2.584130e+01
    endloop
  endfacet
  facet normal -1.440771e-29 1.000000e+00 1.299741e-13
    outer loop
      vertex   -3.296112e+01 -7.850000e+01 2.573197e+01
      vertex   -6.527478e+01 -7.850000e+01 2.584130e+01
      vertex   -3.322522e+01 -7.850000e+01 2.584130e+01
    endloop
  endfacet
  facet normal 0.000000e+00 1.000000e+00 0.000000e+00
    outer loop
      vertex   -3.322522e+01 -7.850000e+01 2.584130e+01
      vertex   -6.527478e+01 -7.850000e+01 2.584130e+01
      vertex   -6.498455e+01 -7.850000e+01 2.599140e+01
    endloop
  endfacet
  facet normal -9.031623e-16 1.000000e+00 -1.911084e-13
    outer loop
      vertex   -3.322522e+01 -7.850000e+01 2.584130e+01
      vertex   -6.498455e+01 -7.850000e+01 2.599140e+01
      vertex   -3.351545e+01 -7.850000e+01 2.599140e+01
    endloop
  endfacet
  facet normal -9.031623e-16 1.000000e+00 1.479673e-15
    outer loop
      vertex   -3.351545e+01 -7.850000e+01 2.599140e+01
      vertex   -6.498455e+01 -7.850000e+01 2.599140e+01
      vertex   -6.465733e+01 -7.850000e+01 2.619112e+01
    endloop
  endfacet
  facet normal 0.000000e+00 1.000000e+00 1.423021e-13
    outer loop
      vertex   -3.351545e+01 -7.850000e+01 2.599140e+01
      vertex   -6.465733e+01 -7.850000e+01 2.619112e+01
      vertex   -3.384267e+01 -7.850000e+01 2.619112e+01
    endloop
  endfacet
  facet normal 0.000000e+00 1.000000e+00 0.000000e+00
    outer loop
      vertex   -3.384267e+01 -7.850000e+01 2.619112e+01
      vertex   -6.465733e+01 -7.850000e+01 2.619112e+01
      vertex   -6.447539e+01 -7.850000e+01 2.631354e+01
    endloop
  endfacet
  facet normal -9.333656e-16 1.000000e+00 -2.335585e-13
    outer loop
      vertex   -3.384267e+01 -7.850000e+01 2.619112e+01
      vertex   -6.447539e+01 -7.850000e+01 2.631354e+01
      vertex   -3.402461e+01 -7.850000e+01 2.631354e+01
    endloop
  endfacet
  facet normal -9.333656e-16 1.000000e+00 1.312270e-15
    outer loop
      vertex   -3.402461e+01 -7.850000e+01 2.631354e+01
      vertex   -6.447539e+01 -7.850000e+01 2.631354e+01
      vertex   -6.427813e+01 -7.850000e+01 2.645385e+01
    endloop
  endfacet
  facet normal -4.728086e-16 1.000000e+00 1.006208e-13
    outer loop
      vertex   -3.402461e+01 -7.850000e+01 2.631354e+01
      vertex   -6.427813e+01 -7.850000e+01 2.645385e+01
      vertex   -3.422187e+01 -7.850000e+01 2.645385e+01
    endloop
  endfacet
  facet normal -4.728086e-16 1.000000e+00 -8.764126e-14
    outer loop
      vertex   -3.422187e+01 -7.850000e+01 2.645385e+01
      vertex   -6.427813e+01 -7.850000e+01 2.645385e+01
      vertex   -6.406259e+01 -7.850000e+01 2.661483e+01
    endloop
  endfacet
  facet normal 0.000000e+00 1.000000e+00 0.000000e+00
    outer loop
      vertex   -3.422187e+01 -7.850000e+01 2.645385e+01
      vertex   -6.406259e+01 -7.850000e+01 2.661483e+01
      vertex   -3.443741e+01 -7.850000e+01 2.661483e+01
    endloop
  endfacet
  facet normal 0.000000e+00 1.000000e+00 -7.674548e-14
    outer loop
      vertex   -3.443741e+01 -7.850000e+01 2.661483e+01
      vertex   -6.406259e+01 -7.850000e+01 2.661483e+01
      vertex   -6.382513e+01 -7.850000e+01 2.680000e+01
    endloop
  endfacet
  facet normal -9.353423e-30 1.000000e+00 -7.674548e-14
    outer loop
      vertex   -3.443741e+01 -7.850000e+01 2.661483e+01
      vertex   -6.382513e+01 -7.850000e+01 2.680000e+01
      vertex   -3.467487e+01 -7.850000e+01 2.680000e+01
    endloop
  endfacet
  facet normal 8.715574e-02 -9.961947e-01 0.000000e+00
    outer loop
      vertex   -6.669280e+01 -3.973874e+01 2.260000e+01
      vertex   -6.669280e+01 -3.973874e+01 1.473333e+01
      vertex   -6.625000e+01 -3.970000e+01 2.260000e+01
    endloop
  endfacet
  facet normal 8.715574e-02 -9.961947e-01 4.681714e-20
    outer loop
      vertex   -6.625000e+01 -3.970000e+01 2.260000e+01
      vertex   -6.669280e+01 -3.973874e+01 1.473333e+01
      vertex   -6.669280e+01 -3.973874e+01 6.866667e+00
    endloop
  endfacet
  facet normal 8.715574e-02 -9.961947e-01 0.000000e+00
    outer loop
      vertex   -6.625000e+01 -3.970000e+01 2.260000e+01
      vertex   -6.669280e+01 -3.973874e+01 6.866667e+00
      vertex   -6.625000e+01 -3.970000e+01 -1.000000e+00
    endloop
  endfacet
  facet normal 8.715574e-02 -9.961947e-01 4.681714e-20
    outer loop
      vertex   -6.625000e+01 -3.970000e+01 -1.000000e+00
      vertex   -6.669280e+01 -3.973874e+01 6.866667e+00
      vertex   -6.669280e+01 -3.973874e+01 -1.000000e+00
    endloop
  endfacet
  facet normal 2.588190e-01 -9.659258e-01 0.000000e+00
    outer loop
      vertex   -6.669280e+01 -3.973874e+01 -1.000000e+00
      vertex   -6.669280e+01 -3.973874e+01 6.866667e+00
      vertex   -6.712215e+01 -3.985378e+01 -1.000000e+00
    endloop
  endfacet
  facet normal 2.588190e-01 -9.659258e-01 0.000000e+00
    outer loop
      vertex   -6.712215e+01 -3.985378e+01 -1.000000e+00
      vertex   -6.669280e+01 -3.973874e+01 6.866667e+00
      vertex   -6.712215e+01 -3.985378e+01 6.866667e+00
    endloop
  endfacet
  facet normal 4.226183e-01 -9.063078e-01 0.000000e+00
    outer loop
      vertex   -6.712215e+01 -3.985378e+01 -1.000000e+00
      vertex   -6.712215e+01 -3.985378e+01 6.866667e+00
      vertex   -6.752500e+01 -4.004164e+01 -1.000000e+00
    endloop
  endfacet
  facet normal 4.226183e-01 -9.063078e-01 0.000000e+00
    outer loop
      vertex   -6.752500e+01 -4.004164e+01 -1.000000e+00
      vertex   -6.712215e+01 -3.985378e+01 6.866667e+00
      vertex   -6.752500e+01 -4.004164e+01 6.866667e+00
    endloop
  endfacet
  facet normal 5.735764e-01 -8.191520e-01 0.000000e+00
    outer loop
      vertex   -6.752500e+01 -4.004164e+01 -1.000000e+00
      vertex   -6.752500e+01 -4.004164e+01 6.866667e+00
      vertex   -6.788911e+01 -4.029659e+01 -1.000000e+00
    endloop
  endfacet
  facet normal 5.735764e-01 -8.191520e-01 0.000000e+00
    outer loop
      vertex   -6.788911e+01 -4.029659e+01 -1.000000e+00
      vertex   -6.752500e+01 -4.004164e+01 6.866667e+00
      vertex   -6.788911e+01 -4.029659e+01 6.866667e+00
    endloop
  endfacet
  facet normal 7.071068e-01 -7.071068e-01 0.000000e+00
    outer loop
      vertex   -6.788911e+01 -4.029659e+01 -1.000000e+00
      vertex   -6.788911e+01 -4.029659e+01 6.866667e+00
      vertex   -6.820341e+01 -4.061089e+01 -1.000000e+00
    endloop
  endfacet
  facet normal 7.071068e-01 -7.071068e-01 0.000000e+00
    outer loop
      vertex   -6.820341e+01 -4.061089e+01 -1.000000e+00
      vertex   -6.788911e+01 -4.029659e+01 6.866667e+00
      vertex   -6.820341e+01 -4.061089e+01 6.866667e+00
    endloop
  endfacet
  facet normal 8.191520e-01 -5.735764e-01 0.000000e+00
    outer loop
      vertex   -6.820341e+01 -4.061089e+01 -1.000000e+00
      vertex   -6.820341e+01 -4.061089e+01 6.866667e+00
      vertex   -6.845836e+01 -4.097500e+01 -1.000000e+00
    endloop
  endfacet
  facet normal 8.191520e-01 -5.735764e-01 -1.479769e-15
    outer loop
      vertex   -6.845836e+01 -4.097500e+01 -1.000000e+00
      vertex   -6.820341e+01 -4.061089e+01 6.866667e+00
      vertex   -6.845836e+01 -4.097500e+01 6.866667e+00
    endloop
  endfacet
  facet normal 9.063078e-01 -4.226183e-01 -1.637213e-15
    outer loop
      vertex   -6.845836e+01 -4.097500e+01 -1.000000e+00
      vertex   -6.845836e+01 -4.097500e+01 6.866667e+00
      vertex   -6.864622e+01 -4.137785e+01 -1.000000e+00
    endloop
  endfacet
  facet normal 9.063078e-01 -4.226183e-01 0.000000e+00
    outer loop
      vertex   -6.864622e+01 -4.137785e+01 -1.000000e+00
      vertex   -6.845836e+01 -4.097500e+01 6.866667e+00
      vertex   -6.864622e+01 -4.137785e+01 6.866667e+00
    endloop
  endfacet
  facet normal 9.659258e-01 -2.588190e-01 0.000000e+00
    outer loop
      vertex   -6.864622e+01 -4.137785e+01 -1.000000e+00
      vertex   -6.864622e+01 -4.137785e+01 6.866667e+00
      vertex   -6.876126e+01 -4.180720e+01 -1.000000e+00
    endloop
  endfacet
  facet normal 9.659258e-01 -2.588190e-01 0.000000e+00
    outer loop
      vertex   -6.876126e+01 -4.180720e+01 -1.000000e+00
      vertex   -6.864622e+01 -4.137785e+01 6.866667e+00
      vertex   -6.876126e+01 -4.180720e+01 6.866667e+00
    endloop
  endfacet
  facet normal 9.961947e-01 -8.715574e-02 0.000000e+00
    outer loop
      vertex   -6.876126e+01 -4.180720e+01 -1.000000e+00
      vertex   -6.876126e+01 -4.180720e+01 6.866667e+00
      vertex   -6.880000e+01 -4.225000e+01 -1.000000e+00
    endloop
  endfacet
  facet normal 9.961947e-01 -8.715574e-02 -1.320402e-19
    outer loop
      vertex   -6.880000e+01 -4.225000e+01 -1.000000e+00
      vertex   -6.876126e+01 -4.180720e+01 6.866667e+00
      vertex   -6.876126e+01 -4.180720e+01 1.473333e+01
    endloop
  endfacet
  facet normal 9.961947e-01 -8.715574e-02 0.000000e+00
    outer loop
      vertex   -6.880000e+01 -4.225000e+01 -1.000000e+00
      vertex   -6.876126e+01 -4.180720e+01 1.473333e+01
      vertex   -6.880000e+01 -4.225000e+01 2.260000e+01
    endloop
  endfacet
  facet normal 9.961947e-01 -8.715574e-02 -1.320402e-19
    outer loop
      vertex   -6.880000e+01 -4.225000e+01 2.260000e+01
      vertex   -6.876126e+01 -4.180720e+01 1.473333e+01
      vertex   -6.876126e+01 -4.180720e+01 2.260000e+01
    endloop
  endfacet
  facet normal 9.659258e-01 -2.588190e-01 0.000000e+00
    outer loop
      vertex   -6.876126e+01 -4.180720e+01 2.260000e+01
      vertex   -6.876126e+01 -4.180720e+01 1.473333e+01
      vertex   -6.864622e+01 -4.137785e+01 2.260000e+01
    endloop
  endfacet
  facet normal 9.659258e-01 -2.588190e-01 0.000000e+00
    outer loop
      vertex   -6.864622e+01 -4.137785e+01 2.260000e+01
      vertex   -6.876126e+01 -4.180720e+01 1.473333e+01
      vertex   -6.864622e+01 -4.137785e+01 1.473333e+01
    endloop
  endfacet
  facet normal 9.063078e-01 -4.226183e-01 0.000000e+00
    outer loop
      vertex   -6.864622e+01 -4.137785e+01 2.260000e+01
      vertex   -6.864622e+01 -4.137785e+01 1.473333e+01
      vertex   -6.845836e+01 -4.097500e+01 2.260000e+01
    endloop
  endfacet
  facet normal 9.063078e-01 -4.226183e-01 1.637213e-15
    outer loop
      vertex   -6.845836e+01 -4.097500e+01 2.260000e+01
      vertex   -6.864622e+01 -4.137785e+01 1.473333e+01
      vertex   -6.845836e+01 -4.097500e+01 1.473333e+01
    endloop
  endfacet
  facet normal 8.191520e-01 -5.735764e-01 1.479769e-15
    outer loop
      vertex   -6.845836e+01 -4.097500e+01 2.260000e+01
      vertex   -6.845836e+01 -4.097500e+01 1.473333e+01
      vertex   -6.820341e+01 -4.061089e+01 2.260000e+01
    endloop
  endfacet
  facet normal 8.191520e-01 -5.735764e-01 0.000000e+00
    outer loop
      vertex   -6.820341e+01 -4.061089e+01 2.260000e+01
      vertex   -6.845836e+01 -4.097500e+01 1.473333e+01
      vertex   -6.820341e+01 -4.061089e+01 1.473333e+01
    endloop
  endfacet
  facet normal 7.071068e-01 -7.071068e-01 0.000000e+00
    outer loop
      vertex   -6.820341e+01 -4.061089e+01 2.260000e+01
      vertex   -6.820341e+01 -4.061089e+01 1.473333e+01
      vertex   -6.788911e+01 -4.029659e+01 2.260000e+01
    endloop
  endfacet
  facet normal 7.071068e-01 -7.071068e-01 0.000000e+00
    outer loop
      vertex   -6.788911e+01 -4.029659e+01 2.260000e+01
      vertex   -6.820341e+01 -4.061089e+01 1.473333e+01
      vertex   -6.788911e+01 -4.029659e+01 1.473333e+01
    endloop
  endfacet
  facet normal 5.735764e-01 -8.191520e-01 0.000000e+00
    outer loop
      vertex   -6.788911e+01 -4.029659e+01 2.260000e+01
      vertex   -6.788911e+01 -4.029659e+01 1.473333e+01
      vertex   -6.752500e+01 -4.004164e+01 2.260000e+01
    endloop
  endfacet
  facet normal 5.735764e-01 -8.191520e-01 0.000000e+00
    outer loop
      vertex   -6.752500e+01 -4.004164e+01 2.260000e+01
      vertex   -6.788911e+01 -4.029659e+01 1.473333e+01
      vertex   -6.752500e+01 -4.004164e+01 1.473333e+01
    endloop
  endfacet
  facet normal 4.226183e-01 -9.063078e-01 0.000000e+00
    outer loop
      vertex   -6.752500e+01 -4.004164e+01 2.260000e+01
      vertex   -6.752500e+01 -4.004164e+01 1.473333e+01
      vertex   -6.712215e+01 -3.985378e+01 2.260000e+01
    endloop
  endfacet
  facet normal 4.226183e-01 -9.063078e-01 0.000000e+00
    outer loop
      vertex   -6.712215e+01 -3.985378e+01 2.260000e+01
      vertex   -6.752500e+01 -4.004164e+01 1.473333e+01
      vertex   -6.712215e+01 -3.985378e+01 1.473333e+01
    endloop
  endfacet
  facet normal 2.588190e-01 -9.659258e-01 0.000000e+00
    outer loop
      vertex   -6.712215e+01 -3.985378e+01 2.260000e+01
      vertex   -6.712215e+01 -3.985378e+01 1.473333e+01
      vertex   -6.669280e+01 -3.973874e+01 2.260000e+01
    endloop
  endfacet
  facet normal 2.588190e-01 -9.659258e-01 0.000000e+00
    outer loop
      vertex   -6.669280e+01 -3.973874e+01 2.260000e+01
      vertex   -6.712215e+01 -3.985378e+01 1.473333e+01
      vertex   -6.669280e+01 -3.973874e+01 1.473333e+01
    endloop
  endfacet
  facet normal 2.588190e-01 -9.659258e-01 -3.097588e-19
    outer loop
      vertex   -6.712215e+01 -3.985378e+01 6.866667e+00
      vertex   -6.669280e+01 -3.973874e+01 6.866667e+00
      vertex   -6.669280e+01 -3.973874e+01 1.473333e+01
    endloop
  endfacet
  facet normal 2.588190e-01 -9.659258e-01 0.000000e+00
    outer loop
      vertex   -6.712215e+01 -3.985378e+01 6.866667e+00
      vertex   -6.669280e+01 -3.973874e+01 1.473333e+01
      vertex   -6.712215e+01 -3.985378e+01 1.473333e+01
    endloop
  endfacet
  facet normal 4.226183e-01 -9.063078e-01 -1.630537e-18
    outer loop
      vertex   -6.752500e+01 -4.004164e+01 6.866667e+00
      vertex   -6.712215e+01 -3.985378e+01 6.866667e+00
      vertex   -6.712215e+01 -3.985378e+01 1.473333e+01
    endloop
  endfacet
  facet normal 4.226183e-01 -9.063078e-01 0.000000e+00
    outer loop
      vertex   -6.752500e+01 -4.004164e+01 6.866667e+00
      vertex   -6.712215e+01 -3.985378e+01 1.473333e+01
      vertex   -6.752500e+01 -4.004164e+01 1.473333e+01
    endloop
  endfacet
  facet normal 5.735764e-01 -8.191520e-01 -4.241167e-19
    outer loop
      vertex   -6.788911e+01 -4.029659e+01 6.866667e+00
      vertex   -6.752500e+01 -4.004164e+01 6.866667e+00
      vertex   -6.752500e+01 -4.004164e+01 1.473333e+01
    endloop
  endfacet
  facet normal 5.735764e-01 -8.191520e-01 0.000000e+00
    outer loop
      vertex   -6.788911e+01 -4.029659e+01 6.866667e+00
      vertex   -6.752500e+01 -4.004164e+01 1.473333e+01
      vertex   -6.788911e+01 -4.029659e+01 1.473333e+01
    endloop
  endfacet
  facet normal 7.071068e-01 -7.071068e-01 7.324794e-19
    outer loop
      vertex   -6.820341e+01 -4.061089e+01 6.866667e+00
      vertex   -6.788911e+01 -4.029659e+01 6.866667e+00
      vertex   -6.788911e+01 -4.029659e+01 1.473333e+01
    endloop
  endfacet
  facet normal 7.071068e-01 -7.071068e-01 0.000000e+00
    outer loop
      vertex   -6.820341e+01 -4.061089e+01 6.866667e+00
      vertex   -6.788911e+01 -4.029659e+01 1.473333e+01
      vertex   -6.820341e+01 -4.061089e+01 1.473333e+01
    endloop
  endfacet
  facet normal 8.191520e-01 -5.735764e-01 -4.241167e-19
    outer loop
      vertex   -6.845836e+01 -4.097500e+01 6.866667e+00
      vertex   -6.820341e+01 -4.061089e+01 6.866667e+00
      vertex   -6.820341e+01 -4.061089e+01 1.473333e+01
    endloop
  endfacet
  facet normal 8.191520e-01 -5.735764e-01 0.000000e+00
    outer loop
      vertex   -6.845836e+01 -4.097500e+01 6.866667e+00
      vertex   -6.820341e+01 -4.061089e+01 1.473333e+01
      vertex   -6.845836e+01 -4.097500e+01 1.473333e+01
    endloop
  endfacet
  facet normal 9.063078e-01 -4.226183e-01 -1.318657e-18
    outer loop
      vertex   -6.864622e+01 -4.137785e+01 6.866667e+00
      vertex   -6.845836e+01 -4.097500e+01 6.866667e+00
      vertex   -6.845836e+01 -4.097500e+01 1.473333e+01
    endloop
  endfacet
  facet normal 9.063078e-01 -4.226183e-01 0.000000e+00
    outer loop
      vertex   -6.864622e+01 -4.137785e+01 6.866667e+00
      vertex   -6.845836e+01 -4.097500e+01 1.473333e+01
      vertex   -6.864622e+01 -4.137785e+01 1.473333e+01
    endloop
  endfacet
  facet normal 9.659258e-01 -2.588190e-01 7.667685e-19
    outer loop
      vertex   -6.876126e+01 -4.180720e+01 6.866667e+00
      vertex   -6.864622e+01 -4.137785e+01 6.866667e+00
      vertex   -6.864622e+01 -4.137785e+01 1.473333e+01
    endloop
  endfacet
  facet normal 9.659258e-01 -2.588190e-01 0.000000e+00
    outer loop
      vertex   -6.876126e+01 -4.180720e+01 6.866667e+00
      vertex   -6.864622e+01 -4.137785e+01 1.473333e+01
      vertex   -6.876126e+01 -4.180720e+01 1.473333e+01
    endloop
  endfacet
  facet normal 1.000000e+00 1.184238e-15 -0.000000e+00
    outer loop
      vertex   -6.880000e+01 -7.625000e+01 -1.000000e+00
      vertex   -6.880000e+01 -6.425000e+01 2.560000e+01
      vertex   -6.880000e+01 -7.625000e+01 2.260000e+01
    endloop
  endfacet
  facet normal 1.000000e+00 1.369848e-15 -7.424399e-16
    outer loop
      vertex   -6.880000e+01 -7.625000e+01 2.260000e+01
      vertex   -6.880000e+01 -6.425000e+01 2.560000e+01
      vertex   -6.880000e+01 -7.408205e+01 2.660000e+01
    endloop
  endfacet
  facet normal 1.000000e+00 0.000000e+00 0.000000e+00
    outer loop
      vertex   -6.880000e+01 -7.625000e+01 2.260000e+01
      vertex   -6.880000e+01 -7.408205e+01 2.660000e+01
      vertex   -6.880000e+01 -7.428196e+01 2.645105e+01
    endloop
  endfacet
  facet normal 1.000000e+00 -0.000000e+00 5.342426e-16
    outer loop
      vertex   -6.880000e+01 -7.625000e+01 -1.000000e+00
      vertex   -6.880000e+01 -4.225000e+01 -1.000000e+00
      vertex   -6.880000e+01 -6.425000e+01 2.560000e+01
    endloop
  endfacet
  facet normal 1.000000e+00 -0.000000e+00 5.342426e-16
    outer loop
      vertex   -6.880000e+01 -6.425000e+01 2.560000e+01
      vertex   -6.880000e+01 -4.225000e+01 -1.000000e+00
      vertex   -6.880000e+01 -5.425000e+01 2.560000e+01
    endloop
  endfacet
  facet normal 1.000000e+00 -1.184238e-15 0.000000e+00
    outer loop
      vertex   -6.880000e+01 -5.425000e+01 2.560000e+01
      vertex   -6.880000e+01 -4.225000e+01 -1.000000e+00
      vertex   -6.880000e+01 -4.225000e+01 2.260000e+01
    endloop
  endfacet
  facet normal 1.000000e+00 -1.369848e-15 -7.424399e-16
    outer loop
      vertex   -6.880000e+01 -5.425000e+01 2.560000e+01
      vertex   -6.880000e+01 -4.225000e+01 2.260000e+01
      vertex   -6.880000e+01 -4.441795e+01 2.660000e+01
    endloop
  endfacet
  facet normal 1.000000e+00 -1.192391e-13 -6.462603e-14
    outer loop
      vertex   -6.880000e+01 -4.441795e+01 2.660000e+01
      vertex   -6.880000e+01 -4.225000e+01 2.260000e+01
      vertex   -6.880000e+01 -4.421804e+01 2.645105e+01
    endloop
  endfacet
  facet normal 1.000000e+00 -4.128429e-15 -5.799913e-15
    outer loop
      vertex   -6.880000e+01 -4.421804e+01 2.645105e+01
      vertex   -6.880000e+01 -4.225000e+01 2.260000e+01
      vertex   -6.880000e+01 -4.403395e+01 2.632002e+01
    endloop
  endfacet
  facet normal 1.000000e+00 5.924910e-14 2.459308e-14
    outer loop
      vertex   -6.880000e+01 -4.403395e+01 2.632002e+01
      vertex   -6.880000e+01 -4.225000e+01 2.260000e+01
      vertex   -6.880000e+01 -4.370403e+01 2.610302e+01
    endloop
  endfacet
  facet normal 1.000000e+00 0.000000e+00 0.000000e+00
    outer loop
      vertex   -6.880000e+01 -4.370403e+01 2.610302e+01
      vertex   -6.880000e+01 -4.225000e+01 2.260000e+01
      vertex   -6.880000e+01 -4.341337e+01 2.593539e+01
    endloop
  endfacet
  facet normal 1.000000e+00 6.530578e-14 2.277832e-14
    outer loop
      vertex   -6.880000e+01 -4.341337e+01 2.593539e+01
      vertex   -6.880000e+01 -4.225000e+01 2.260000e+01
      vertex   -6.880000e+01 -4.315128e+01 2.580787e+01
    endloop
  endfacet
  facet normal 1.000000e+00 -1.301430e-13 -3.213497e-14
    outer loop
      vertex   -6.880000e+01 -4.315128e+01 2.580787e+01
      vertex   -6.880000e+01 -4.225000e+01 2.260000e+01
      vertex   -6.880000e+01 -4.290975e+01 2.571412e+01
    endloop
  endfacet
  facet normal 1.000000e+00 -1.372006e-15 -4.854031e-15
    outer loop
      vertex   -6.880000e+01 -4.290975e+01 2.571412e+01
      vertex   -6.880000e+01 -4.225000e+01 2.260000e+01
      vertex   -6.880000e+01 -4.268242e+01 2.564987e+01
    endloop
  endfacet
  facet normal 1.000000e+00 1.325809e-13 1.413830e-14
    outer loop
      vertex   -6.880000e+01 -4.268242e+01 2.564987e+01
      vertex   -6.880000e+01 -4.225000e+01 2.260000e+01
      vertex   -6.880000e+01 -4.246405e+01 2.561234e+01
    endloop
  endfacet
  facet normal 1.000000e+00 2.731241e-16 4.736952e-15
    outer loop
      vertex   -6.880000e+01 -4.246405e+01 2.561234e+01
      vertex   -6.880000e+01 -4.225000e+01 2.260000e+01
      vertex   -6.880000e+01 -4.225000e+01 2.560000e+01
    endloop
  endfacet
  facet normal 1.000000e+00 -1.445360e-15 0.000000e+00
    outer loop
      vertex   -6.880000e+01 -4.441795e+01 2.660000e+01
      vertex   -6.880000e+01 -5.425000e+01 2.660000e+01
      vertex   -6.880000e+01 -5.425000e+01 2.560000e+01
    endloop
  endfacet
  facet normal 1.000000e+00 1.445360e-15 -0.000000e+00
    outer loop
      vertex   -6.880000e+01 -6.425000e+01 2.560000e+01
      vertex   -6.880000e+01 -6.425000e+01 2.660000e+01
      vertex   -6.880000e+01 -7.408205e+01 2.660000e+01
    endloop
  endfacet
  facet normal 1.000000e+00 -1.213305e-13 6.200473e-14
    outer loop
      vertex   -6.880000e+01 -7.428196e+01 2.645105e+01
      vertex   -6.880000e+01 -7.446605e+01 2.632002e+01
      vertex   -6.880000e+01 -7.625000e+01 2.260000e+01
    endloop
  endfacet
  facet normal 1.000000e+00 -3.670187e-15 5.580162e-15
    outer loop
      vertex   -6.880000e+01 -7.625000e+01 2.260000e+01
      vertex   -6.880000e+01 -7.446605e+01 2.632002e+01
      vertex   -6.880000e+01 -7.479597e+01 2.610302e+01
    endloop
  endfacet
  facet normal 1.000000e+00 -3.075946e-15 5.333504e-15
    outer loop
      vertex   -6.880000e+01 -7.625000e+01 2.260000e+01
      vertex   -6.880000e+01 -7.479597e+01 2.610302e+01
      vertex   -6.880000e+01 -7.508663e+01 2.593539e+01
    endloop
  endfacet
  facet normal 1.000000e+00 1.281147e-13 -4.042511e-14
    outer loop
      vertex   -6.880000e+01 -7.508663e+01 2.593539e+01
      vertex   -6.880000e+01 -7.534872e+01 2.580787e+01
      vertex   -6.880000e+01 -7.625000e+01 2.260000e+01
    endloop
  endfacet
  facet normal 1.000000e+00 -1.301430e-13 3.213497e-14
    outer loop
      vertex   -6.880000e+01 -7.625000e+01 2.260000e+01
      vertex   -6.880000e+01 -7.534872e+01 2.580787e+01
      vertex   -6.880000e+01 -7.559025e+01 2.571412e+01
    endloop
  endfacet
  facet normal 1.000000e+00 -6.786730e-14 1.894148e-14
    outer loop
      vertex   -6.880000e+01 -7.625000e+01 2.260000e+01
      vertex   -6.880000e+01 -7.559025e+01 2.571412e+01
      vertex   -6.880000e+01 -7.581758e+01 2.564987e+01
    endloop
  endfacet
  facet normal 1.000000e+00 6.505949e-14 9.463388e-17
    outer loop
      vertex   -6.880000e+01 -7.581758e+01 2.564987e+01
      vertex   -6.880000e+01 -7.603595e+01 2.561234e+01
      vertex   -6.880000e+01 -7.625000e+01 2.260000e+01
    endloop
  endfacet
  facet normal 1.000000e+00 6.639130e-14 -0.000000e+00
    outer loop
      vertex   -6.880000e+01 -7.625000e+01 2.260000e+01
      vertex   -6.880000e+01 -7.603595e+01 2.561234e+01
      vertex   -6.880000e+01 -7.625000e+01 2.560000e+01
    endloop
  endfacet
  facet normal 9.961947e-01 8.715574e-02 0.000000e+00
    outer loop
      vertex   -6.876126e+01 -7.669280e+01 2.260000e+01
      vertex   -6.876126e+01 -7.669280e+01 1.473333e+01
      vertex   -6.880000e+01 -7.625000e+01 2.260000e+01
    endloop
  endfacet
  facet normal 9.961947e-01 8.715574e-02 -1.854853e-19
    outer loop
      vertex   -6.880000e+01 -7.625000e+01 2.260000e+01
      vertex   -6.876126e+01 -7.669280e+01 1.473333e+01
      vertex   -6.876126e+01 -7.669280e+01 6.866667e+00
    endloop
  endfacet
  facet normal 9.961947e-01 8.715574e-02 0.000000e+00
    outer loop
      vertex   -6.880000e+01 -7.625000e+01 2.260000e+01
      vertex   -6.876126e+01 -7.669280e+01 6.866667e+00
      vertex   -6.880000e+01 -7.625000e+01 -1.000000e+00
    endloop
  endfacet
  facet normal 9.961947e-01 8.715574e-02 -1.854853e-19
    outer loop
      vertex   -6.880000e+01 -7.625000e+01 -1.000000e+00
      vertex   -6.876126e+01 -7.669280e+01 6.866667e+00
      vertex   -6.876126e+01 -7.669280e+01 -1.000000e+00
    endloop
  endfacet
  facet normal 9.659258e-01 2.588190e-01 -0.000000e+00
    outer loop
      vertex   -6.876126e+01 -7.669280e+01 -1.000000e+00
      vertex   -6.876126e+01 -7.669280e+01 6.866667e+00
      vertex   -6.864622e+01 -7.712215e+01 -1.000000e+00
    endloop
  endfacet
  facet normal 9.659258e-01 2.588190e-01 -0.000000e+00
    outer loop
      vertex   -6.864622e+01 -7.712215e+01 -1.000000e+00
      vertex   -6.876126e+01 -7.669280e+01 6.866667e+00
      vertex   -6.864622e+01 -7.712215e+01 6.866667e+00
    endloop
  endfacet
  facet normal 9.063078e-01 4.226183e-01 -0.000000e+00
    outer loop
      vertex   -6.864622e+01 -7.712215e+01 -1.000000e+00
      vertex   -6.864622e+01 -7.712215e+01 6.866667e+00
      vertex   -6.845836e+01 -7.752500e+01 -1.000000e+00
    endloop
  endfacet
  facet normal 9.063078e-01 4.226183e-01 -0.000000e+00
    outer loop
      vertex   -6.845836e+01 -7.752500e+01 -1.000000e+00
      vertex   -6.864622e+01 -7.712215e+01 6.866667e+00
      vertex   -6.845836e+01 -7.752500e+01 6.866667e+00
    endloop
  endfacet
  facet normal 8.191520e-01 5.735764e-01 -0.000000e+00
    outer loop
      vertex   -6.845836e+01 -7.752500e+01 -1.000000e+00
      vertex   -6.845836e+01 -7.752500e+01 6.866667e+00
      vertex   -6.820341e+01 -7.788911e+01 -1.000000e+00
    endloop
  endfacet
  facet normal 8.191520e-01 5.735764e-01 -0.000000e+00
    outer loop
      vertex   -6.820341e+01 -7.788911e+01 -1.000000e+00
      vertex   -6.845836e+01 -7.752500e+01 6.866667e+00
      vertex   -6.820341e+01 -7.788911e+01 6.866667e+00
    endloop
  endfacet
  facet normal 7.071068e-01 7.071068e-01 -0.000000e+00
    outer loop
      vertex   -6.820341e+01 -7.788911e+01 -1.000000e+00
      vertex   -6.820341e+01 -7.788911e+01 6.866667e+00
      vertex   -6.788911e+01 -7.820341e+01 -1.000000e+00
    endloop
  endfacet
  facet normal 7.071068e-01 7.071068e-01 -0.000000e+00
    outer loop
      vertex   -6.788911e+01 -7.820341e+01 -1.000000e+00
      vertex   -6.820341e+01 -7.788911e+01 6.866667e+00
      vertex   -6.788911e+01 -7.820341e+01 6.866667e+00
    endloop
  endfacet
  facet normal 5.735764e-01 8.191520e-01 -0.000000e+00
    outer loop
      vertex   -6.788911e+01 -7.820341e+01 -1.000000e+00
      vertex   -6.788911e+01 -7.820341e+01 6.866667e+00
      vertex   -6.752500e+01 -7.845836e+01 -1.000000e+00
    endloop
  endfacet
  facet normal 5.735764e-01 8.191520e-01 -0.000000e+00
    outer loop
      vertex   -6.752500e+01 -7.845836e+01 -1.000000e+00
      vertex   -6.788911e+01 -7.820341e+01 6.866667e+00
      vertex   -6.752500e+01 -7.845836e+01 6.866667e+00
    endloop
  endfacet
  facet normal 4.226183e-01 9.063078e-01 -0.000000e+00
    outer loop
      vertex   -6.752500e+01 -7.845836e+01 -1.000000e+00
      vertex   -6.752500e+01 -7.845836e+01 6.866667e+00
      vertex   -6.712215e+01 -7.864622e+01 -1.000000e+00
    endloop
  endfacet
  facet normal 4.226183e-01 9.063078e-01 -0.000000e+00
    outer loop
      vertex   -6.712215e+01 -7.864622e+01 -1.000000e+00
      vertex   -6.752500e+01 -7.845836e+01 6.866667e+00
      vertex   -6.712215e+01 -7.864622e+01 6.866667e+00
    endloop
  endfacet
  facet normal 2.588190e-01 9.659258e-01 -0.000000e+00
    outer loop
      vertex   -6.712215e+01 -7.864622e+01 -1.000000e+00
      vertex   -6.712215e+01 -7.864622e+01 6.866667e+00
      vertex   -6.669280e+01 -7.876126e+01 -1.000000e+00
    endloop
  endfacet
  facet normal 2.588190e-01 9.659258e-01 -0.000000e+00
    outer loop
      vertex   -6.669280e+01 -7.876126e+01 -1.000000e+00
      vertex   -6.712215e+01 -7.864622e+01 6.866667e+00
      vertex   -6.669280e+01 -7.876126e+01 6.866667e+00
    endloop
  endfacet
  facet normal 8.715574e-02 9.961947e-01 -0.000000e+00
    outer loop
      vertex   -6.669280e+01 -7.876126e+01 -1.000000e+00
      vertex   -6.669280e+01 -7.876126e+01 6.866667e+00
      vertex   -6.625000e+01 -7.880000e+01 -1.000000e+00
    endloop
  endfacet
  facet normal 8.715574e-02 9.961947e-01 9.185102e-20
    outer loop
      vertex   -6.625000e+01 -7.880000e+01 -1.000000e+00
      vertex   -6.669280e+01 -7.876126e+01 6.866667e+00
      vertex   -6.669280e+01 -7.876126e+01 1.473333e+01
    endloop
  endfacet
  facet normal 8.715574e-02 9.961947e-01 -0.000000e+00
    outer loop
      vertex   -6.625000e+01 -7.880000e+01 -1.000000e+00
      vertex   -6.669280e+01 -7.876126e+01 1.473333e+01
      vertex   -6.625000e+01 -7.880000e+01 2.260000e+01
    endloop
  endfacet
  facet normal 8.715574e-02 9.961947e-01 9.185102e-20
    outer loop
      vertex   -6.625000e+01 -7.880000e+01 2.260000e+01
      vertex   -6.669280e+01 -7.876126e+01 1.473333e+01
      vertex   -6.669280e+01 -7.876126e+01 2.260000e+01
    endloop
  endfacet
  facet normal 2.588190e-01 9.659258e-01 0.000000e+00
    outer loop
      vertex   -6.669280e+01 -7.876126e+01 2.260000e+01
      vertex   -6.669280e+01 -7.876126e+01 1.473333e+01
      vertex   -6.712215e+01 -7.864622e+01 2.260000e+01
    endloop
  endfacet
  facet normal 2.588190e-01 9.659258e-01 0.000000e+00
    outer loop
      vertex   -6.712215e+01 -7.864622e+01 2.260000e+01
      vertex   -6.669280e+01 -7.876126e+01 1.473333e+01
      vertex   -6.712215e+01 -7.864622e+01 1.473333e+01
    endloop
  endfacet
  facet normal 4.226183e-01 9.063078e-01 0.000000e+00
    outer loop
      vertex   -6.712215e+01 -7.864622e+01 2.260000e+01
      vertex   -6.712215e+01 -7.864622e+01 1.473333e+01
      vertex   -6.752500e+01 -7.845836e+01 2.260000e+01
    endloop
  endfacet
  facet normal 4.226183e-01 9.063078e-01 0.000000e+00
    outer loop
      vertex   -6.752500e+01 -7.845836e+01 2.260000e+01
      vertex   -6.712215e+01 -7.864622e+01 1.473333e+01
      vertex   -6.752500e+01 -7.845836e+01 1.473333e+01
    endloop
  endfacet
  facet normal 5.735764e-01 8.191520e-01 0.000000e+00
    outer loop
      vertex   -6.752500e+01 -7.845836e+01 2.260000e+01
      vertex   -6.752500e+01 -7.845836e+01 1.473333e+01
      vertex   -6.788911e+01 -7.820341e+01 2.260000e+01
    endloop
  endfacet
  facet normal 5.735764e-01 8.191520e-01 0.000000e+00
    outer loop
      vertex   -6.788911e+01 -7.820341e+01 2.260000e+01
      vertex   -6.752500e+01 -7.845836e+01 1.473333e+01
      vertex   -6.788911e+01 -7.820341e+01 1.473333e+01
    endloop
  endfacet
  facet normal 7.071068e-01 7.071068e-01 0.000000e+00
    outer loop
      vertex   -6.788911e+01 -7.820341e+01 2.260000e+01
      vertex   -6.788911e+01 -7.820341e+01 1.473333e+01
      vertex   -6.820341e+01 -7.788911e+01 2.260000e+01
    endloop
  endfacet
  facet normal 7.071068e-01 7.071068e-01 0.000000e+00
    outer loop
      vertex   -6.820341e+01 -7.788911e+01 2.260000e+01
      vertex   -6.788911e+01 -7.820341e+01 1.473333e+01
      vertex   -6.820341e+01 -7.788911e+01 1.473333e+01
    endloop
  endfacet
  facet normal 8.191520e-01 5.735764e-01 0.000000e+00
    outer loop
      vertex   -6.820341e+01 -7.788911e+01 2.260000e+01
      vertex   -6.820341e+01 -7.788911e+01 1.473333e+01
      vertex   -6.845836e+01 -7.752500e+01 2.260000e+01
    endloop
  endfacet
  facet normal 8.191520e-01 5.735764e-01 0.000000e+00
    outer loop
      vertex   -6.845836e+01 -7.752500e+01 2.260000e+01
      vertex   -6.820341e+01 -7.788911e+01 1.473333e+01
      vertex   -6.845836e+01 -7.752500e+01 1.473333e+01
    endloop
  endfacet
  facet normal 9.063078e-01 4.226183e-01 0.000000e+00
    outer loop
      vertex   -6.845836e+01 -7.752500e+01 2.260000e+01
      vertex   -6.845836e+01 -7.752500e+01 1.473333e+01
      vertex   -6.864622e+01 -7.712215e+01 2.260000e+01
    endloop
  endfacet
  facet normal 9.063078e-01 4.226183e-01 0.000000e+00
    outer loop
      vertex   -6.864622e+01 -7.712215e+01 2.260000e+01
      vertex   -6.845836e+01 -7.752500e+01 1.473333e+01
      vertex   -6.864622e+01 -7.712215e+01 1.473333e+01
    endloop
  endfacet
  facet normal 9.659258e-01 2.588190e-01 0.000000e+00
    outer loop
      vertex   -6.864622e+01 -7.712215e+01 2.260000e+01
      vertex   -6.864622e+01 -7.712215e+01 1.473333e+01
      vertex   -6.876126e+01 -7.669280e+01 2.260000e+01
    endloop
  endfacet
  facet normal 9.659258e-01 2.588190e-01 0.000000e+00
    outer loop
      vertex   -6.876126e+01 -7.669280e+01 2.260000e+01
      vertex   -6.864622e+01 -7.712215e+01 1.473333e+01
      vertex   -6.876126e+01 -7.669280e+01 1.473333e+01
    endloop
  endfacet
  facet normal 9.659258e-01 2.588190e-01 -3.790791e-19
    outer loop
      vertex   -6.864622e+01 -7.712215e+01 6.866667e+00
      vertex   -6.876126e+01 -7.669280e+01 6.866667e+00
      vertex   -6.876126e+01 -7.669280e+01 1.473333e+01
    endloop
  endfacet
  facet normal 9.659258e-01 2.588190e-01 -0.000000e+00
    outer loop
      vertex   -6.864622e+01 -7.712215e+01 6.866667e+00
      vertex   -6.876126e+01 -7.669280e+01 1.473333e+01
      vertex   -6.864622e+01 -7.712215e+01 1.473333e+01
    endloop
  endfacet
  facet normal 9.063078e-01 4.226183e-01 -1.312352e-18
    outer loop
      vertex   -6.845836e+01 -7.752500e+01 6.866667e+00
      vertex   -6.864622e+01 -7.712215e+01 6.866667e+00
      vertex   -6.864622e+01 -7.712215e+01 1.473333e+01
    endloop
  endfacet
  facet normal 9.063078e-01 4.226183e-01 -0.000000e+00
    outer loop
      vertex   -6.845836e+01 -7.752500e+01 6.866667e+00
      vertex   -6.864622e+01 -7.712215e+01 1.473333e+01
      vertex   -6.845836e+01 -7.752500e+01 1.473333e+01
    endloop
  endfacet
  facet normal 8.191520e-01 5.735764e-01 1.031323e-18
    outer loop
      vertex   -6.820341e+01 -7.788911e+01 6.866667e+00
      vertex   -6.845836e+01 -7.752500e+01 6.866667e+00
      vertex   -6.845836e+01 -7.752500e+01 1.473333e+01
    endloop
  endfacet
  facet normal 8.191520e-01 5.735764e-01 -0.000000e+00
    outer loop
      vertex   -6.820341e+01 -7.788911e+01 6.866667e+00
      vertex   -6.845836e+01 -7.752500e+01 1.473333e+01
      vertex   -6.820341e+01 -7.788911e+01 1.473333e+01
    endloop
  endfacet
  facet normal 7.071068e-01 7.071068e-01 -1.033628e-18
    outer loop
      vertex   -6.788911e+01 -7.820341e+01 6.866667e+00
      vertex   -6.820341e+01 -7.788911e+01 6.866667e+00
      vertex   -6.820341e+01 -7.788911e+01 1.473333e+01
    endloop
  endfacet
  facet normal 7.071068e-01 7.071068e-01 -0.000000e+00
    outer loop
      vertex   -6.788911e+01 -7.820341e+01 6.866667e+00
      vertex   -6.820341e+01 -7.788911e+01 1.473333e+01
      vertex   -6.788911e+01 -7.820341e+01 1.473333e+01
    endloop
  endfacet
  facet normal 5.735764e-01 8.191520e-01 1.031323e-18
    outer loop
      vertex   -6.752500e+01 -7.845836e+01 6.866667e+00
      vertex   -6.788911e+01 -7.820341e+01 6.866667e+00
      vertex   -6.788911e+01 -7.820341e+01 1.473333e+01
    endloop
  endfacet
  facet normal 5.735764e-01 8.191520e-01 -0.000000e+00
    outer loop
      vertex   -6.752500e+01 -7.845836e+01 6.866667e+00
      vertex   -6.788911e+01 -7.820341e+01 1.473333e+01
      vertex   -6.752500e+01 -7.845836e+01 1.473333e+01
    endloop
  endfacet
  facet normal 4.226183e-01 9.063078e-01 -1.312352e-18
    outer loop
      vertex   -6.712215e+01 -7.864622e+01 6.866667e+00
      vertex   -6.752500e+01 -7.845836e+01 6.866667e+00
      vertex   -6.752500e+01 -7.845836e+01 1.473333e+01
    endloop
  endfacet
  facet normal 4.226183e-01 9.063078e-01 -0.000000e+00
    outer loop
      vertex   -6.712215e+01 -7.864622e+01 6.866667e+00
      vertex   -6.752500e+01 -7.845836e+01 1.473333e+01
      vertex   -6.712215e+01 -7.864622e+01 1.473333e+01
    endloop
  endfacet
  facet normal 2.588190e-01 9.659258e-01 -3.790791e-19
    outer loop
      vertex   -6.669280e+01 -7.876126e+01 6.866667e+00
      vertex   -6.712215e+01 -7.864622e+01 6.866667e+00
      vertex   -6.712215e+01 -7.864622e+01 1.473333e+01
    endloop
  endfacet
  facet normal 2.588190e-01 9.659258e-01 -0.000000e+00
    outer loop
      vertex   -6.669280e+01 -7.876126e+01 6.866667e+00
      vertex   -6.712215e+01 -7.864622e+01 1.473333e+01
      vertex   -6.669280e+01 -7.876126e+01 1.473333e+01
    endloop
  endfacet
  facet normal -0.000000e+00 1.000000e+00 0.000000e+00
    outer loop
      vertex   -6.625000e+01 -7.880000e+01 2.260000e+01
      vertex   -3.225000e+01 -7.880000e+01 2.260000e+01
      vertex   -6.625000e+01 -7.880000e+01 -1.000000e+00
    endloop
  endfacet
  facet normal 0.000000e+00 1.000000e+00 0.000000e+00
    outer loop
      vertex   -6.625000e+01 -7.880000e+01 -1.000000e+00
      vertex   -3.225000e+01 -7.880000e+01 2.260000e+01
      vertex   -3.225000e+01 -7.880000e+01 -1.000000e+00
    endloop
  endfacet
  facet normal 9.801714e-02 -9.951847e-01 0.000000e+00
    outer loop
      vertex   -6.625000e+01 -4.040000e+01 2.260000e+01
      vertex   -6.625000e+01 -4.040000e+01 2.560000e+01
      vertex   -6.661092e+01 -4.043555e+01 2.260000e+01
    endloop
  endfacet
  facet normal 9.801714e-02 -9.951847e-01 0.000000e+00
    outer loop
      vertex   -6.661092e+01 -4.043555e+01 2.260000e+01
      vertex   -6.625000e+01 -4.040000e+01 2.560000e+01
      vertex   -6.661092e+01 -4.043555e+01 2.560000e+01
    endloop
  endfacet
  facet normal 2.902847e-01 -9.569403e-01 0.000000e+00
    outer loop
      vertex   -6.661092e+01 -4.043555e+01 2.260000e+01
      vertex   -6.661092e+01 -4.043555e+01 2.560000e+01
      vertex   -6.695796e+01 -4.054082e+01 2.260000e+01
    endloop
  endfacet
  facet normal 2.902847e-01 -9.569403e-01 0.000000e+00
    outer loop
      vertex   -6.695796e+01 -4.054082e+01 2.260000e+01
      vertex   -6.661092e+01 -4.043555e+01 2.560000e+01
      vertex   -6.695796e+01 -4.054082e+01 2.560000e+01
    endloop
  endfacet
  facet normal 4.713967e-01 -8.819213e-01 0.000000e+00
    outer loop
      vertex   -6.695796e+01 -4.054082e+01 2.260000e+01
      vertex   -6.695796e+01 -4.054082e+01 2.560000e+01
      vertex   -6.727780e+01 -4.071178e+01 2.260000e+01
    endloop
  endfacet
  facet normal 4.713967e-01 -8.819213e-01 0.000000e+00
    outer loop
      vertex   -6.727780e+01 -4.071178e+01 2.260000e+01
      vertex   -6.695796e+01 -4.054082e+01 2.560000e+01
      vertex   -6.727780e+01 -4.071178e+01 2.560000e+01
    endloop
  endfacet
  facet normal 6.343933e-01 -7.730105e-01 0.000000e+00
    outer loop
      vertex   -6.727780e+01 -4.071178e+01 2.260000e+01
      vertex   -6.727780e+01 -4.071178e+01 2.560000e+01
      vertex   -6.755815e+01 -4.094185e+01 2.260000e+01
    endloop
  endfacet
  facet normal 6.343933e-01 -7.730105e-01 0.000000e+00
    outer loop
      vertex   -6.755815e+01 -4.094185e+01 2.260000e+01
      vertex   -6.727780e+01 -4.071178e+01 2.560000e+01
      vertex   -6.755815e+01 -4.094185e+01 2.560000e+01
    endloop
  endfacet
  facet normal 7.730105e-01 -6.343933e-01 0.000000e+00
    outer loop
      vertex   -6.755815e+01 -4.094185e+01 2.260000e+01
      vertex   -6.755815e+01 -4.094185e+01 2.560000e+01
      vertex   -6.778822e+01 -4.122220e+01 2.260000e+01
    endloop
  endfacet
  facet normal 7.730105e-01 -6.343933e-01 4.507635e-15
    outer loop
      vertex   -6.778822e+01 -4.122220e+01 2.260000e+01
      vertex   -6.755815e+01 -4.094185e+01 2.560000e+01
      vertex   -6.778822e+01 -4.122220e+01 2.560000e+01
    endloop
  endfacet
  facet normal 8.819213e-01 -4.713967e-01 3.349475e-15
    outer loop
      vertex   -6.778822e+01 -4.122220e+01 2.260000e+01
      vertex   -6.778822e+01 -4.122220e+01 2.560000e+01
      vertex   -6.795918e+01 -4.154204e+01 2.260000e+01
    endloop
  endfacet
  facet normal 8.819213e-01 -4.713967e-01 0.000000e+00
    outer loop
      vertex   -6.795918e+01 -4.154204e+01 2.260000e+01
      vertex   -6.778822e+01 -4.122220e+01 2.560000e+01
      vertex   -6.795918e+01 -4.154204e+01 2.560000e+01
    endloop
  endfacet
  facet normal 9.569403e-01 -2.902847e-01 0.000000e+00
    outer loop
      vertex   -6.795918e+01 -4.154204e+01 2.260000e+01
      vertex   -6.795918e+01 -4.154204e+01 2.560000e+01
      vertex   -6.806445e+01 -4.188908e+01 2.260000e+01
    endloop
  endfacet
  facet normal 9.569403e-01 -2.902847e-01 4.532980e-15
    outer loop
      vertex   -6.806445e+01 -4.188908e+01 2.260000e+01
      vertex   -6.795918e+01 -4.154204e+01 2.560000e+01
      vertex   -6.806445e+01 -4.188908e+01 2.560000e+01
    endloop
  endfacet
  facet normal 9.951847e-01 -9.801714e-02 4.714142e-15
    outer loop
      vertex   -6.806445e+01 -4.188908e+01 2.260000e+01
      vertex   -6.806445e+01 -4.188908e+01 2.560000e+01
      vertex   -6.810000e+01 -4.225000e+01 2.260000e+01
    endloop
  endfacet
  facet normal 9.951847e-01 -9.801714e-02 5.178444e-15
    outer loop
      vertex   -6.810000e+01 -4.225000e+01 2.260000e+01
      vertex   -6.806445e+01 -4.188908e+01 2.560000e+01
      vertex   -6.810000e+01 -4.225000e+01 2.560000e+01
    endloop
  endfacet
  facet normal -9.951847e-01 -9.801714e-02 0.000000e+00
    outer loop
      vertex   -3.040000e+01 -4.225000e+01 2.260000e+01
      vertex   -3.040000e+01 -4.225000e+01 2.560000e+01
      vertex   -3.043555e+01 -4.188908e+01 2.260000e+01
    endloop
  endfacet
  facet normal -9.951847e-01 -9.801714e-02 2.321512e-16
    outer loop
      vertex   -3.043555e+01 -4.188908e+01 2.260000e+01
      vertex   -3.040000e+01 -4.225000e+01 2.560000e+01
      vertex   -3.043555e+01 -4.188908e+01 2.560000e+01
    endloop
  endfacet
  facet normal -9.569403e-01 -2.902847e-01 6.875322e-16
    outer loop
      vertex   -3.043555e+01 -4.188908e+01 2.260000e+01
      vertex   -3.043555e+01 -4.188908e+01 2.560000e+01
      vertex   -3.054082e+01 -4.154204e+01 2.260000e+01
    endloop
  endfacet
  facet normal -9.569403e-01 -2.902847e-01 0.000000e+00
    outer loop
      vertex   -3.054082e+01 -4.154204e+01 2.260000e+01
      vertex   -3.043555e+01 -4.188908e+01 2.560000e+01
      vertex   -3.054082e+01 -4.154204e+01 2.560000e+01
    endloop
  endfacet
  facet normal -8.819213e-01 -4.713967e-01 0.000000e+00
    outer loop
      vertex   -3.054082e+01 -4.154204e+01 2.260000e+01
      vertex   -3.054082e+01 -4.154204e+01 2.560000e+01
      vertex   -3.071178e+01 -4.122220e+01 2.260000e+01
    endloop
  endfacet
  facet normal -8.819213e-01 -4.713967e-01 0.000000e+00
    outer loop
      vertex   -3.071178e+01 -4.122220e+01 2.260000e+01
      vertex   -3.054082e+01 -4.154204e+01 2.560000e+01
      vertex   -3.071178e+01 -4.122220e+01 2.560000e+01
    endloop
  endfacet
  facet normal -7.730105e-01 -6.343933e-01 0.000000e+00
    outer loop
      vertex   -3.071178e+01 -4.122220e+01 2.260000e+01
      vertex   -3.071178e+01 -4.122220e+01 2.560000e+01
      vertex   -3.094185e+01 -4.094185e+01 2.260000e+01
    endloop
  endfacet
  facet normal -7.730105e-01 -6.343933e-01 9.154283e-16
    outer loop
      vertex   -3.094185e+01 -4.094185e+01 2.260000e+01
      vertex   -3.071178e+01 -4.122220e+01 2.560000e+01
      vertex   -3.094185e+01 -4.094185e+01 2.560000e+01
    endloop
  endfacet
  facet normal -6.343933e-01 -7.730105e-01 7.512726e-16
    outer loop
      vertex   -3.094185e+01 -4.094185e+01 2.260000e+01
      vertex   -3.094185e+01 -4.094185e+01 2.560000e+01
      vertex   -3.122220e+01 -4.071178e+01 2.260000e+01
    endloop
  endfacet
  facet normal -6.343933e-01 -7.730105e-01 0.000000e+00
    outer loop
      vertex   -3.122220e+01 -4.071178e+01 2.260000e+01
      vertex   -3.094185e+01 -4.094185e+01 2.560000e+01
      vertex   -3.122220e+01 -4.071178e+01 2.560000e+01
    endloop
  endfacet
  facet normal -4.713967e-01 -8.819213e-01 0.000000e+00
    outer loop
      vertex   -3.122220e+01 -4.071178e+01 2.260000e+01
      vertex   -3.122220e+01 -4.071178e+01 2.560000e+01
      vertex   -3.154204e+01 -4.054082e+01 2.260000e+01
    endloop
  endfacet
  facet normal -4.713967e-01 -8.819213e-01 5.582459e-16
    outer loop
      vertex   -3.154204e+01 -4.054082e+01 2.260000e+01
      vertex   -3.122220e+01 -4.071178e+01 2.560000e+01
      vertex   -3.154204e+01 -4.054082e+01 2.560000e+01
    endloop
  endfacet
  facet normal -2.902847e-01 -9.569403e-01 3.437661e-16
    outer loop
      vertex   -3.154204e+01 -4.054082e+01 2.260000e+01
      vertex   -3.154204e+01 -4.054082e+01 2.560000e+01
      vertex   -3.188908e+01 -4.043555e+01 2.260000e+01
    endloop
  endfacet
  facet normal -2.902847e-01 -9.569403e-01 -1.578958e-15
    outer loop
      vertex   -3.188908e+01 -4.043555e+01 2.260000e+01
      vertex   -3.154204e+01 -4.054082e+01 2.560000e+01
      vertex   -3.188908e+01 -4.043555e+01 2.560000e+01
    endloop
  endfacet
  facet normal -9.801714e-02 -9.951847e-01 -2.124920e-15
    outer loop
      vertex   -3.188908e+01 -4.043555e+01 2.260000e+01
      vertex   -3.188908e+01 -4.043555e+01 2.560000e+01
      vertex   -3.225000e+01 -4.040000e+01 2.260000e+01
    endloop
  endfacet
  facet normal -9.801714e-02 -9.951847e-01 2.321512e-16
    outer loop
      vertex   -3.225000e+01 -4.040000e+01 2.260000e+01
      vertex   -3.188908e+01 -4.043555e+01 2.560000e+01
      vertex   -3.225000e+01 -4.040000e+01 2.560000e+01
    endloop
  endfacet
  facet normal 9.974521e-01 -7.133918e-02 0.000000e+00
    outer loop
      vertex   -2.850000e+01 -7.625000e+01 3.550000e+01
      vertex   -2.853817e+01 -7.678368e+01 1.762500e+01
      vertex   -2.850000e+01 -7.625000e+01 -2.500000e-01
    endloop
  endfacet
  facet normal 9.974521e-01 -7.133918e-02 7.927434e-16
    outer loop
      vertex   -2.850000e+01 -7.625000e+01 -2.500000e-01
      vertex   -2.853817e+01 -7.678368e+01 1.762500e+01
      vertex   -2.853817e+01 -7.678368e+01 8.687500e+00
    endloop
  endfacet
  facet normal 9.974521e-01 -7.133918e-02 -2.438713e-19
    outer loop
      vertex   -2.850000e+01 -7.625000e+01 -2.500000e-01
      vertex   -2.853817e+01 -7.678368e+01 8.687500e+00
      vertex   -2.853817e+01 -7.678368e+01 -2.500000e-01
    endloop
  endfacet
  facet normal 9.771469e-01 -2.125653e-01 0.000000e+00
    outer loop
      vertex   -2.853817e+01 -7.678368e+01 -2.500000e-01
      vertex   -2.853817e+01 -7.678368e+01 8.687500e+00
      vertex   -2.865190e+01 -7.730650e+01 -2.500000e-01
    endloop
  endfacet
  facet normal 9.771469e-01 -2.125653e-01 0.000000e+00
    outer loop
      vertex   -2.865190e+01 -7.730650e+01 -2.500000e-01
      vertex   -2.853817e+01 -7.678368e+01 8.687500e+00
      vertex   -2.865190e+01 -7.730650e+01 8.687500e+00
    endloop
  endfacet
  facet normal 9.369497e-01 -3.494642e-01 0.000000e+00
    outer loop
      vertex   -2.865190e+01 -7.730650e+01 -2.500000e-01
      vertex   -2.865190e+01 -7.730650e+01 8.687500e+00
      vertex   -2.883888e+01 -7.780781e+01 -2.500000e-01
    endloop
  endfacet
  facet normal 9.369497e-01 -3.494642e-01 0.000000e+00
    outer loop
      vertex   -2.883888e+01 -7.780781e+01 -2.500000e-01
      vertex   -2.865190e+01 -7.730650e+01 8.687500e+00
      vertex   -2.883888e+01 -7.780781e+01 8.687500e+00
    endloop
  endfacet
  facet normal 8.776790e-01 -4.792490e-01 0.000000e+00
    outer loop
      vertex   -2.883888e+01 -7.780781e+01 -2.500000e-01
      vertex   -2.883888e+01 -7.780781e+01 8.687500e+00
      vertex   -2.909530e+01 -7.827740e+01 -2.500000e-01
    endloop
  endfacet
  facet normal 8.776790e-01 -4.792490e-01 0.000000e+00
    outer loop
      vertex   -2.909530e+01 -7.827740e+01 -2.500000e-01
      vertex   -2.883888e+01 -7.780781e+01 8.687500e+00
      vertex   -2.909530e+01 -7.827740e+01 8.687500e+00
    endloop
  endfacet
  facet normal 8.005412e-01 -5.992777e-01 0.000000e+00
    outer loop
      vertex   -2.909530e+01 -7.827740e+01 -2.500000e-01
      vertex   -2.909530e+01 -7.827740e+01 8.687500e+00
      vertex   -2.941594e+01 -7.870573e+01 -2.500000e-01
    endloop
  endfacet
  facet normal 8.005412e-01 -5.992777e-01 0.000000e+00
    outer loop
      vertex   -2.941594e+01 -7.870573e+01 -2.500000e-01
      vertex   -2.909530e+01 -7.827740e+01 8.687500e+00
      vertex   -2.941594e+01 -7.870573e+01 8.687500e+00
    endloop
  endfacet
  facet normal 7.071068e-01 -7.071068e-01 0.000000e+00
    outer loop
      vertex   -2.941594e+01 -7.870573e+01 -2.500000e-01
      vertex   -2.941594e+01 -7.870573e+01 8.687500e+00
      vertex   -2.979427e+01 -7.908406e+01 -2.500000e-01
    endloop
  endfacet
  facet normal 7.071068e-01 -7.071068e-01 0.000000e+00
    outer loop
      vertex   -2.979427e+01 -7.908406e+01 -2.500000e-01
      vertex   -2.941594e+01 -7.870573e+01 8.687500e+00
      vertex   -2.979427e+01 -7.908406e+01 8.687500e+00
    endloop
  endfacet
  facet normal 5.992777e-01 -8.005412e-01 0.000000e+00
    outer loop
      vertex   -2.979427e+01 -7.908406e+01 -2.500000e-01
      vertex   -2.979427e+01 -7.908406e+01 8.687500e+00
      vertex   -3.022260e+01 -7.940470e+01 -2.500000e-01
    endloop
  endfacet
  facet normal 5.992777e-01 -8.005412e-01 0.000000e+00
    outer loop
      vertex   -3.022260e+01 -7.940470e+01 -2.500000e-01
      vertex   -2.979427e+01 -7.908406e+01 8.687500e+00
      vertex   -3.022260e+01 -7.940470e+01 8.687500e+00
    endloop
  endfacet
  facet normal 4.792490e-01 -8.776790e-01 0.000000e+00
    outer loop
      vertex   -3.022260e+01 -7.940470e+01 -2.500000e-01
      vertex   -3.022260e+01 -7.940470e+01 8.687500e+00
      vertex   -3.069219e+01 -7.966112e+01 -2.500000e-01
    endloop
  endfacet
  facet normal 4.792490e-01 -8.776790e-01 -1.395532e-15
    outer loop
      vertex   -3.069219e+01 -7.966112e+01 -2.500000e-01
      vertex   -3.022260e+01 -7.940470e+01 8.687500e+00
      vertex   -3.069219e+01 -7.966112e+01 8.687500e+00
    endloop
  endfacet
  facet normal 3.494642e-01 -9.369497e-01 -1.489774e-15
    outer loop
      vertex   -3.069219e+01 -7.966112e+01 -2.500000e-01
      vertex   -3.069219e+01 -7.966112e+01 8.687500e+00
      vertex   -3.119350e+01 -7.984810e+01 -2.500000e-01
    endloop
  endfacet
  facet normal 3.494642e-01 -9.369497e-01 -1.389143e-16
    outer loop
      vertex   -3.119350e+01 -7.984810e+01 -2.500000e-01
      vertex   -3.069219e+01 -7.966112e+01 8.687500e+00
      vertex   -3.119350e+01 -7.984810e+01 8.687500e+00
    endloop
  endfacet
  facet normal 2.125653e-01 -9.771469e-01 -8.449607e-17
    outer loop
      vertex   -3.119350e+01 -7.984810e+01 -2.500000e-01
      vertex   -3.119350e+01 -7.984810e+01 8.687500e+00
      vertex   -3.171632e+01 -7.996183e+01 -2.500000e-01
    endloop
  endfacet
  facet normal 2.125653e-01 -9.771469e-01 -1.553689e-15
    outer loop
      vertex   -3.171632e+01 -7.996183e+01 -2.500000e-01
      vertex   -3.119350e+01 -7.984810e+01 8.687500e+00
      vertex   -3.171632e+01 -7.996183e+01 8.687500e+00
    endloop
  endfacet
  facet normal 7.133918e-02 -9.974521e-01 -1.585974e-15
    outer loop
      vertex   -3.171632e+01 -7.996183e+01 -2.500000e-01
      vertex   -3.171632e+01 -7.996183e+01 8.687500e+00
      vertex   -3.225000e+01 -8.000000e+01 -2.500000e-01
    endloop
  endfacet
  facet normal 7.133918e-02 -9.974521e-01 1.730483e-19
    outer loop
      vertex   -3.225000e+01 -8.000000e+01 -2.500000e-01
      vertex   -3.171632e+01 -7.996183e+01 8.687500e+00
      vertex   -3.171632e+01 -7.996183e+01 1.762500e+01
    endloop
  endfacet
  facet normal 7.133918e-02 -9.974521e-01 0.000000e+00
    outer loop
      vertex   -3.225000e+01 -8.000000e+01 -2.500000e-01
      vertex   -3.171632e+01 -7.996183e+01 1.762500e+01
      vertex   -3.225000e+01 -8.000000e+01 3.550000e+01
    endloop
  endfacet
  facet normal 7.133918e-02 -9.974521e-01 1.730483e-19
    outer loop
      vertex   -3.225000e+01 -8.000000e+01 3.550000e+01
      vertex   -3.171632e+01 -7.996183e+01 1.762500e+01
      vertex   -3.171632e+01 -7.996183e+01 2.656250e+01
    endloop
  endfacet
  facet normal 7.133918e-02 -9.974521e-01 1.730483e-19
    outer loop
      vertex   -3.225000e+01 -8.000000e+01 3.550000e+01
      vertex   -3.171632e+01 -7.996183e+01 2.656250e+01
      vertex   -3.171632e+01 -7.996183e+01 3.550000e+01
    endloop
  endfacet
  facet normal 2.125653e-01 -9.771469e-01 0.000000e+00
    outer loop
      vertex   -3.171632e+01 -7.996183e+01 3.550000e+01
      vertex   -3.171632e+01 -7.996183e+01 2.656250e+01
      vertex   -3.119350e+01 -7.984810e+01 3.550000e+01
    endloop
  endfacet
  facet normal 2.125653e-01 -9.771469e-01 0.000000e+00
    outer loop
      vertex   -3.119350e+01 -7.984810e+01 3.550000e+01
      vertex   -3.171632e+01 -7.996183e+01 2.656250e+01
      vertex   -3.119350e+01 -7.984810e+01 2.656250e+01
    endloop
  endfacet
  facet normal 3.494642e-01 -9.369497e-01 0.000000e+00
    outer loop
      vertex   -3.119350e+01 -7.984810e+01 3.550000e+01
      vertex   -3.119350e+01 -7.984810e+01 2.656250e+01
      vertex   -3.069219e+01 -7.966112e+01 3.550000e+01
    endloop
  endfacet
  facet normal 3.494642e-01 -9.369497e-01 0.000000e+00
    outer loop
      vertex   -3.069219e+01 -7.966112e+01 3.550000e+01
      vertex   -3.119350e+01 -7.984810e+01 2.656250e+01
      vertex   -3.069219e+01 -7.966112e+01 2.656250e+01
    endloop
  endfacet
  facet normal 4.792490e-01 -8.776790e-01 0.000000e+00
    outer loop
      vertex   -3.069219e+01 -7.966112e+01 3.550000e+01
      vertex   -3.069219e+01 -7.966112e+01 2.656250e+01
      vertex   -3.022260e+01 -7.940470e+01 3.550000e+01
    endloop
  endfacet
  facet normal 4.792490e-01 -8.776790e-01 0.000000e+00
    outer loop
      vertex   -3.022260e+01 -7.940470e+01 3.550000e+01
      vertex   -3.069219e+01 -7.966112e+01 2.656250e+01
      vertex   -3.022260e+01 -7.940470e+01 2.656250e+01
    endloop
  endfacet
  facet normal 5.992777e-01 -8.005412e-01 0.000000e+00
    outer loop
      vertex   -3.022260e+01 -7.940470e+01 3.550000e+01
      vertex   -3.022260e+01 -7.940470e+01 2.656250e+01
      vertex   -2.979427e+01 -7.908406e+01 3.550000e+01
    endloop
  endfacet
  facet normal 5.992777e-01 -8.005412e-01 0.000000e+00
    outer loop
      vertex   -2.979427e+01 -7.908406e+01 3.550000e+01
      vertex   -3.022260e+01 -7.940470e+01 2.656250e+01
      vertex   -2.979427e+01 -7.908406e+01 2.656250e+01
    endloop
  endfacet
  facet normal 7.071068e-01 -7.071068e-01 0.000000e+00
    outer loop
      vertex   -2.979427e+01 -7.908406e+01 3.550000e+01
      vertex   -2.979427e+01 -7.908406e+01 2.656250e+01
      vertex   -2.941594e+01 -7.870573e+01 3.550000e+01
    endloop
  endfacet
  facet normal 7.071068e-01 -7.071068e-01 2.810795e-16
    outer loop
      vertex   -2.941594e+01 -7.870573e+01 3.550000e+01
      vertex   -2.979427e+01 -7.908406e+01 2.656250e+01
      vertex   -2.941594e+01 -7.870573e+01 2.656250e+01
    endloop
  endfacet
  facet normal 8.005412e-01 -5.992777e-01 3.182203e-16
    outer loop
      vertex   -2.941594e+01 -7.870573e+01 3.550000e+01
      vertex   -2.941594e+01 -7.870573e+01 2.656250e+01
      vertex   -2.909530e+01 -7.827740e+01 3.550000e+01
    endloop
  endfacet
  facet normal 8.005412e-01 -5.992777e-01 0.000000e+00
    outer loop
      vertex   -2.909530e+01 -7.827740e+01 3.550000e+01
      vertex   -2.941594e+01 -7.870573e+01 2.656250e+01
      vertex   -2.909530e+01 -7.827740e+01 2.656250e+01
    endloop
  endfacet
  facet normal 8.776790e-01 -4.792490e-01 0.000000e+00
    outer loop
      vertex   -2.909530e+01 -7.827740e+01 3.550000e+01
      vertex   -2.909530e+01 -7.827740e+01 2.656250e+01
      vertex   -2.883888e+01 -7.780781e+01 3.550000e+01
    endloop
  endfacet
  facet normal 8.776790e-01 -4.792490e-01 0.000000e+00
    outer loop
      vertex   -2.883888e+01 -7.780781e+01 3.550000e+01
      vertex   -2.909530e+01 -7.827740e+01 2.656250e+01
      vertex   -2.883888e+01 -7.780781e+01 2.656250e+01
    endloop
  endfacet
  facet normal 9.369497e-01 -3.494642e-01 0.000000e+00
    outer loop
      vertex   -2.883888e+01 -7.780781e+01 3.550000e+01
      vertex   -2.883888e+01 -7.780781e+01 2.656250e+01
      vertex   -2.865190e+01 -7.730650e+01 3.550000e+01
    endloop
  endfacet
  facet normal 9.369497e-01 -3.494642e-01 -3.724435e-16
    outer loop
      vertex   -2.865190e+01 -7.730650e+01 3.550000e+01
      vertex   -2.883888e+01 -7.780781e+01 2.656250e+01
      vertex   -2.865190e+01 -7.730650e+01 2.656250e+01
    endloop
  endfacet
  facet normal 9.771469e-01 -2.125653e-01 -3.884222e-16
    outer loop
      vertex   -2.865190e+01 -7.730650e+01 3.550000e+01
      vertex   -2.865190e+01 -7.730650e+01 2.656250e+01
      vertex   -2.853817e+01 -7.678368e+01 3.550000e+01
    endloop
  endfacet
  facet normal 9.771469e-01 -2.125653e-01 -7.768443e-16
    outer loop
      vertex   -2.853817e+01 -7.678368e+01 3.550000e+01
      vertex   -2.865190e+01 -7.730650e+01 2.656250e+01
      vertex   -2.853817e+01 -7.678368e+01 2.656250e+01
    endloop
  endfacet
  facet normal 9.974521e-01 -7.133918e-02 -7.929872e-16
    outer loop
      vertex   -2.853817e+01 -7.678368e+01 3.550000e+01
      vertex   -2.853817e+01 -7.678368e+01 2.656250e+01
      vertex   -2.850000e+01 -7.625000e+01 3.550000e+01
    endloop
  endfacet
  facet normal 9.974521e-01 -7.133918e-02 -2.598635e-19
    outer loop
      vertex   -2.850000e+01 -7.625000e+01 3.550000e+01
      vertex   -2.853817e+01 -7.678368e+01 2.656250e+01
      vertex   -2.853817e+01 -7.678368e+01 1.762500e+01
    endloop
  endfacet
  facet normal 9.771469e-01 -2.125653e-01 7.768589e-16
    outer loop
      vertex   -2.865190e+01 -7.730650e+01 8.687500e+00
      vertex   -2.853817e+01 -7.678368e+01 8.687500e+00
      vertex   -2.853817e+01 -7.678368e+01 1.762500e+01
    endloop
  endfacet
  facet normal 9.771469e-01 -2.125653e-01 0.000000e+00
    outer loop
      vertex   -2.853817e+01 -7.678368e+01 1.762500e+01
      vertex   -2.853817e+01 -7.678368e+01 2.656250e+01
      vertex   -2.865190e+01 -7.730650e+01 1.762500e+01
    endloop
  endfacet
  facet normal 9.771469e-01 -2.125653e-01 0.000000e+00
    outer loop
      vertex   -2.865190e+01 -7.730650e+01 1.762500e+01
      vertex   -2.853817e+01 -7.678368e+01 2.656250e+01
      vertex   -2.865190e+01 -7.730650e+01 2.656250e+01
    endloop
  endfacet
  facet normal 9.369497e-01 -3.494642e-01 0.000000e+00
    outer loop
      vertex   -2.865190e+01 -7.730650e+01 1.762500e+01
      vertex   -2.865190e+01 -7.730650e+01 2.656250e+01
      vertex   -2.883888e+01 -7.780781e+01 1.762500e+01
    endloop
  endfacet
  facet normal 9.369497e-01 -3.494642e-01 -5.556570e-16
    outer loop
      vertex   -2.883888e+01 -7.780781e+01 1.762500e+01
      vertex   -2.865190e+01 -7.730650e+01 2.656250e+01
      vertex   -2.883888e+01 -7.780781e+01 2.656250e+01
    endloop
  endfacet
  facet normal 8.776790e-01 -4.792490e-01 -7.620182e-16
    outer loop
      vertex   -2.883888e+01 -7.780781e+01 1.762500e+01
      vertex   -2.883888e+01 -7.780781e+01 2.656250e+01
      vertex   -2.909530e+01 -7.827740e+01 1.762500e+01
    endloop
  endfacet
  facet normal 8.776790e-01 -4.792490e-01 -6.425213e-17
    outer loop
      vertex   -2.909530e+01 -7.827740e+01 1.762500e+01
      vertex   -2.883888e+01 -7.780781e+01 2.656250e+01
      vertex   -2.909530e+01 -7.827740e+01 2.656250e+01
    endloop
  endfacet
  facet normal 8.005412e-01 -5.992777e-01 -3.164263e-16
    outer loop
      vertex   -2.909530e+01 -7.827740e+01 1.762500e+01
      vertex   -2.909530e+01 -7.827740e+01 2.656250e+01
      vertex   -2.941594e+01 -7.870573e+01 1.762500e+01
    endloop
  endfacet
  facet normal 8.005412e-01 -5.992777e-01 0.000000e+00
    outer loop
      vertex   -2.941594e+01 -7.870573e+01 1.762500e+01
      vertex   -2.909530e+01 -7.827740e+01 2.656250e+01
      vertex   -2.941594e+01 -7.870573e+01 2.656250e+01
    endloop
  endfacet
  facet normal 7.071068e-01 -7.071068e-01 0.000000e+00
    outer loop
      vertex   -2.941594e+01 -7.870573e+01 1.762500e+01
      vertex   -2.941594e+01 -7.870573e+01 2.656250e+01
      vertex   -2.979427e+01 -7.908406e+01 1.762500e+01
    endloop
  endfacet
  facet normal 7.071068e-01 -7.071068e-01 -1.124318e-15
    outer loop
      vertex   -2.979427e+01 -7.908406e+01 1.762500e+01
      vertex   -2.941594e+01 -7.870573e+01 2.656250e+01
      vertex   -2.979427e+01 -7.908406e+01 2.656250e+01
    endloop
  endfacet
  facet normal 5.992777e-01 -8.005412e-01 -1.272881e-15
    outer loop
      vertex   -2.979427e+01 -7.908406e+01 1.762500e+01
      vertex   -2.979427e+01 -7.908406e+01 2.656250e+01
      vertex   -3.022260e+01 -7.940470e+01 1.762500e+01
    endloop
  endfacet
  facet normal 5.992777e-01 -8.005412e-01 0.000000e+00
    outer loop
      vertex   -3.022260e+01 -7.940470e+01 1.762500e+01
      vertex   -2.979427e+01 -7.908406e+01 2.656250e+01
      vertex   -3.022260e+01 -7.940470e+01 2.656250e+01
    endloop
  endfacet
  facet normal 4.792490e-01 -8.776790e-01 0.000000e+00
    outer loop
      vertex   -3.022260e+01 -7.940470e+01 1.762500e+01
      vertex   -3.022260e+01 -7.940470e+01 2.656250e+01
      vertex   -3.069219e+01 -7.966112e+01 1.762500e+01
    endloop
  endfacet
  facet normal 4.792490e-01 -8.776790e-01 1.905046e-16
    outer loop
      vertex   -3.069219e+01 -7.966112e+01 1.762500e+01
      vertex   -3.022260e+01 -7.940470e+01 2.656250e+01
      vertex   -3.069219e+01 -7.966112e+01 2.656250e+01
    endloop
  endfacet
  facet normal 3.494642e-01 -9.369497e-01 1.389143e-16
    outer loop
      vertex   -3.069219e+01 -7.966112e+01 1.762500e+01
      vertex   -3.069219e+01 -7.966112e+01 2.656250e+01
      vertex   -3.119350e+01 -7.984810e+01 1.762500e+01
    endloop
  endfacet
  facet normal 3.494642e-01 -9.369497e-01 0.000000e+00
    outer loop
      vertex   -3.119350e+01 -7.984810e+01 1.762500e+01
      vertex   -3.069219e+01 -7.966112e+01 2.656250e+01
      vertex   -3.119350e+01 -7.984810e+01 2.656250e+01
    endloop
  endfacet
  facet normal 2.125653e-01 -9.771469e-01 0.000000e+00
    outer loop
      vertex   -3.119350e+01 -7.984810e+01 1.762500e+01
      vertex   -3.119350e+01 -7.984810e+01 2.656250e+01
      vertex   -3.171632e+01 -7.996183e+01 1.762500e+01
    endloop
  endfacet
  facet normal 2.125653e-01 -9.771469e-01 0.000000e+00
    outer loop
      vertex   -3.171632e+01 -7.996183e+01 1.762500e+01
      vertex   -3.119350e+01 -7.984810e+01 2.656250e+01
      vertex   -3.171632e+01 -7.996183e+01 2.656250e+01
    endloop
  endfacet
  facet normal 9.369497e-01 -3.494642e-01 -7.477525e-19
    outer loop
      vertex   -2.883888e+01 -7.780781e+01 8.687500e+00
      vertex   -2.865190e+01 -7.730650e+01 8.687500e+00
      vertex   -2.865190e+01 -7.730650e+01 1.762500e+01
    endloop
  endfacet
  facet normal 9.771469e-01 -2.125653e-01 0.000000e+00
    outer loop
      vertex   -2.865190e+01 -7.730650e+01 1.762500e+01
      vertex   -2.865190e+01 -7.730650e+01 8.687500e+00
      vertex   -2.853817e+01 -7.678368e+01 1.762500e+01
    endloop
  endfacet
  facet normal 9.369497e-01 -3.494642e-01 0.000000e+00
    outer loop
      vertex   -2.883888e+01 -7.780781e+01 8.687500e+00
      vertex   -2.865190e+01 -7.730650e+01 1.762500e+01
      vertex   -2.883888e+01 -7.780781e+01 1.762500e+01
    endloop
  endfacet
  facet normal 8.776790e-01 -4.792490e-01 9.323239e-19
    outer loop
      vertex   -2.909530e+01 -7.827740e+01 8.687500e+00
      vertex   -2.883888e+01 -7.780781e+01 8.687500e+00
      vertex   -2.883888e+01 -7.780781e+01 1.762500e+01
    endloop
  endfacet
  facet normal 8.776790e-01 -4.792490e-01 0.000000e+00
    outer loop
      vertex   -2.909530e+01 -7.827740e+01 8.687500e+00
      vertex   -2.883888e+01 -7.780781e+01 1.762500e+01
      vertex   -2.909530e+01 -7.827740e+01 1.762500e+01
    endloop
  endfacet
  facet normal 8.005412e-01 -5.992777e-01 2.641231e-18
    outer loop
      vertex   -2.941594e+01 -7.870573e+01 8.687500e+00
      vertex   -2.909530e+01 -7.827740e+01 8.687500e+00
      vertex   -2.909530e+01 -7.827740e+01 1.762500e+01
    endloop
  endfacet
  facet normal 8.005412e-01 -5.992777e-01 0.000000e+00
    outer loop
      vertex   -2.941594e+01 -7.870573e+01 8.687500e+00
      vertex   -2.909530e+01 -7.827740e+01 1.762500e+01
      vertex   -2.941594e+01 -7.870573e+01 1.762500e+01
    endloop
  endfacet
  facet normal 7.071068e-01 -7.071068e-01 1.169960e-18
    outer loop
      vertex   -2.979427e+01 -7.908406e+01 8.687500e+00
      vertex   -2.941594e+01 -7.870573e+01 8.687500e+00
      vertex   -2.941594e+01 -7.870573e+01 1.762500e+01
    endloop
  endfacet
  facet normal 7.071068e-01 -7.071068e-01 0.000000e+00
    outer loop
      vertex   -2.979427e+01 -7.908406e+01 8.687500e+00
      vertex   -2.941594e+01 -7.870573e+01 1.762500e+01
      vertex   -2.979427e+01 -7.908406e+01 1.762500e+01
    endloop
  endfacet
  facet normal 5.992777e-01 -8.005412e-01 -2.664420e-18
    outer loop
      vertex   -3.022260e+01 -7.940470e+01 8.687500e+00
      vertex   -2.979427e+01 -7.908406e+01 8.687500e+00
      vertex   -2.979427e+01 -7.908406e+01 1.762500e+01
    endloop
  endfacet
  facet normal 5.992777e-01 -8.005412e-01 0.000000e+00
    outer loop
      vertex   -3.022260e+01 -7.940470e+01 8.687500e+00
      vertex   -2.979427e+01 -7.908406e+01 1.762500e+01
      vertex   -3.022260e+01 -7.940470e+01 1.762500e+01
    endloop
  endfacet
  facet normal 4.792490e-01 -8.776790e-01 9.323239e-19
    outer loop
      vertex   -3.069219e+01 -7.966112e+01 8.687500e+00
      vertex   -3.022260e+01 -7.940470e+01 8.687500e+00
      vertex   -3.022260e+01 -7.940470e+01 1.762500e+01
    endloop
  endfacet
  facet normal 4.792490e-01 -8.776790e-01 0.000000e+00
    outer loop
      vertex   -3.069219e+01 -7.966112e+01 8.687500e+00
      vertex   -3.022260e+01 -7.940470e+01 1.762500e+01
      vertex   -3.069219e+01 -7.966112e+01 1.762500e+01
    endloop
  endfacet
  facet normal 3.494642e-01 -9.369497e-01 1.099996e-20
    outer loop
      vertex   -3.119350e+01 -7.984810e+01 8.687500e+00
      vertex   -3.069219e+01 -7.966112e+01 8.687500e+00
      vertex   -3.069219e+01 -7.966112e+01 1.762500e+01
    endloop
  endfacet
  facet normal 3.494642e-01 -9.369497e-01 1.389143e-16
    outer loop
      vertex   -3.119350e+01 -7.984810e+01 8.687500e+00
      vertex   -3.069219e+01 -7.966112e+01 1.762500e+01
      vertex   -3.119350e+01 -7.984810e+01 1.762500e+01
    endloop
  endfacet
  facet normal 2.125653e-01 -9.771469e-01 8.379579e-17
    outer loop
      vertex   -3.171632e+01 -7.996183e+01 8.687500e+00
      vertex   -3.119350e+01 -7.984810e+01 8.687500e+00
      vertex   -3.119350e+01 -7.984810e+01 1.762500e+01
    endloop
  endfacet
  facet normal 2.125653e-01 -9.771469e-01 0.000000e+00
    outer loop
      vertex   -3.171632e+01 -7.996183e+01 8.687500e+00
      vertex   -3.119350e+01 -7.984810e+01 1.762500e+01
      vertex   -3.171632e+01 -7.996183e+01 1.762500e+01
    endloop
  endfacet
  facet normal 1.000000e+00 0.000000e+00 0.000000e+00
    outer loop
      vertex   -2.850000e+01 -4.225000e+01 3.550000e+01
      vertex   -2.850000e+01 -7.625000e+01 3.550000e+01
      vertex   -2.850000e+01 -4.225000e+01 -2.500000e-01
    endloop
  endfacet
  facet normal 1.000000e+00 0.000000e+00 0.000000e+00
    outer loop
      vertex   -2.850000e+01 -4.225000e+01 -2.500000e-01
      vertex   -2.850000e+01 -7.625000e+01 3.550000e+01
      vertex   -2.850000e+01 -7.625000e+01 -2.500000e-01
    endloop
  endfacet
  facet normal 7.133918e-02 9.974521e-01 2.835778e-17
    outer loop
      vertex   -3.225000e+01 -3.850000e+01 3.550000e+01
      vertex   -3.171632e+01 -3.853817e+01 1.762500e+01
      vertex   -3.225000e+01 -3.850000e+01 -2.500000e-01
    endloop
  endfacet
  facet normal 7.133918e-02 9.974521e-01 1.340511e-20
    outer loop
      vertex   -3.225000e+01 -3.850000e+01 -2.500000e-01
      vertex   -3.171632e+01 -3.853817e+01 1.762500e+01
      vertex   -3.171632e+01 -3.853817e+01 8.687500e+00
    endloop
  endfacet
  facet normal 7.133918e-02 9.974521e-01 1.642579e-15
    outer loop
      vertex   -3.225000e+01 -3.850000e+01 -2.500000e-01
      vertex   -3.171632e+01 -3.853817e+01 8.687500e+00
      vertex   -3.171632e+01 -3.853817e+01 -2.500000e-01
    endloop
  endfacet
  facet normal 2.125653e-01 9.771469e-01 1.722681e-15
    outer loop
      vertex   -3.171632e+01 -3.853817e+01 -2.500000e-01
      vertex   -3.171632e+01 -3.853817e+01 8.687500e+00
      vertex   -3.119350e+01 -3.865190e+01 -2.500000e-01
    endloop
  endfacet
  facet normal 2.125653e-01 9.771469e-01 9.458365e-16
    outer loop
      vertex   -3.119350e+01 -3.865190e+01 -2.500000e-01
      vertex   -3.171632e+01 -3.853817e+01 8.687500e+00
      vertex   -3.119350e+01 -3.865190e+01 8.687500e+00
    endloop
  endfacet
  facet normal 3.494642e-01 9.369497e-01 1.022716e-15
    outer loop
      vertex   -3.119350e+01 -3.865190e+01 -2.500000e-01
      vertex   -3.119350e+01 -3.865190e+01 8.687500e+00
      vertex   -3.069219e+01 -3.883888e+01 -2.500000e-01
    endloop
  endfacet
  facet normal 3.494642e-01 9.369497e-01 8.838013e-16
    outer loop
      vertex   -3.069219e+01 -3.883888e+01 -2.500000e-01
      vertex   -3.119350e+01 -3.865190e+01 8.687500e+00
      vertex   -3.069219e+01 -3.883888e+01 8.687500e+00
    endloop
  endfacet
  facet normal 4.792490e-01 8.776790e-01 8.882706e-16
    outer loop
      vertex   -3.069219e+01 -3.883888e+01 -2.500000e-01
      vertex   -3.069219e+01 -3.883888e+01 8.687500e+00
      vertex   -3.022260e+01 -3.909530e+01 -2.500000e-01
    endloop
  endfacet
  facet normal 4.792490e-01 8.776790e-01 8.882706e-16
    outer loop
      vertex   -3.022260e+01 -3.909530e+01 -2.500000e-01
      vertex   -3.069219e+01 -3.883888e+01 8.687500e+00
      vertex   -3.022260e+01 -3.909530e+01 8.687500e+00
    endloop
  endfacet
  facet normal 5.992777e-01 8.005412e-01 8.746573e-16
    outer loop
      vertex   -3.022260e+01 -3.909530e+01 -2.500000e-01
      vertex   -3.022260e+01 -3.909530e+01 8.687500e+00
      vertex   -2.979427e+01 -3.941594e+01 -2.500000e-01
    endloop
  endfacet
  facet normal 5.992777e-01 8.005412e-01 2.382167e-16
    outer loop
      vertex   -2.979427e+01 -3.941594e+01 -2.500000e-01
      vertex   -3.022260e+01 -3.909530e+01 8.687500e+00
      vertex   -2.979427e+01 -3.941594e+01 8.687500e+00
    endloop
  endfacet
  facet normal 7.071068e-01 7.071068e-01 2.810795e-16
    outer loop
      vertex   -2.979427e+01 -3.941594e+01 -2.500000e-01
      vertex   -2.979427e+01 -3.941594e+01 8.687500e+00
      vertex   -2.941594e+01 -3.979427e+01 -2.500000e-01
    endloop
  endfacet
  facet normal 7.071068e-01 7.071068e-01 5.621590e-16
    outer loop
      vertex   -2.941594e+01 -3.979427e+01 -2.500000e-01
      vertex   -2.979427e+01 -3.941594e+01 8.687500e+00
      vertex   -2.941594e+01 -3.979427e+01 8.687500e+00
    endloop
  endfacet
  facet normal 8.005412e-01 5.992777e-01 6.364406e-16
    outer loop
      vertex   -2.941594e+01 -3.979427e+01 -2.500000e-01
      vertex   -2.941594e+01 -3.979427e+01 8.687500e+00
      vertex   -2.909530e+01 -4.022260e+01 -2.500000e-01
    endloop
  endfacet
  facet normal 8.005412e-01 5.992777e-01 1.271087e-15
    outer loop
      vertex   -2.909530e+01 -4.022260e+01 -2.500000e-01
      vertex   -2.941594e+01 -3.979427e+01 8.687500e+00
      vertex   -2.909530e+01 -4.022260e+01 8.687500e+00
    endloop
  endfacet
  facet normal 8.776790e-01 4.792490e-01 1.110901e-15
    outer loop
      vertex   -2.909530e+01 -4.022260e+01 -2.500000e-01
      vertex   -2.909530e+01 -4.022260e+01 8.687500e+00
      vertex   -2.883888e+01 -4.069219e+01 -2.500000e-01
    endloop
  endfacet
  facet normal 8.776790e-01 4.792490e-01 3.488830e-16
    outer loop
      vertex   -2.883888e+01 -4.069219e+01 -2.500000e-01
      vertex   -2.909530e+01 -4.022260e+01 8.687500e+00
      vertex   -2.883888e+01 -4.069219e+01 8.687500e+00
    endloop
  endfacet
  facet normal 9.369497e-01 3.494642e-01 3.724435e-16
    outer loop
      vertex   -2.883888e+01 -4.069219e+01 -2.500000e-01
      vertex   -2.883888e+01 -4.069219e+01 8.687500e+00
      vertex   -2.865190e+01 -4.119350e+01 -2.500000e-01
    endloop
  endfacet
  facet normal 9.369497e-01 3.494642e-01 3.724435e-16
    outer loop
      vertex   -2.865190e+01 -4.119350e+01 -2.500000e-01
      vertex   -2.883888e+01 -4.069219e+01 8.687500e+00
      vertex   -2.865190e+01 -4.119350e+01 8.687500e+00
    endloop
  endfacet
  facet normal 9.771469e-01 2.125653e-01 3.884222e-16
    outer loop
      vertex   -2.865190e+01 -4.119350e+01 -2.500000e-01
      vertex   -2.865190e+01 -4.119350e+01 8.687500e+00
      vertex   -2.853817e+01 -4.171632e+01 -2.500000e-01
    endloop
  endfacet
  facet normal 9.771469e-01 2.125653e-01 -0.000000e+00
    outer loop
      vertex   -2.853817e+01 -4.171632e+01 -2.500000e-01
      vertex   -2.865190e+01 -4.119350e+01 8.687500e+00
      vertex   -2.853817e+01 -4.171632e+01 8.687500e+00
    endloop
  endfacet
  facet normal 9.974521e-01 7.133918e-02 -0.000000e+00
    outer loop
      vertex   -2.853817e+01 -4.171632e+01 -2.500000e-01
      vertex   -2.853817e+01 -4.171632e+01 8.687500e+00
      vertex   -2.850000e+01 -4.225000e+01 -2.500000e-01
    endloop
  endfacet
  facet normal 9.974521e-01 7.133918e-02 1.125897e-20
    outer loop
      vertex   -2.850000e+01 -4.225000e+01 -2.500000e-01
      vertex   -2.853817e+01 -4.171632e+01 8.687500e+00
      vertex   -2.853817e+01 -4.171632e+01 1.762500e+01
    endloop
  endfacet
  facet normal 9.974521e-01 7.133918e-02 -0.000000e+00
    outer loop
      vertex   -2.850000e+01 -4.225000e+01 -2.500000e-01
      vertex   -2.853817e+01 -4.171632e+01 1.762500e+01
      vertex   -2.850000e+01 -4.225000e+01 3.550000e+01
    endloop
  endfacet
  facet normal 9.974521e-01 7.133918e-02 5.672683e-17
    outer loop
      vertex   -2.850000e+01 -4.225000e+01 3.550000e+01
      vertex   -2.853817e+01 -4.171632e+01 1.762500e+01
      vertex   -2.853817e+01 -4.171632e+01 2.656250e+01
    endloop
  endfacet
  facet normal 9.974521e-01 7.133918e-02 -7.928677e-16
    outer loop
      vertex   -2.850000e+01 -4.225000e+01 3.550000e+01
      vertex   -2.853817e+01 -4.171632e+01 2.656250e+01
      vertex   -2.853817e+01 -4.171632e+01 3.550000e+01
    endloop
  endfacet
  facet normal 9.771469e-01 2.125653e-01 -7.768443e-16
    outer loop
      vertex   -2.853817e+01 -4.171632e+01 3.550000e+01
      vertex   -2.853817e+01 -4.171632e+01 2.656250e+01
      vertex   -2.865190e+01 -4.119350e+01 3.550000e+01
    endloop
  endfacet
  facet normal 9.771469e-01 2.125653e-01 -3.884222e-16
    outer loop
      vertex   -2.865190e+01 -4.119350e+01 3.550000e+01
      vertex   -2.853817e+01 -4.171632e+01 2.656250e+01
      vertex   -2.865190e+01 -4.119350e+01 2.656250e+01
    endloop
  endfacet
  facet normal 9.369497e-01 3.494642e-01 -3.724435e-16
    outer loop
      vertex   -2.865190e+01 -4.119350e+01 3.550000e+01
      vertex   -2.865190e+01 -4.119350e+01 2.656250e+01
      vertex   -2.883888e+01 -4.069219e+01 3.550000e+01
    endloop
  endfacet
  facet normal 9.369497e-01 3.494642e-01 0.000000e+00
    outer loop
      vertex   -2.883888e+01 -4.069219e+01 3.550000e+01
      vertex   -2.865190e+01 -4.119350e+01 2.656250e+01
      vertex   -2.883888e+01 -4.069219e+01 2.656250e+01
    endloop
  endfacet
  facet normal 8.776790e-01 4.792490e-01 0.000000e+00
    outer loop
      vertex   -2.883888e+01 -4.069219e+01 3.550000e+01
      vertex   -2.883888e+01 -4.069219e+01 2.656250e+01
      vertex   -2.909530e+01 -4.022260e+01 3.550000e+01
    endloop
  endfacet
  facet normal 8.776790e-01 4.792490e-01 6.977661e-16
    outer loop
      vertex   -2.909530e+01 -4.022260e+01 3.550000e+01
      vertex   -2.883888e+01 -4.069219e+01 2.656250e+01
      vertex   -2.909530e+01 -4.022260e+01 2.656250e+01
    endloop
  endfacet
  facet normal 8.005412e-01 5.992777e-01 6.364406e-16
    outer loop
      vertex   -2.909530e+01 -4.022260e+01 3.550000e+01
      vertex   -2.909530e+01 -4.022260e+01 2.656250e+01
      vertex   -2.941594e+01 -3.979427e+01 3.550000e+01
    endloop
  endfacet
  facet normal 8.005412e-01 5.992777e-01 0.000000e+00
    outer loop
      vertex   -2.941594e+01 -3.979427e+01 3.550000e+01
      vertex   -2.909530e+01 -4.022260e+01 2.656250e+01
      vertex   -2.941594e+01 -3.979427e+01 2.656250e+01
    endloop
  endfacet
  facet normal 7.071068e-01 7.071068e-01 0.000000e+00
    outer loop
      vertex   -2.941594e+01 -3.979427e+01 3.550000e+01
      vertex   -2.941594e+01 -3.979427e+01 2.656250e+01
      vertex   -2.979427e+01 -3.941594e+01 3.550000e+01
    endloop
  endfacet
  facet normal 7.071068e-01 7.071068e-01 0.000000e+00
    outer loop
      vertex   -2.979427e+01 -3.941594e+01 3.550000e+01
      vertex   -2.941594e+01 -3.979427e+01 2.656250e+01
      vertex   -2.979427e+01 -3.941594e+01 2.656250e+01
    endloop
  endfacet
  facet normal 5.992777e-01 8.005412e-01 0.000000e+00
    outer loop
      vertex   -2.979427e+01 -3.941594e+01 3.550000e+01
      vertex   -2.979427e+01 -3.941594e+01 2.656250e+01
      vertex   -3.022260e+01 -3.909530e+01 3.550000e+01
    endloop
  endfacet
  facet normal 5.992777e-01 8.005412e-01 4.764334e-16
    outer loop
      vertex   -3.022260e+01 -3.909530e+01 3.550000e+01
      vertex   -2.979427e+01 -3.941594e+01 2.656250e+01
      vertex   -3.022260e+01 -3.909530e+01 2.656250e+01
    endloop
  endfacet
  facet normal 4.792490e-01 8.776790e-01 3.810091e-16
    outer loop
      vertex   -3.022260e+01 -3.909530e+01 3.550000e+01
      vertex   -3.022260e+01 -3.909530e+01 2.656250e+01
      vertex   -3.069219e+01 -3.883888e+01 3.550000e+01
    endloop
  endfacet
  facet normal 4.792490e-01 8.776790e-01 1.905046e-16
    outer loop
      vertex   -3.069219e+01 -3.883888e+01 3.550000e+01
      vertex   -3.022260e+01 -3.909530e+01 2.656250e+01
      vertex   -3.069219e+01 -3.883888e+01 2.656250e+01
    endloop
  endfacet
  facet normal 3.494642e-01 9.369497e-01 1.389143e-16
    outer loop
      vertex   -3.069219e+01 -3.883888e+01 3.550000e+01
      vertex   -3.069219e+01 -3.883888e+01 2.656250e+01
      vertex   -3.119350e+01 -3.865190e+01 3.550000e+01
    endloop
  endfacet
  facet normal 3.494642e-01 9.369497e-01 0.000000e+00
    outer loop
      vertex   -3.119350e+01 -3.865190e+01 3.550000e+01
      vertex   -3.069219e+01 -3.883888e+01 2.656250e+01
      vertex   -3.119350e+01 -3.865190e+01 2.656250e+01
    endloop
  endfacet
  facet normal 2.125653e-01 9.771469e-01 0.000000e+00
    outer loop
      vertex   -3.119350e+01 -3.865190e+01 3.550000e+01
      vertex   -3.119350e+01 -3.865190e+01 2.656250e+01
      vertex   -3.171632e+01 -3.853817e+01 3.550000e+01
    endloop
  endfacet
  facet normal 2.125653e-01 9.771469e-01 -7.768443e-16
    outer loop
      vertex   -3.171632e+01 -3.853817e+01 3.550000e+01
      vertex   -3.119350e+01 -3.865190e+01 2.656250e+01
      vertex   -3.171632e+01 -3.853817e+01 2.656250e+01
    endloop
  endfacet
  facet normal 7.133918e-02 9.974521e-01 -7.929872e-16
    outer loop
      vertex   -3.171632e+01 -3.853817e+01 3.550000e+01
      vertex   -3.171632e+01 -3.853817e+01 2.656250e+01
      vertex   -3.225000e+01 -3.850000e+01 3.550000e+01
    endloop
  endfacet
  facet normal 7.133918e-02 9.974521e-01 2.812258e-17
    outer loop
      vertex   -3.225000e+01 -3.850000e+01 3.550000e+01
      vertex   -3.171632e+01 -3.853817e+01 2.656250e+01
      vertex   -3.171632e+01 -3.853817e+01 1.762500e+01
    endloop
  endfacet
  facet normal 2.125653e-01 9.771469e-01 3.057025e-19
    outer loop
      vertex   -3.119350e+01 -3.865190e+01 8.687500e+00
      vertex   -3.171632e+01 -3.853817e+01 8.687500e+00
      vertex   -3.171632e+01 -3.853817e+01 1.762500e+01
    endloop
  endfacet
  facet normal 2.125653e-01 9.771469e-01 8.449607e-17
    outer loop
      vertex   -3.171632e+01 -3.853817e+01 1.762500e+01
      vertex   -3.171632e+01 -3.853817e+01 2.656250e+01
      vertex   -3.119350e+01 -3.865190e+01 1.762500e+01
    endloop
  endfacet
  facet normal 2.125653e-01 9.771469e-01 8.449607e-17
    outer loop
      vertex   -3.119350e+01 -3.865190e+01 1.762500e+01
      vertex   -3.171632e+01 -3.853817e+01 2.656250e+01
      vertex   -3.119350e+01 -3.865190e+01 2.656250e+01
    endloop
  endfacet
  facet normal 3.494642e-01 9.369497e-01 1.389143e-16
    outer loop
      vertex   -3.119350e+01 -3.865190e+01 1.762500e+01
      vertex   -3.119350e+01 -3.865190e+01 2.656250e+01
      vertex   -3.069219e+01 -3.883888e+01 1.762500e+01
    endloop
  endfacet
  facet normal 3.494642e-01 9.369497e-01 -0.000000e+00
    outer loop
      vertex   -3.069219e+01 -3.883888e+01 1.762500e+01
      vertex   -3.119350e+01 -3.865190e+01 2.656250e+01
      vertex   -3.069219e+01 -3.883888e+01 2.656250e+01
    endloop
  endfacet
  facet normal 4.792490e-01 8.776790e-01 -0.000000e+00
    outer loop
      vertex   -3.069219e+01 -3.883888e+01 1.762500e+01
      vertex   -3.069219e+01 -3.883888e+01 2.656250e+01
      vertex   -3.022260e+01 -3.909530e+01 1.762500e+01
    endloop
  endfacet
  facet normal 4.792490e-01 8.776790e-01 -0.000000e+00
    outer loop
      vertex   -3.022260e+01 -3.909530e+01 1.762500e+01
      vertex   -3.069219e+01 -3.883888e+01 2.656250e+01
      vertex   -3.022260e+01 -3.909530e+01 2.656250e+01
    endloop
  endfacet
  facet normal 5.992777e-01 8.005412e-01 -0.000000e+00
    outer loop
      vertex   -3.022260e+01 -3.909530e+01 1.762500e+01
      vertex   -3.022260e+01 -3.909530e+01 2.656250e+01
      vertex   -2.979427e+01 -3.941594e+01 1.762500e+01
    endloop
  endfacet
  facet normal 5.992777e-01 8.005412e-01 -0.000000e+00
    outer loop
      vertex   -2.979427e+01 -3.941594e+01 1.762500e+01
      vertex   -3.022260e+01 -3.909530e+01 2.656250e+01
      vertex   -2.979427e+01 -3.941594e+01 2.656250e+01
    endloop
  endfacet
  facet normal 7.071068e-01 7.071068e-01 -0.000000e+00
    outer loop
      vertex   -2.979427e+01 -3.941594e+01 1.762500e+01
      vertex   -2.979427e+01 -3.941594e+01 2.656250e+01
      vertex   -2.941594e+01 -3.979427e+01 1.762500e+01
    endloop
  endfacet
  facet normal 7.071068e-01 7.071068e-01 -0.000000e+00
    outer loop
      vertex   -2.941594e+01 -3.979427e+01 1.762500e+01
      vertex   -2.979427e+01 -3.941594e+01 2.656250e+01
      vertex   -2.941594e+01 -3.979427e+01 2.656250e+01
    endloop
  endfacet
  facet normal 8.005412e-01 5.992777e-01 -0.000000e+00
    outer loop
      vertex   -2.941594e+01 -3.979427e+01 1.762500e+01
      vertex   -2.941594e+01 -3.979427e+01 2.656250e+01
      vertex   -2.909530e+01 -4.022260e+01 1.762500e+01
    endloop
  endfacet
  facet normal 8.005412e-01 5.992777e-01 -0.000000e+00
    outer loop
      vertex   -2.909530e+01 -4.022260e+01 1.762500e+01
      vertex   -2.941594e+01 -3.979427e+01 2.656250e+01
      vertex   -2.909530e+01 -4.022260e+01 2.656250e+01
    endloop
  endfacet
  facet normal 8.776790e-01 4.792490e-01 -0.000000e+00
    outer loop
      vertex   -2.909530e+01 -4.022260e+01 1.762500e+01
      vertex   -2.909530e+01 -4.022260e+01 2.656250e+01
      vertex   -2.883888e+01 -4.069219e+01 1.762500e+01
    endloop
  endfacet
  facet normal 8.776790e-01 4.792490e-01 -0.000000e+00
    outer loop
      vertex   -2.883888e+01 -4.069219e+01 1.762500e+01
      vertex   -2.909530e+01 -4.022260e+01 2.656250e+01
      vertex   -2.883888e+01 -4.069219e+01 2.656250e+01
    endloop
  endfacet
  facet normal 9.369497e-01 3.494642e-01 -0.000000e+00
    outer loop
      vertex   -2.883888e+01 -4.069219e+01 1.762500e+01
      vertex   -2.883888e+01 -4.069219e+01 2.656250e+01
      vertex   -2.865190e+01 -4.119350e+01 1.762500e+01
    endloop
  endfacet
  facet normal 9.369497e-01 3.494642e-01 -0.000000e+00
    outer loop
      vertex   -2.865190e+01 -4.119350e+01 1.762500e+01
      vertex   -2.883888e+01 -4.069219e+01 2.656250e+01
      vertex   -2.865190e+01 -4.119350e+01 2.656250e+01
    endloop
  endfacet
  facet normal 9.771469e-01 2.125653e-01 -0.000000e+00
    outer loop
      vertex   -2.865190e+01 -4.119350e+01 1.762500e+01
      vertex   -2.865190e+01 -4.119350e+01 2.656250e+01
      vertex   -2.853817e+01 -4.171632e+01 1.762500e+01
    endloop
  endfacet
  facet normal 9.771469e-01 2.125653e-01 1.689921e-16
    outer loop
      vertex   -2.853817e+01 -4.171632e+01 1.762500e+01
      vertex   -2.865190e+01 -4.119350e+01 2.656250e+01
      vertex   -2.853817e+01 -4.171632e+01 2.656250e+01
    endloop
  endfacet
  facet normal 3.494642e-01 9.369497e-01 7.318671e-19
    outer loop
      vertex   -3.069219e+01 -3.883888e+01 8.687500e+00
      vertex   -3.119350e+01 -3.865190e+01 8.687500e+00
      vertex   -3.119350e+01 -3.865190e+01 1.762500e+01
    endloop
  endfacet
  facet normal 2.125653e-01 9.771469e-01 0.000000e+00
    outer loop
      vertex   -3.119350e+01 -3.865190e+01 1.762500e+01
      vertex   -3.119350e+01 -3.865190e+01 8.687500e+00
      vertex   -3.171632e+01 -3.853817e+01 1.762500e+01
    endloop
  endfacet
  facet normal 3.494642e-01 9.369497e-01 -4.670586e-16
    outer loop
      vertex   -3.069219e+01 -3.883888e+01 8.687500e+00
      vertex   -3.119350e+01 -3.865190e+01 1.762500e+01
      vertex   -3.069219e+01 -3.883888e+01 1.762500e+01
    endloop
  endfacet
  facet normal 4.792490e-01 8.776790e-01 -3.156191e-16
    outer loop
      vertex   -3.022260e+01 -3.909530e+01 8.687500e+00
      vertex   -3.069219e+01 -3.883888e+01 8.687500e+00
      vertex   -3.069219e+01 -3.883888e+01 1.762500e+01
    endloop
  endfacet
  facet normal 4.792490e-01 8.776790e-01 -0.000000e+00
    outer loop
      vertex   -3.022260e+01 -3.909530e+01 8.687500e+00
      vertex   -3.069219e+01 -3.883888e+01 1.762500e+01
      vertex   -3.022260e+01 -3.909530e+01 1.762500e+01
    endloop
  endfacet
  facet normal 5.992777e-01 8.005412e-01 2.880103e-18
    outer loop
      vertex   -2.979427e+01 -3.941594e+01 8.687500e+00
      vertex   -3.022260e+01 -3.909530e+01 8.687500e+00
      vertex   -3.022260e+01 -3.909530e+01 1.762500e+01
    endloop
  endfacet
  facet normal 5.992777e-01 8.005412e-01 -0.000000e+00
    outer loop
      vertex   -2.979427e+01 -3.941594e+01 8.687500e+00
      vertex   -3.022260e+01 -3.909530e+01 1.762500e+01
      vertex   -2.979427e+01 -3.941594e+01 1.762500e+01
    endloop
  endfacet
  facet normal 7.071068e-01 7.071068e-01 2.157935e-18
    outer loop
      vertex   -2.941594e+01 -3.979427e+01 8.687500e+00
      vertex   -2.979427e+01 -3.941594e+01 8.687500e+00
      vertex   -2.979427e+01 -3.941594e+01 1.762500e+01
    endloop
  endfacet
  facet normal 7.071068e-01 7.071068e-01 -0.000000e+00
    outer loop
      vertex   -2.941594e+01 -3.979427e+01 8.687500e+00
      vertex   -2.979427e+01 -3.941594e+01 1.762500e+01
      vertex   -2.941594e+01 -3.979427e+01 1.762500e+01
    endloop
  endfacet
  facet normal 8.005412e-01 5.992777e-01 -2.115136e-18
    outer loop
      vertex   -2.909530e+01 -4.022260e+01 8.687500e+00
      vertex   -2.941594e+01 -3.979427e+01 8.687500e+00
      vertex   -2.941594e+01 -3.979427e+01 1.762500e+01
    endloop
  endfacet
  facet normal 8.005412e-01 5.992777e-01 -0.000000e+00
    outer loop
      vertex   -2.909530e+01 -4.022260e+01 8.687500e+00
      vertex   -2.941594e+01 -3.979427e+01 1.762500e+01
      vertex   -2.909530e+01 -4.022260e+01 1.762500e+01
    endloop
  endfacet
  facet normal 8.776790e-01 4.792490e-01 7.314479e-19
    outer loop
      vertex   -2.883888e+01 -4.069219e+01 8.687500e+00
      vertex   -2.909530e+01 -4.022260e+01 8.687500e+00
      vertex   -2.909530e+01 -4.022260e+01 1.762500e+01
    endloop
  endfacet
  facet normal 8.776790e-01 4.792490e-01 7.620182e-16
    outer loop
      vertex   -2.883888e+01 -4.069219e+01 8.687500e+00
      vertex   -2.909530e+01 -4.022260e+01 1.762500e+01
      vertex   -2.883888e+01 -4.069219e+01 1.762500e+01
    endloop
  endfacet
  facet normal 9.369497e-01 3.494642e-01 5.564048e-16
    outer loop
      vertex   -2.865190e+01 -4.119350e+01 8.687500e+00
      vertex   -2.883888e+01 -4.069219e+01 8.687500e+00
      vertex   -2.883888e+01 -4.069219e+01 1.762500e+01
    endloop
  endfacet
  facet normal 9.369497e-01 3.494642e-01 -0.000000e+00
    outer loop
      vertex   -2.865190e+01 -4.119350e+01 8.687500e+00
      vertex   -2.883888e+01 -4.069219e+01 1.762500e+01
      vertex   -2.865190e+01 -4.119350e+01 1.762500e+01
    endloop
  endfacet
  facet normal 9.771469e-01 2.125653e-01 -1.454822e-20
    outer loop
      vertex   -2.853817e+01 -4.171632e+01 8.687500e+00
      vertex   -2.865190e+01 -4.119350e+01 8.687500e+00
      vertex   -2.865190e+01 -4.119350e+01 1.762500e+01
    endloop
  endfacet
  facet normal 9.771469e-01 2.125653e-01 -0.000000e+00
    outer loop
      vertex   -2.853817e+01 -4.171632e+01 8.687500e+00
      vertex   -2.865190e+01 -4.119350e+01 1.762500e+01
      vertex   -2.853817e+01 -4.171632e+01 1.762500e+01
    endloop
  endfacet
  facet normal 5.990431e-13 1.000000e+00 -1.863328e-12
    outer loop
      vertex   -4.828407e+01 -3.850000e+01 3.029943e+01
      vertex   -4.825000e+01 -3.850000e+01 3.055825e+01
      vertex   -3.225000e+01 -3.850000e+01 3.550000e+01
    endloop
  endfacet
  facet normal -5.069957e-13 1.000000e+00 1.717715e-12
    outer loop
      vertex   -3.225000e+01 -3.850000e+01 3.550000e+01
      vertex   -4.825000e+01 -3.850000e+01 3.055825e+01
      vertex   -4.828407e+01 -3.850000e+01 3.081707e+01
    endloop
  endfacet
  facet normal -4.743854e-15 1.000000e+00 -1.964969e-15
    outer loop
      vertex   -3.225000e+01 -3.850000e+01 3.550000e+01
      vertex   -4.828407e+01 -3.850000e+01 3.081707e+01
      vertex   -4.838397e+01 -3.850000e+01 3.105825e+01
    endloop
  endfacet
  facet normal -4.363117e-15 1.000000e+00 -3.347938e-15
    outer loop
      vertex   -4.838397e+01 -3.850000e+01 3.105825e+01
      vertex   -4.854289e+01 -3.850000e+01 3.126536e+01
      vertex   -3.225000e+01 -3.850000e+01 3.550000e+01
    endloop
  endfacet
  facet normal -3.909166e-15 1.000000e+00 -5.094525e-15
    outer loop
      vertex   -3.225000e+01 -3.850000e+01 3.550000e+01
      vertex   -4.854289e+01 -3.850000e+01 3.126536e+01
      vertex   -4.875000e+01 -3.850000e+01 3.142427e+01
    endloop
  endfacet
  facet normal -1.424283e-14 1.000000e+00 3.673986e-14
    outer loop
      vertex   -3.225000e+01 -3.850000e+01 3.550000e+01
      vertex   -4.875000e+01 -3.850000e+01 3.142427e+01
      vertex   -4.899118e+01 -3.850000e+01 3.152417e+01
    endloop
  endfacet
  facet normal -1.967819e-15 1.000000e+00 -1.494707e-14
    outer loop
      vertex   -4.899118e+01 -3.850000e+01 3.152417e+01
      vertex   -4.925000e+01 -3.850000e+01 3.155825e+01
      vertex   -3.225000e+01 -3.850000e+01 3.550000e+01
    endloop
  endfacet
  facet normal 0.000000e+00 1.000000e+00 -2.343389e-14
    outer loop
      vertex   -3.225000e+01 -3.850000e+01 3.550000e+01
      vertex   -4.925000e+01 -3.850000e+01 3.155825e+01
      vertex   -6.625000e+01 -3.850000e+01 3.550000e+01
    endloop
  endfacet
  facet normal 1.967819e-15 1.000000e+00 -1.494707e-14
    outer loop
      vertex   -6.625000e+01 -3.850000e+01 3.550000e+01
      vertex   -4.925000e+01 -3.850000e+01 3.155825e+01
      vertex   -4.950882e+01 -3.850000e+01 3.152417e+01
    endloop
  endfacet
  facet normal 3.506898e-15 1.000000e+00 -8.466402e-15
    outer loop
      vertex   -6.625000e+01 -3.850000e+01 3.550000e+01
      vertex   -4.950882e+01 -3.850000e+01 3.152417e+01
      vertex   -4.975000e+01 -3.850000e+01 3.142427e+01
    endloop
  endfacet
  facet normal 4.234930e-15 1.000000e+00 -5.519068e-15
    outer loop
      vertex   -4.975000e+01 -3.850000e+01 3.142427e+01
      vertex   -4.995711e+01 -3.850000e+01 3.126536e+01
      vertex   -6.625000e+01 -3.850000e+01 3.550000e+01
    endloop
  endfacet
  facet normal 4.726710e-15 1.000000e+00 -3.626932e-15
    outer loop
      vertex   -6.625000e+01 -3.850000e+01 3.550000e+01
      vertex   -4.995711e+01 -3.850000e+01 3.126536e+01
      vertex   -5.011603e+01 -3.850000e+01 3.105825e+01
    endloop
  endfacet
  facet normal 5.139176e-15 1.000000e+00 -2.128716e-15
    outer loop
      vertex   -6.625000e+01 -3.850000e+01 3.550000e+01
      vertex   -5.011603e+01 -3.850000e+01 3.105825e+01
      vertex   -5.021593e+01 -3.850000e+01 3.081707e+01
    endloop
  endfacet
  facet normal 5.547583e-15 1.000000e+00 -7.303532e-16
    outer loop
      vertex   -5.021593e+01 -3.850000e+01 3.081707e+01
      vertex   -5.025000e+01 -3.850000e+01 3.055825e+01
      vertex   -6.625000e+01 -3.850000e+01 3.550000e+01
    endloop
  endfacet
  facet normal 6.017859e-15 1.000000e+00 7.922661e-16
    outer loop
      vertex   -6.625000e+01 -3.850000e+01 3.550000e+01
      vertex   -5.025000e+01 -3.850000e+01 3.055825e+01
      vertex   -5.021593e+01 -3.850000e+01 3.029943e+01
    endloop
  endfacet
  facet normal 6.654974e-15 1.000000e+00 2.756580e-15
    outer loop
      vertex   -6.625000e+01 -3.850000e+01 3.550000e+01
      vertex   -5.021593e+01 -3.850000e+01 3.029943e+01
      vertex   -5.011603e+01 -3.850000e+01 3.005825e+01
    endloop
  endfacet
  facet normal 7.724342e-15 1.000000e+00 5.927096e-15
    outer loop
      vertex   -5.011603e+01 -3.850000e+01 3.005825e+01
      vertex   -4.995711e+01 -3.850000e+01 2.985114e+01
      vertex   -6.625000e+01 -3.850000e+01 3.550000e+01
    endloop
  endfacet
  facet normal 5.669377e-15 1.000000e+00 0.000000e+00
    outer loop
      vertex   -6.625000e+01 -3.850000e+01 3.550000e+01
      vertex   -4.995711e+01 -3.850000e+01 2.985114e+01
      vertex   -6.625000e+01 -3.850000e+01 -2.500000e-01
    endloop
  endfacet
  facet normal 1.663691e-15 1.000000e+00 2.168164e-15
    outer loop
      vertex   -6.625000e+01 -3.850000e+01 -2.500000e-01
      vertex   -4.995711e+01 -3.850000e+01 2.985114e+01
      vertex   -4.975000e+01 -3.850000e+01 2.969222e+01
    endloop
  endfacet
  facet normal 1.040362e-15 1.000000e+00 2.511656e-15
    outer loop
      vertex   -6.625000e+01 -3.850000e+01 -2.500000e-01
      vertex   -4.975000e+01 -3.850000e+01 2.969222e+01
      vertex   -4.950882e+01 -3.850000e+01 2.959232e+01
    endloop
  endfacet
  facet normal 3.794759e-16 1.000000e+00 2.882406e-15
    outer loop
      vertex   -4.950882e+01 -3.850000e+01 2.959232e+01
      vertex   -4.925000e+01 -3.850000e+01 2.955825e+01
      vertex   -6.625000e+01 -3.850000e+01 -2.500000e-01
    endloop
  endfacet
  facet normal 1.770788e-31 1.000000e+00 3.098825e-15
    outer loop
      vertex   -6.625000e+01 -3.850000e+01 -2.500000e-01
      vertex   -4.925000e+01 -3.850000e+01 2.955825e+01
      vertex   -3.225000e+01 -3.850000e+01 -2.500000e-01
    endloop
  endfacet
  facet normal -3.794759e-16 1.000000e+00 2.882406e-15
    outer loop
      vertex   -3.225000e+01 -3.850000e+01 -2.500000e-01
      vertex   -4.925000e+01 -3.850000e+01 2.955825e+01
      vertex   -4.899118e+01 -3.850000e+01 2.959232e+01
    endloop
  endfacet
  facet normal -2.494634e-14 1.000000e+00 -1.089931e-14
    outer loop
      vertex   -3.225000e+01 -3.850000e+01 -2.500000e-01
      vertex   -4.899118e+01 -3.850000e+01 2.959232e+01
      vertex   -4.875000e+01 -3.850000e+01 2.969222e+01
    endloop
  endfacet
  facet normal -1.535715e-15 1.000000e+00 2.001382e-15
    outer loop
      vertex   -4.875000e+01 -3.850000e+01 2.969222e+01
      vertex   -4.854289e+01 -3.850000e+01 2.985114e+01
      vertex   -3.225000e+01 -3.850000e+01 -2.500000e-01
    endloop
  endfacet
  facet normal -5.233271e-15 1.000000e+00 -2.080259e-30
    outer loop
      vertex   -3.225000e+01 -3.850000e+01 -2.500000e-01
      vertex   -4.854289e+01 -3.850000e+01 2.985114e+01
      vertex   -3.225000e+01 -3.850000e+01 3.550000e+01
    endloop
  endfacet
  facet normal -7.130162e-15 1.000000e+00 5.471166e-15
    outer loop
      vertex   -3.225000e+01 -3.850000e+01 3.550000e+01
      vertex   -4.854289e+01 -3.850000e+01 2.985114e+01
      vertex   -4.838397e+01 -3.850000e+01 3.005825e+01
    endloop
  endfacet
  facet normal -6.143053e-15 1.000000e+00 2.544536e-15
    outer loop
      vertex   -3.225000e+01 -3.850000e+01 3.550000e+01
      vertex   -4.838397e+01 -3.850000e+01 3.005825e+01
      vertex   -4.828407e+01 -3.850000e+01 3.029943e+01
    endloop
  endfacet
  facet normal -4.040679e-17 7.071068e-01 -7.071068e-01
    outer loop
      vertex   -6.625000e+01 -3.850000e+01 -2.500000e-01
      vertex   -3.225000e+01 -3.850000e+01 -2.500000e-01
      vertex   -6.625000e+01 -4.065000e+01 -2.400000e+00
    endloop
  endfacet
  facet normal 4.433202e-16 7.071068e-01 -7.071068e-01
    outer loop
      vertex   -6.625000e+01 -4.065000e+01 -2.400000e+00
      vertex   -3.225000e+01 -3.850000e+01 -2.500000e-01
      vertex   -3.225000e+01 -4.065000e+01 -2.400000e+00
    endloop
  endfacet
  facet normal 5.050872e-02 7.062042e-01 -7.062042e-01
    outer loop
      vertex   -3.225000e+01 -3.850000e+01 -2.500000e-01
      vertex   -3.171632e+01 -3.853817e+01 -2.500000e-01
      vertex   -3.225000e+01 -4.065000e+01 -2.400000e+00
    endloop
  endfacet
  facet normal 7.901808e-02 7.013049e-01 -7.084685e-01
    outer loop
      vertex   -3.225000e+01 -4.065000e+01 -2.400000e+00
      vertex   -3.171632e+01 -3.853817e+01 -2.500000e-01
      vertex   -3.189397e+01 -4.069012e+01 -2.400000e+00
    endloop
  endfacet
  facet normal 1.506378e-01 6.924708e-01 -7.055441e-01
    outer loop
      vertex   -3.189397e+01 -4.069012e+01 -2.400000e+00
      vertex   -3.171632e+01 -3.853817e+01 -2.500000e-01
      vertex   -3.119350e+01 -3.865190e+01 -2.500000e-01
    endloop
  endfacet
  facet normal 2.332611e-01 6.666220e-01 -7.079578e-01
    outer loop
      vertex   -3.189397e+01 -4.069012e+01 -2.400000e+00
      vertex   -3.119350e+01 -3.865190e+01 -2.500000e-01
      vertex   -3.155579e+01 -4.080845e+01 -2.400000e+00
    endloop
  endfacet
  facet normal 2.472705e-01 6.629578e-01 -7.066430e-01
    outer loop
      vertex   -3.155579e+01 -4.080845e+01 -2.400000e+00
      vertex   -3.119350e+01 -3.865190e+01 -2.500000e-01
      vertex   -3.069219e+01 -3.883888e+01 -2.500000e-01
    endloop
  endfacet
  facet normal 3.394698e-01 6.216924e-01 -7.058745e-01
    outer loop
      vertex   -3.155579e+01 -4.080845e+01 -2.400000e+00
      vertex   -3.069219e+01 -3.883888e+01 -2.500000e-01
      vertex   -3.022260e+01 -3.909530e+01 -2.500000e-01
    endloop
  endfacet
  facet normal 3.753414e-01 5.973524e-01 -7.087235e-01
    outer loop
      vertex   -3.155579e+01 -4.080845e+01 -2.400000e+00
      vertex   -3.022260e+01 -3.909530e+01 -2.500000e-01
      vertex   -3.125242e+01 -4.099907e+01 -2.400000e+00
    endloop
  endfacet
  facet normal 4.246220e-01 5.672285e-01 -7.056543e-01
    outer loop
      vertex   -3.125242e+01 -4.099907e+01 -2.400000e+00
      vertex   -3.022260e+01 -3.909530e+01 -2.500000e-01
      vertex   -2.979427e+01 -3.941594e+01 -2.500000e-01
    endloop
  endfacet
  facet normal 4.999412e-01 4.999412e-01 -7.071900e-01
    outer loop
      vertex   -3.125242e+01 -4.099907e+01 -2.400000e+00
      vertex   -2.979427e+01 -3.941594e+01 -2.500000e-01
      vertex   -2.941594e+01 -3.979427e+01 -2.500000e-01
    endloop
  endfacet
  facet normal 4.999412e-01 4.999412e-01 -7.071900e-01
    outer loop
      vertex   -3.125242e+01 -4.099907e+01 -2.400000e+00
      vertex   -2.941594e+01 -3.979427e+01 -2.500000e-01
      vertex   -3.099907e+01 -4.125242e+01 -2.400000e+00
    endloop
  endfacet
  facet normal 5.672285e-01 4.246220e-01 -7.056543e-01
    outer loop
      vertex   -3.099907e+01 -4.125242e+01 -2.400000e+00
      vertex   -2.941594e+01 -3.979427e+01 -2.500000e-01
      vertex   -2.909530e+01 -4.022260e+01 -2.500000e-01
    endloop
  endfacet
  facet normal 5.973524e-01 3.753414e-01 -7.087235e-01
    outer loop
      vertex   -3.099907e+01 -4.125242e+01 -2.400000e+00
      vertex   -2.909530e+01 -4.022260e+01 -2.500000e-01
      vertex   -3.080845e+01 -4.155579e+01 -2.400000e+00
    endloop
  endfacet
  facet normal 6.216924e-01 3.394698e-01 -7.058745e-01
    outer loop
      vertex   -3.080845e+01 -4.155579e+01 -2.400000e+00
      vertex   -2.909530e+01 -4.022260e+01 -2.500000e-01
      vertex   -2.883888e+01 -4.069219e+01 -2.500000e-01
    endloop
  endfacet
  facet normal 6.629578e-01 2.472705e-01 -7.066430e-01
    outer loop
      vertex   -3.080845e+01 -4.155579e+01 -2.400000e+00
      vertex   -2.883888e+01 -4.069219e+01 -2.500000e-01
      vertex   -2.865190e+01 -4.119350e+01 -2.500000e-01
    endloop
  endfacet
  facet normal 6.666220e-01 2.332611e-01 -7.079578e-01
    outer loop
      vertex   -3.080845e+01 -4.155579e+01 -2.400000e+00
      vertex   -2.865190e+01 -4.119350e+01 -2.500000e-01
      vertex   -3.069012e+01 -4.189397e+01 -2.400000e+00
    endloop
  endfacet
  facet normal 6.924708e-01 1.506378e-01 -7.055441e-01
    outer loop
      vertex   -3.069012e+01 -4.189397e+01 -2.400000e+00
      vertex   -2.865190e+01 -4.119350e+01 -2.500000e-01
      vertex   -2.853817e+01 -4.171632e+01 -2.500000e-01
    endloop
  endfacet
  facet normal 7.013049e-01 7.901808e-02 -7.084685e-01
    outer loop
      vertex   -3.069012e+01 -4.189397e+01 -2.400000e+00
      vertex   -2.853817e+01 -4.171632e+01 -2.500000e-01
      vertex   -3.065000e+01 -4.225000e+01 -2.400000e+00
    endloop
  endfacet
  facet normal 7.062042e-01 5.050872e-02 -7.062042e-01
    outer loop
      vertex   -3.065000e+01 -4.225000e+01 -2.400000e+00
      vertex   -2.853817e+01 -4.171632e+01 -2.500000e-01
      vertex   -2.850000e+01 -4.225000e+01 -2.500000e-01
    endloop
  endfacet
  facet normal 7.071068e-01 -2.828475e-17 -7.071068e-01
    outer loop
      vertex   -2.850000e+01 -7.625000e+01 -2.500000e-01
      vertex   -3.065000e+01 -7.625000e+01 -2.400000e+00
      vertex   -2.850000e+01 -4.225000e+01 -2.500000e-01
    endloop
  endfacet
  facet normal 7.071068e-01 4.166866e-18 -7.071068e-01
    outer loop
      vertex   -2.850000e+01 -4.225000e+01 -2.500000e-01
      vertex   -3.065000e+01 -7.625000e+01 -2.400000e+00
      vertex   -3.065000e+01 -4.225000e+01 -2.400000e+00
    endloop
  endfacet
  facet normal 7.062042e-01 -5.050872e-02 -7.062042e-01
    outer loop
      vertex   -2.850000e+01 -7.625000e+01 -2.500000e-01
      vertex   -2.853817e+01 -7.678368e+01 -2.500000e-01
      vertex   -3.065000e+01 -7.625000e+01 -2.400000e+00
    endloop
  endfacet
  facet normal 7.013049e-01 -7.901808e-02 -7.084685e-01
    outer loop
      vertex   -3.065000e+01 -7.625000e+01 -2.400000e+00
      vertex   -2.853817e+01 -7.678368e+01 -2.500000e-01
      vertex   -3.069012e+01 -7.660603e+01 -2.400000e+00
    endloop
  endfacet
  facet normal 6.924708e-01 -1.506378e-01 -7.055441e-01
    outer loop
      vertex   -3.069012e+01 -7.660603e+01 -2.400000e+00
      vertex   -2.853817e+01 -7.678368e+01 -2.500000e-01
      vertex   -2.865190e+01 -7.730650e+01 -2.500000e-01
    endloop
  endfacet
  facet normal 6.666220e-01 -2.332611e-01 -7.079578e-01
    outer loop
      vertex   -3.069012e+01 -7.660603e+01 -2.400000e+00
      vertex   -2.865190e+01 -7.730650e+01 -2.500000e-01
      vertex   -3.080845e+01 -7.694421e+01 -2.400000e+00
    endloop
  endfacet
  facet normal 6.629578e-01 -2.472705e-01 -7.066430e-01
    outer loop
      vertex   -3.080845e+01 -7.694421e+01 -2.400000e+00
      vertex   -2.865190e+01 -7.730650e+01 -2.500000e-01
      vertex   -2.883888e+01 -7.780781e+01 -2.500000e-01
    endloop
  endfacet
  facet normal 6.216924e-01 -3.394698e-01 -7.058745e-01
    outer loop
      vertex   -3.080845e+01 -7.694421e+01 -2.400000e+00
      vertex   -2.883888e+01 -7.780781e+01 -2.500000e-01
      vertex   -2.909530e+01 -7.827740e+01 -2.500000e-01
    endloop
  endfacet
  facet normal 5.973524e-01 -3.753414e-01 -7.087235e-01
    outer loop
      vertex   -3.080845e+01 -7.694421e+01 -2.400000e+00
      vertex   -2.909530e+01 -7.827740e+01 -2.500000e-01
      vertex   -3.099907e+01 -7.724758e+01 -2.400000e+00
    endloop
  endfacet
  facet normal 5.672285e-01 -4.246220e-01 -7.056543e-01
    outer loop
      vertex   -3.099907e+01 -7.724758e+01 -2.400000e+00
      vertex   -2.909530e+01 -7.827740e+01 -2.500000e-01
      vertex   -2.941594e+01 -7.870573e+01 -2.500000e-01
    endloop
  endfacet
  facet normal 4.999412e-01 -4.999412e-01 -7.071900e-01
    outer loop
      vertex   -3.099907e+01 -7.724758e+01 -2.400000e+00
      vertex   -2.941594e+01 -7.870573e+01 -2.500000e-01
      vertex   -2.979427e+01 -7.908406e+01 -2.500000e-01
    endloop
  endfacet
  facet normal 4.999412e-01 -4.999412e-01 -7.071900e-01
    outer loop
      vertex   -3.099907e+01 -7.724758e+01 -2.400000e+00
      vertex   -2.979427e+01 -7.908406e+01 -2.500000e-01
      vertex   -3.125242e+01 -7.750093e+01 -2.400000e+00
    endloop
  endfacet
  facet normal 4.246220e-01 -5.672285e-01 -7.056543e-01
    outer loop
      vertex   -3.125242e+01 -7.750093e+01 -2.400000e+00
      vertex   -2.979427e+01 -7.908406e+01 -2.500000e-01
      vertex   -3.022260e+01 -7.940470e+01 -2.500000e-01
    endloop
  endfacet
  facet normal 3.753414e-01 -5.973524e-01 -7.087235e-01
    outer loop
      vertex   -3.125242e+01 -7.750093e+01 -2.400000e+00
      vertex   -3.022260e+01 -7.940470e+01 -2.500000e-01
      vertex   -3.155579e+01 -7.769155e+01 -2.400000e+00
    endloop
  endfacet
  facet normal 3.394698e-01 -6.216924e-01 -7.058745e-01
    outer loop
      vertex   -3.155579e+01 -7.769155e+01 -2.400000e+00
      vertex   -3.022260e+01 -7.940470e+01 -2.500000e-01
      vertex   -3.069219e+01 -7.966112e+01 -2.500000e-01
    endloop
  endfacet
  facet normal 2.472705e-01 -6.629578e-01 -7.066430e-01
    outer loop
      vertex   -3.155579e+01 -7.769155e+01 -2.400000e+00
      vertex   -3.069219e+01 -7.966112e+01 -2.500000e-01
      vertex   -3.119350e+01 -7.984810e+01 -2.500000e-01
    endloop
  endfacet
  facet normal 2.332611e-01 -6.666220e-01 -7.079578e-01
    outer loop
      vertex   -3.155579e+01 -7.769155e+01 -2.400000e+00
      vertex   -3.119350e+01 -7.984810e+01 -2.500000e-01
      vertex   -3.189397e+01 -7.780988e+01 -2.400000e+00
    endloop
  endfacet
  facet normal 1.506378e-01 -6.924708e-01 -7.055441e-01
    outer loop
      vertex   -3.189397e+01 -7.780988e+01 -2.400000e+00
      vertex   -3.119350e+01 -7.984810e+01 -2.500000e-01
      vertex   -3.171632e+01 -7.996183e+01 -2.500000e-01
    endloop
  endfacet
  facet normal 7.901808e-02 -7.013049e-01 -7.084685e-01
    outer loop
      vertex   -3.189397e+01 -7.780988e+01 -2.400000e+00
      vertex   -3.171632e+01 -7.996183e+01 -2.500000e-01
      vertex   -3.225000e+01 -7.785000e+01 -2.400000e+00
    endloop
  endfacet
  facet normal 5.050872e-02 -7.062042e-01 -7.062042e-01
    outer loop
      vertex   -3.225000e+01 -7.785000e+01 -2.400000e+00
      vertex   -3.171632e+01 -7.996183e+01 -2.500000e-01
      vertex   -3.225000e+01 -8.000000e+01 -2.500000e-01
    endloop
  endfacet
  facet normal 8.257935e-02 -9.965845e-01 0.000000e+00
    outer loop
      vertex   -3.678493e+01 -6.904433e+01 -1.600000e+00
      vertex   -3.678493e+01 -6.904433e+01 -4.000000e+00
      vertex   -3.625000e+01 -6.900000e+01 -1.600000e+00
    endloop
  endfacet
  facet normal 8.257935e-02 -9.965845e-01 0.000000e+00
    outer loop
      vertex   -3.625000e+01 -6.900000e+01 -1.600000e+00
      vertex   -3.678493e+01 -6.904433e+01 -4.000000e+00
      vertex   -3.625000e+01 -6.900000e+01 -4.000000e+00
    endloop
  endfacet
  facet normal -8.257935e-02 -9.965845e-01 -0.000000e+00
    outer loop
      vertex   -3.625000e+01 -6.900000e+01 -1.600000e+00
      vertex   -3.625000e+01 -6.900000e+01 -4.000000e+00
      vertex   -3.571507e+01 -6.904433e+01 -1.600000e+00
    endloop
  endfacet
  facet normal -8.257935e-02 -9.965845e-01 -0.000000e+00
    outer loop
      vertex   -3.571507e+01 -6.904433e+01 -1.600000e+00
      vertex   -3.625000e+01 -6.900000e+01 -4.000000e+00
      vertex   -3.571507e+01 -6.904433e+01 -4.000000e+00
    endloop
  endfacet
  facet normal -2.454855e-01 -9.694003e-01 -0.000000e+00
    outer loop
      vertex   -3.571507e+01 -6.904433e+01 -1.600000e+00
      vertex   -3.571507e+01 -6.904433e+01 -4.000000e+00
      vertex   -3.519473e+01 -6.917609e+01 -1.600000e+00
    endloop
  endfacet
  facet normal -2.454855e-01 -9.694003e-01 -0.000000e+00
    outer loop
      vertex   -3.519473e+01 -6.917609e+01 -1.600000e+00
      vertex   -3.571507e+01 -6.904433e+01 -4.000000e+00
      vertex   -3.519473e+01 -6.917609e+01 -4.000000e+00
    endloop
  endfacet
  facet normal -4.016954e-01 -9.157733e-01 -0.000000e+00
    outer loop
      vertex   -3.519473e+01 -6.917609e+01 -1.600000e+00
      vertex   -3.519473e+01 -6.917609e+01 -4.000000e+00
      vertex   -3.470317e+01 -6.939171e+01 -1.600000e+00
    endloop
  endfacet
  facet normal -4.016954e-01 -9.157733e-01 -0.000000e+00
    outer loop
      vertex   -3.470317e+01 -6.939171e+01 -1.600000e+00
      vertex   -3.519473e+01 -6.917609e+01 -4.000000e+00
      vertex   -3.470317e+01 -6.939171e+01 -4.000000e+00
    endloop
  endfacet
  facet normal -5.469482e-01 -8.371665e-01 -0.000000e+00
    outer loop
      vertex   -3.470317e+01 -6.939171e+01 -1.600000e+00
      vertex   -3.470317e+01 -6.939171e+01 -4.000000e+00
      vertex   -3.425381e+01 -6.968529e+01 -1.600000e+00
    endloop
  endfacet
  facet normal -5.469482e-01 -8.371665e-01 -0.000000e+00
    outer loop
      vertex   -3.425381e+01 -6.968529e+01 -1.600000e+00
      vertex   -3.470317e+01 -6.939171e+01 -4.000000e+00
      vertex   -3.425381e+01 -6.968529e+01 -4.000000e+00
    endloop
  endfacet
  facet normal -6.772816e-01 -7.357239e-01 -0.000000e+00
    outer loop
      vertex   -3.425381e+01 -6.968529e+01 -1.600000e+00
      vertex   -3.425381e+01 -6.968529e+01 -4.000000e+00
      vertex   -3.385890e+01 -7.004883e+01 -1.600000e+00
    endloop
  endfacet
  facet normal -6.772816e-01 -7.357239e-01 -0.000000e+00
    outer loop
      vertex   -3.385890e+01 -7.004883e+01 -1.600000e+00
      vertex   -3.425381e+01 -6.968529e+01 -4.000000e+00
      vertex   -3.385890e+01 -7.004883e+01 -4.000000e+00
    endloop
  endfacet
  facet normal -7.891405e-01 -6.142127e-01 -0.000000e+00
    outer loop
      vertex   -3.385890e+01 -7.004883e+01 -1.600000e+00
      vertex   -3.385890e+01 -7.004883e+01 -4.000000e+00
      vertex   -3.352921e+01 -7.047242e+01 -1.600000e+00
    endloop
  endfacet
  facet normal -7.891405e-01 -6.142127e-01 -0.000000e+00
    outer loop
      vertex   -3.352921e+01 -7.047242e+01 -1.600000e+00
      vertex   -3.385890e+01 -7.004883e+01 -4.000000e+00
      vertex   -3.352921e+01 -7.047242e+01 -4.000000e+00
    endloop
  endfacet
  facet normal -8.794738e-01 -4.759474e-01 -0.000000e+00
    outer loop
      vertex   -3.352921e+01 -7.047242e+01 -1.600000e+00
      vertex   -3.352921e+01 -7.047242e+01 -4.000000e+00
      vertex   -3.327374e+01 -7.094449e+01 -1.600000e+00
    endloop
  endfacet
  facet normal -8.794738e-01 -4.759474e-01 -0.000000e+00
    outer loop
      vertex   -3.327374e+01 -7.094449e+01 -1.600000e+00
      vertex   -3.352921e+01 -7.047242e+01 -4.000000e+00
      vertex   -3.327374e+01 -7.094449e+01 -4.000000e+00
    endloop
  endfacet
  facet normal -9.458172e-01 -3.246995e-01 -0.000000e+00
    outer loop
      vertex   -3.327374e+01 -7.094449e+01 -1.600000e+00
      vertex   -3.327374e+01 -7.094449e+01 -4.000000e+00
      vertex   -3.309945e+01 -7.145217e+01 -1.600000e+00
    endloop
  endfacet
  facet normal -9.458172e-01 -3.246995e-01 -0.000000e+00
    outer loop
      vertex   -3.309945e+01 -7.145217e+01 -1.600000e+00
      vertex   -3.327374e+01 -7.094449e+01 -4.000000e+00
      vertex   -3.309945e+01 -7.145217e+01 -4.000000e+00
    endloop
  endfacet
  facet normal -9.863613e-01 -1.645946e-01 -0.000000e+00
    outer loop
      vertex   -3.309945e+01 -7.145217e+01 -1.600000e+00
      vertex   -3.309945e+01 -7.145217e+01 -4.000000e+00
      vertex   -3.301110e+01 -7.198162e+01 -1.600000e+00
    endloop
  endfacet
  facet normal -9.863613e-01 -1.645946e-01 -0.000000e+00
    outer loop
      vertex   -3.301110e+01 -7.198162e+01 -1.600000e+00
      vertex   -3.309945e+01 -7.145217e+01 -4.000000e+00
      vertex   -3.301110e+01 -7.198162e+01 -4.000000e+00
    endloop
  endfacet
  facet normal -1.000000e+00 -0.000000e+00 -0.000000e+00
    outer loop
      vertex   -3.301110e+01 -7.198162e+01 -1.600000e+00
      vertex   -3.301110e+01 -7.198162e+01 -4.000000e+00
      vertex   -3.301110e+01 -7.251838e+01 -1.600000e+00
    endloop
  endfacet
  facet normal -1.000000e+00 0.000000e+00 0.000000e+00
    outer loop
      vertex   -3.301110e+01 -7.251838e+01 -1.600000e+00
      vertex   -3.301110e+01 -7.198162e+01 -4.000000e+00
      vertex   -3.301110e+01 -7.251838e+01 -4.000000e+00
    endloop
  endfacet
  facet normal -9.863613e-01 1.645946e-01 0.000000e+00
    outer loop
      vertex   -3.301110e+01 -7.251838e+01 -1.600000e+00
      vertex   -3.301110e+01 -7.251838e+01 -4.000000e+00
      vertex   -3.309945e+01 -7.304783e+01 -1.600000e+00
    endloop
  endfacet
  facet normal -9.863613e-01 1.645946e-01 0.000000e+00
    outer loop
      vertex   -3.309945e+01 -7.304783e+01 -1.600000e+00
      vertex   -3.301110e+01 -7.251838e+01 -4.000000e+00
      vertex   -3.309945e+01 -7.304783e+01 -4.000000e+00
    endloop
  endfacet
  facet normal -9.458172e-01 3.246995e-01 0.000000e+00
    outer loop
      vertex   -3.309945e+01 -7.304783e+01 -1.600000e+00
      vertex   -3.309945e+01 -7.304783e+01 -4.000000e+00
      vertex   -3.327374e+01 -7.355551e+01 -1.600000e+00
    endloop
  endfacet
  facet normal -9.458172e-01 3.246995e-01 0.000000e+00
    outer loop
      vertex   -3.327374e+01 -7.355551e+01 -1.600000e+00
      vertex   -3.309945e+01 -7.304783e+01 -4.000000e+00
      vertex   -3.327374e+01 -7.355551e+01 -4.000000e+00
    endloop
  endfacet
  facet normal -8.794738e-01 4.759474e-01 0.000000e+00
    outer loop
      vertex   -3.327374e+01 -7.355551e+01 -1.600000e+00
      vertex   -3.327374e+01 -7.355551e+01 -4.000000e+00
      vertex   -3.352921e+01 -7.402758e+01 -1.600000e+00
    endloop
  endfacet
  facet normal -8.794738e-01 4.759474e-01 0.000000e+00
    outer loop
      vertex   -3.352921e+01 -7.402758e+01 -1.600000e+00
      vertex   -3.327374e+01 -7.355551e+01 -4.000000e+00
      vertex   -3.352921e+01 -7.402758e+01 -4.000000e+00
    endloop
  endfacet
  facet normal -7.891405e-01 6.142127e-01 0.000000e+00
    outer loop
      vertex   -3.352921e+01 -7.402758e+01 -1.600000e+00
      vertex   -3.352921e+01 -7.402758e+01 -4.000000e+00
      vertex   -3.385890e+01 -7.445117e+01 -1.600000e+00
    endloop
  endfacet
  facet normal -7.891405e-01 6.142127e-01 0.000000e+00
    outer loop
      vertex   -3.385890e+01 -7.445117e+01 -1.600000e+00
      vertex   -3.352921e+01 -7.402758e+01 -4.000000e+00
      vertex   -3.385890e+01 -7.445117e+01 -4.000000e+00
    endloop
  endfacet
  facet normal -6.772816e-01 7.357239e-01 0.000000e+00
    outer loop
      vertex   -3.385890e+01 -7.445117e+01 -1.600000e+00
      vertex   -3.385890e+01 -7.445117e+01 -4.000000e+00
      vertex   -3.425381e+01 -7.481471e+01 -1.600000e+00
    endloop
  endfacet
  facet normal -6.772816e-01 7.357239e-01 0.000000e+00
    outer loop
      vertex   -3.425381e+01 -7.481471e+01 -1.600000e+00
      vertex   -3.385890e+01 -7.445117e+01 -4.000000e+00
      vertex   -3.425381e+01 -7.481471e+01 -4.000000e+00
    endloop
  endfacet
  facet normal -5.469482e-01 8.371665e-01 0.000000e+00
    outer loop
      vertex   -3.425381e+01 -7.481471e+01 -1.600000e+00
      vertex   -3.425381e+01 -7.481471e+01 -4.000000e+00
      vertex   -3.470317e+01 -7.510829e+01 -1.600000e+00
    endloop
  endfacet
  facet normal -5.469482e-01 8.371665e-01 0.000000e+00
    outer loop
      vertex   -3.470317e+01 -7.510829e+01 -1.600000e+00
      vertex   -3.425381e+01 -7.481471e+01 -4.000000e+00
      vertex   -3.470317e+01 -7.510829e+01 -4.000000e+00
    endloop
  endfacet
  facet normal -4.016954e-01 9.157733e-01 0.000000e+00
    outer loop
      vertex   -3.470317e+01 -7.510829e+01 -1.600000e+00
      vertex   -3.470317e+01 -7.510829e+01 -4.000000e+00
      vertex   -3.519473e+01 -7.532391e+01 -1.600000e+00
    endloop
  endfacet
  facet normal -4.016954e-01 9.157733e-01 0.000000e+00
    outer loop
      vertex   -3.519473e+01 -7.532391e+01 -1.600000e+00
      vertex   -3.470317e+01 -7.510829e+01 -4.000000e+00
      vertex   -3.519473e+01 -7.532391e+01 -4.000000e+00
    endloop
  endfacet
  facet normal -2.454855e-01 9.694003e-01 0.000000e+00
    outer loop
      vertex   -3.519473e+01 -7.532391e+01 -1.600000e+00
      vertex   -3.519473e+01 -7.532391e+01 -4.000000e+00
      vertex   -3.571507e+01 -7.545567e+01 -1.600000e+00
    endloop
  endfacet
  facet normal -2.454855e-01 9.694003e-01 0.000000e+00
    outer loop
      vertex   -3.571507e+01 -7.545567e+01 -1.600000e+00
      vertex   -3.519473e+01 -7.532391e+01 -4.000000e+00
      vertex   -3.571507e+01 -7.545567e+01 -4.000000e+00
    endloop
  endfacet
  facet normal -8.257935e-02 9.965845e-01 0.000000e+00
    outer loop
      vertex   -3.571507e+01 -7.545567e+01 -1.600000e+00
      vertex   -3.571507e+01 -7.545567e+01 -4.000000e+00
      vertex   -3.625000e+01 -7.550000e+01 -1.600000e+00
    endloop
  endfacet
  facet normal -8.257935e-02 9.965845e-01 0.000000e+00
    outer loop
      vertex   -3.625000e+01 -7.550000e+01 -1.600000e+00
      vertex   -3.571507e+01 -7.545567e+01 -4.000000e+00
      vertex   -3.625000e+01 -7.550000e+01 -4.000000e+00
    endloop
  endfacet
  facet normal 8.257935e-02 9.965845e-01 0.000000e+00
    outer loop
      vertex   -3.625000e+01 -7.550000e+01 -1.600000e+00
      vertex   -3.625000e+01 -7.550000e+01 -4.000000e+00
      vertex   -3.678493e+01 -7.545567e+01 -1.600000e+00
    endloop
  endfacet
  facet normal 8.257935e-02 9.965845e-01 0.000000e+00
    outer loop
      vertex   -3.678493e+01 -7.545567e+01 -1.600000e+00
      vertex   -3.625000e+01 -7.550000e+01 -4.000000e+00
      vertex   -3.678493e+01 -7.545567e+01 -4.000000e+00
    endloop
  endfacet
  facet normal 2.454855e-01 9.694003e-01 0.000000e+00
    outer loop
      vertex   -3.678493e+01 -7.545567e+01 -1.600000e+00
      vertex   -3.678493e+01 -7.545567e+01 -4.000000e+00
      vertex   -3.730527e+01 -7.532391e+01 -1.600000e+00
    endloop
  endfacet
  facet normal 2.454855e-01 9.694003e-01 0.000000e+00
    outer loop
      vertex   -3.730527e+01 -7.532391e+01 -1.600000e+00
      vertex   -3.678493e+01 -7.545567e+01 -4.000000e+00
      vertex   -3.730527e+01 -7.532391e+01 -4.000000e+00
    endloop
  endfacet
  facet normal 4.016954e-01 9.157733e-01 0.000000e+00
    outer loop
      vertex   -3.730527e+01 -7.532391e+01 -1.600000e+00
      vertex   -3.730527e+01 -7.532391e+01 -4.000000e+00
      vertex   -3.779683e+01 -7.510829e+01 -1.600000e+00
    endloop
  endfacet
  facet normal 4.016954e-01 9.157733e-01 0.000000e+00
    outer loop
      vertex   -3.779683e+01 -7.510829e+01 -1.600000e+00
      vertex   -3.730527e+01 -7.532391e+01 -4.000000e+00
      vertex   -3.779683e+01 -7.510829e+01 -4.000000e+00
    endloop
  endfacet
  facet normal 5.469482e-01 8.371665e-01 0.000000e+00
    outer loop
      vertex   -3.779683e+01 -7.510829e+01 -1.600000e+00
      vertex   -3.779683e+01 -7.510829e+01 -4.000000e+00
      vertex   -3.824619e+01 -7.481471e+01 -1.600000e+00
    endloop
  endfacet
  facet normal 5.469482e-01 8.371665e-01 0.000000e+00
    outer loop
      vertex   -3.824619e+01 -7.481471e+01 -1.600000e+00
      vertex   -3.779683e+01 -7.510829e+01 -4.000000e+00
      vertex   -3.824619e+01 -7.481471e+01 -4.000000e+00
    endloop
  endfacet
  facet normal 6.772816e-01 7.357239e-01 0.000000e+00
    outer loop
      vertex   -3.824619e+01 -7.481471e+01 -1.600000e+00
      vertex   -3.824619e+01 -7.481471e+01 -4.000000e+00
      vertex   -3.864110e+01 -7.445117e+01 -1.600000e+00
    endloop
  endfacet
  facet normal 6.772816e-01 7.357239e-01 0.000000e+00
    outer loop
      vertex   -3.864110e+01 -7.445117e+01 -1.600000e+00
      vertex   -3.824619e+01 -7.481471e+01 -4.000000e+00
      vertex   -3.864110e+01 -7.445117e+01 -4.000000e+00
    endloop
  endfacet
  facet normal 7.891405e-01 6.142127e-01 0.000000e+00
    outer loop
      vertex   -3.864110e+01 -7.445117e+01 -1.600000e+00
      vertex   -3.864110e+01 -7.445117e+01 -4.000000e+00
      vertex   -3.897079e+01 -7.402758e+01 -1.600000e+00
    endloop
  endfacet
  facet normal 7.891405e-01 6.142127e-01 0.000000e+00
    outer loop
      vertex   -3.897079e+01 -7.402758e+01 -1.600000e+00
      vertex   -3.864110e+01 -7.445117e+01 -4.000000e+00
      vertex   -3.897079e+01 -7.402758e+01 -4.000000e+00
    endloop
  endfacet
  facet normal 8.794738e-01 4.759474e-01 0.000000e+00
    outer loop
      vertex   -3.897079e+01 -7.402758e+01 -1.600000e+00
      vertex   -3.897079e+01 -7.402758e+01 -4.000000e+00
      vertex   -3.922626e+01 -7.355551e+01 -1.600000e+00
    endloop
  endfacet
  facet normal 8.794738e-01 4.759474e-01 0.000000e+00
    outer loop
      vertex   -3.922626e+01 -7.355551e+01 -1.600000e+00
      vertex   -3.897079e+01 -7.402758e+01 -4.000000e+00
      vertex   -3.922626e+01 -7.355551e+01 -4.000000e+00
    endloop
  endfacet
  facet normal 9.458172e-01 3.246995e-01 0.000000e+00
    outer loop
      vertex   -3.922626e+01 -7.355551e+01 -1.600000e+00
      vertex   -3.922626e+01 -7.355551e+01 -4.000000e+00
      vertex   -3.940055e+01 -7.304783e+01 -1.600000e+00
    endloop
  endfacet
  facet normal 9.458172e-01 3.246995e-01 0.000000e+00
    outer loop
      vertex   -3.940055e+01 -7.304783e+01 -1.600000e+00
      vertex   -3.922626e+01 -7.355551e+01 -4.000000e+00
      vertex   -3.940055e+01 -7.304783e+01 -4.000000e+00
    endloop
  endfacet
  facet normal 9.863613e-01 1.645946e-01 0.000000e+00
    outer loop
      vertex   -3.940055e+01 -7.304783e+01 -1.600000e+00
      vertex   -3.940055e+01 -7.304783e+01 -4.000000e+00
      vertex   -3.948890e+01 -7.251838e+01 -1.600000e+00
    endloop
  endfacet
  facet normal 9.863613e-01 1.645946e-01 0.000000e+00
    outer loop
      vertex   -3.948890e+01 -7.251838e+01 -1.600000e+00
      vertex   -3.940055e+01 -7.304783e+01 -4.000000e+00
      vertex   -3.948890e+01 -7.251838e+01 -4.000000e+00
    endloop
  endfacet
  facet normal 1.000000e+00 -0.000000e+00 0.000000e+00
    outer loop
      vertex   -3.948890e+01 -7.251838e+01 -1.600000e+00
      vertex   -3.948890e+01 -7.251838e+01 -4.000000e+00
      vertex   -3.948890e+01 -7.198162e+01 -1.600000e+00
    endloop
  endfacet
  facet normal 1.000000e+00 0.000000e+00 0.000000e+00
    outer loop
      vertex   -3.948890e+01 -7.198162e+01 -1.600000e+00
      vertex   -3.948890e+01 -7.251838e+01 -4.000000e+00
      vertex   -3.948890e+01 -7.198162e+01 -4.000000e+00
    endloop
  endfacet
  facet normal 9.863613e-01 -1.645946e-01 0.000000e+00
    outer loop
      vertex   -3.948890e+01 -7.198162e+01 -1.600000e+00
      vertex   -3.948890e+01 -7.198162e+01 -4.000000e+00
      vertex   -3.940055e+01 -7.145217e+01 -1.600000e+00
    endloop
  endfacet
  facet normal 9.863613e-01 -1.645946e-01 0.000000e+00
    outer loop
      vertex   -3.940055e+01 -7.145217e+01 -1.600000e+00
      vertex   -3.948890e+01 -7.198162e+01 -4.000000e+00
      vertex   -3.940055e+01 -7.145217e+01 -4.000000e+00
    endloop
  endfacet
  facet normal 9.458172e-01 -3.246995e-01 0.000000e+00
    outer loop
      vertex   -3.940055e+01 -7.145217e+01 -1.600000e+00
      vertex   -3.940055e+01 -7.145217e+01 -4.000000e+00
      vertex   -3.922626e+01 -7.094449e+01 -1.600000e+00
    endloop
  endfacet
  facet normal 9.458172e-01 -3.246995e-01 0.000000e+00
    outer loop
      vertex   -3.922626e+01 -7.094449e+01 -1.600000e+00
      vertex   -3.940055e+01 -7.145217e+01 -4.000000e+00
      vertex   -3.922626e+01 -7.094449e+01 -4.000000e+00
    endloop
  endfacet
  facet normal 8.794738e-01 -4.759474e-01 0.000000e+00
    outer loop
      vertex   -3.922626e+01 -7.094449e+01 -1.600000e+00
      vertex   -3.922626e+01 -7.094449e+01 -4.000000e+00
      vertex   -3.897079e+01 -7.047242e+01 -1.600000e+00
    endloop
  endfacet
  facet normal 8.794738e-01 -4.759474e-01 0.000000e+00
    outer loop
      vertex   -3.897079e+01 -7.047242e+01 -1.600000e+00
      vertex   -3.922626e+01 -7.094449e+01 -4.000000e+00
      vertex   -3.897079e+01 -7.047242e+01 -4.000000e+00
    endloop
  endfacet
  facet normal 7.891405e-01 -6.142127e-01 0.000000e+00
    outer loop
      vertex   -3.897079e+01 -7.047242e+01 -1.600000e+00
      vertex   -3.897079e+01 -7.047242e+01 -4.000000e+00
      vertex   -3.864110e+01 -7.004883e+01 -1.600000e+00
    endloop
  endfacet
  facet normal 7.891405e-01 -6.142127e-01 0.000000e+00
    outer loop
      vertex   -3.864110e+01 -7.004883e+01 -1.600000e+00
      vertex   -3.897079e+01 -7.047242e+01 -4.000000e+00
      vertex   -3.864110e+01 -7.004883e+01 -4.000000e+00
    endloop
  endfacet
  facet normal 6.772816e-01 -7.357239e-01 0.000000e+00
    outer loop
      vertex   -3.864110e+01 -7.004883e+01 -1.600000e+00
      vertex   -3.864110e+01 -7.004883e+01 -4.000000e+00
      vertex   -3.824619e+01 -6.968529e+01 -1.600000e+00
    endloop
  endfacet
  facet normal 6.772816e-01 -7.357239e-01 0.000000e+00
    outer loop
      vertex   -3.824619e+01 -6.968529e+01 -1.600000e+00
      vertex   -3.864110e+01 -7.004883e+01 -4.000000e+00
      vertex   -3.824619e+01 -6.968529e+01 -4.000000e+00
    endloop
  endfacet
  facet normal 5.469482e-01 -8.371665e-01 0.000000e+00
    outer loop
      vertex   -3.824619e+01 -6.968529e+01 -1.600000e+00
      vertex   -3.824619e+01 -6.968529e+01 -4.000000e+00
      vertex   -3.779683e+01 -6.939171e+01 -1.600000e+00
    endloop
  endfacet
  facet normal 5.469482e-01 -8.371665e-01 0.000000e+00
    outer loop
      vertex   -3.779683e+01 -6.939171e+01 -1.600000e+00
      vertex   -3.824619e+01 -6.968529e+01 -4.000000e+00
      vertex   -3.779683e+01 -6.939171e+01 -4.000000e+00
    endloop
  endfacet
  facet normal 4.016954e-01 -9.157733e-01 0.000000e+00
    outer loop
      vertex   -3.779683e+01 -6.939171e+01 -1.600000e+00
      vertex   -3.779683e+01 -6.939171e+01 -4.000000e+00
      vertex   -3.730527e+01 -6.917609e+01 -1.600000e+00
    endloop
  endfacet
  facet normal 4.016954e-01 -9.157733e-01 0.000000e+00
    outer loop
      vertex   -3.730527e+01 -6.917609e+01 -1.600000e+00
      vertex   -3.779683e+01 -6.939171e+01 -4.000000e+00
      vertex   -3.730527e+01 -6.917609e+01 -4.000000e+00
    endloop
  endfacet
  facet normal 2.454855e-01 -9.694003e-01 0.000000e+00
    outer loop
      vertex   -3.730527e+01 -6.917609e+01 -1.600000e+00
      vertex   -3.730527e+01 -6.917609e+01 -4.000000e+00
      vertex   -3.678493e+01 -6.904433e+01 -1.600000e+00
    endloop
  endfacet
  facet normal 2.454855e-01 -9.694003e-01 0.000000e+00
    outer loop
      vertex   -3.678493e+01 -6.904433e+01 -1.600000e+00
      vertex   -3.730527e+01 -6.917609e+01 -4.000000e+00
      vertex   -3.678493e+01 -6.904433e+01 -4.000000e+00
    endloop
  endfacet
  facet normal 9.965845e-01 8.257935e-02 0.000000e+00
    outer loop
      vertex   -3.945567e+01 -4.678493e+01 -1.600000e+00
      vertex   -3.945567e+01 -4.678493e+01 -4.000000e+00
      vertex   -3.950000e+01 -4.625000e+01 -1.600000e+00
    endloop
  endfacet
  facet normal 9.965845e-01 8.257935e-02 0.000000e+00
    outer loop
      vertex   -3.950000e+01 -4.625000e+01 -1.600000e+00
      vertex   -3.945567e+01 -4.678493e+01 -4.000000e+00
      vertex   -3.950000e+01 -4.625000e+01 -4.000000e+00
    endloop
  endfacet
  facet normal 9.965845e-01 -8.257935e-02 0.000000e+00
    outer loop
      vertex   -3.950000e+01 -4.625000e+01 -1.600000e+00
      vertex   -3.950000e+01 -4.625000e+01 -4.000000e+00
      vertex   -3.945567e+01 -4.571507e+01 -1.600000e+00
    endloop
  endfacet
  facet normal 9.965845e-01 -8.257935e-02 0.000000e+00
    outer loop
      vertex   -3.945567e+01 -4.571507e+01 -1.600000e+00
      vertex   -3.950000e+01 -4.625000e+01 -4.000000e+00
      vertex   -3.945567e+01 -4.571507e+01 -4.000000e+00
    endloop
  endfacet
  facet normal 9.694003e-01 -2.454855e-01 0.000000e+00
    outer loop
      vertex   -3.945567e+01 -4.571507e+01 -1.600000e+00
      vertex   -3.945567e+01 -4.571507e+01 -4.000000e+00
      vertex   -3.932391e+01 -4.519473e+01 -1.600000e+00
    endloop
  endfacet
  facet normal 9.694003e-01 -2.454855e-01 0.000000e+00
    outer loop
      vertex   -3.932391e+01 -4.519473e+01 -1.600000e+00
      vertex   -3.945567e+01 -4.571507e+01 -4.000000e+00
      vertex   -3.932391e+01 -4.519473e+01 -4.000000e+00
    endloop
  endfacet
  facet normal 9.157733e-01 -4.016954e-01 0.000000e+00
    outer loop
      vertex   -3.932391e+01 -4.519473e+01 -1.600000e+00
      vertex   -3.932391e+01 -4.519473e+01 -4.000000e+00
      vertex   -3.910829e+01 -4.470317e+01 -1.600000e+00
    endloop
  endfacet
  facet normal 9.157733e-01 -4.016954e-01 0.000000e+00
    outer loop
      vertex   -3.910829e+01 -4.470317e+01 -1.600000e+00
      vertex   -3.932391e+01 -4.519473e+01 -4.000000e+00
      vertex   -3.910829e+01 -4.470317e+01 -4.000000e+00
    endloop
  endfacet
  facet normal 8.371665e-01 -5.469482e-01 0.000000e+00
    outer loop
      vertex   -3.910829e+01 -4.470317e+01 -1.600000e+00
      vertex   -3.910829e+01 -4.470317e+01 -4.000000e+00
      vertex   -3.881471e+01 -4.425381e+01 -1.600000e+00
    endloop
  endfacet
  facet normal 8.371665e-01 -5.469482e-01 0.000000e+00
    outer loop
      vertex   -3.881471e+01 -4.425381e+01 -1.600000e+00
      vertex   -3.910829e+01 -4.470317e+01 -4.000000e+00
      vertex   -3.881471e+01 -4.425381e+01 -4.000000e+00
    endloop
  endfacet
  facet normal 7.357239e-01 -6.772816e-01 0.000000e+00
    outer loop
      vertex   -3.881471e+01 -4.425381e+01 -1.600000e+00
      vertex   -3.881471e+01 -4.425381e+01 -4.000000e+00
      vertex   -3.845117e+01 -4.385890e+01 -1.600000e+00
    endloop
  endfacet
  facet normal 7.357239e-01 -6.772816e-01 0.000000e+00
    outer loop
      vertex   -3.845117e+01 -4.385890e+01 -1.600000e+00
      vertex   -3.881471e+01 -4.425381e+01 -4.000000e+00
      vertex   -3.845117e+01 -4.385890e+01 -4.000000e+00
    endloop
  endfacet
  facet normal 6.142127e-01 -7.891405e-01 0.000000e+00
    outer loop
      vertex   -3.845117e+01 -4.385890e+01 -1.600000e+00
      vertex   -3.845117e+01 -4.385890e+01 -4.000000e+00
      vertex   -3.802758e+01 -4.352921e+01 -1.600000e+00
    endloop
  endfacet
  facet normal 6.142127e-01 -7.891405e-01 0.000000e+00
    outer loop
      vertex   -3.802758e+01 -4.352921e+01 -1.600000e+00
      vertex   -3.845117e+01 -4.385890e+01 -4.000000e+00
      vertex   -3.802758e+01 -4.352921e+01 -4.000000e+00
    endloop
  endfacet
  facet normal 4.759474e-01 -8.794738e-01 0.000000e+00
    outer loop
      vertex   -3.802758e+01 -4.352921e+01 -1.600000e+00
      vertex   -3.802758e+01 -4.352921e+01 -4.000000e+00
      vertex   -3.755551e+01 -4.327374e+01 -1.600000e+00
    endloop
  endfacet
  facet normal 4.759474e-01 -8.794738e-01 0.000000e+00
    outer loop
      vertex   -3.755551e+01 -4.327374e+01 -1.600000e+00
      vertex   -3.802758e+01 -4.352921e+01 -4.000000e+00
      vertex   -3.755551e+01 -4.327374e+01 -4.000000e+00
    endloop
  endfacet
  facet normal 3.246995e-01 -9.458172e-01 0.000000e+00
    outer loop
      vertex   -3.755551e+01 -4.327374e+01 -1.600000e+00
      vertex   -3.755551e+01 -4.327374e+01 -4.000000e+00
      vertex   -3.704783e+01 -4.309945e+01 -1.600000e+00
    endloop
  endfacet
  facet normal 3.246995e-01 -9.458172e-01 0.000000e+00
    outer loop
      vertex   -3.704783e+01 -4.309945e+01 -1.600000e+00
      vertex   -3.755551e+01 -4.327374e+01 -4.000000e+00
      vertex   -3.704783e+01 -4.309945e+01 -4.000000e+00
    endloop
  endfacet
  facet normal 1.645946e-01 -9.863613e-01 0.000000e+00
    outer loop
      vertex   -3.704783e+01 -4.309945e+01 -1.600000e+00
      vertex   -3.704783e+01 -4.309945e+01 -4.000000e+00
      vertex   -3.651838e+01 -4.301110e+01 -1.600000e+00
    endloop
  endfacet
  facet normal 1.645946e-01 -9.863613e-01 0.000000e+00
    outer loop
      vertex   -3.651838e+01 -4.301110e+01 -1.600000e+00
      vertex   -3.704783e+01 -4.309945e+01 -4.000000e+00
      vertex   -3.651838e+01 -4.301110e+01 -4.000000e+00
    endloop
  endfacet
  facet normal 0.000000e+00 -1.000000e+00 0.000000e+00
    outer loop
      vertex   -3.651838e+01 -4.301110e+01 -1.600000e+00
      vertex   -3.651838e+01 -4.301110e+01 -4.000000e+00
      vertex   -3.598162e+01 -4.301110e+01 -1.600000e+00
    endloop
  endfacet
  facet normal 0.000000e+00 -1.000000e+00 -0.000000e+00
    outer loop
      vertex   -3.598162e+01 -4.301110e+01 -1.600000e+00
      vertex   -3.651838e+01 -4.301110e+01 -4.000000e+00
      vertex   -3.598162e+01 -4.301110e+01 -4.000000e+00
    endloop
  endfacet
  facet normal -1.645946e-01 -9.863613e-01 -0.000000e+00
    outer loop
      vertex   -3.598162e+01 -4.301110e+01 -1.600000e+00
      vertex   -3.598162e+01 -4.301110e+01 -4.000000e+00
      vertex   -3.545217e+01 -4.309945e+01 -1.600000e+00
    endloop
  endfacet
  facet normal -1.645946e-01 -9.863613e-01 -0.000000e+00
    outer loop
      vertex   -3.545217e+01 -4.309945e+01 -1.600000e+00
      vertex   -3.598162e+01 -4.301110e+01 -4.000000e+00
      vertex   -3.545217e+01 -4.309945e+01 -4.000000e+00
    endloop
  endfacet
  facet normal -3.246995e-01 -9.458172e-01 -0.000000e+00
    outer loop
      vertex   -3.545217e+01 -4.309945e+01 -1.600000e+00
      vertex   -3.545217e+01 -4.309945e+01 -4.000000e+00
      vertex   -3.494449e+01 -4.327374e+01 -1.600000e+00
    endloop
  endfacet
  facet normal -3.246995e-01 -9.458172e-01 -0.000000e+00
    outer loop
      vertex   -3.494449e+01 -4.327374e+01 -1.600000e+00
      vertex   -3.545217e+01 -4.309945e+01 -4.000000e+00
      vertex   -3.494449e+01 -4.327374e+01 -4.000000e+00
    endloop
  endfacet
  facet normal -4.759474e-01 -8.794738e-01 -0.000000e+00
    outer loop
      vertex   -3.494449e+01 -4.327374e+01 -1.600000e+00
      vertex   -3.494449e+01 -4.327374e+01 -4.000000e+00
      vertex   -3.447242e+01 -4.352921e+01 -1.600000e+00
    endloop
  endfacet
  facet normal -4.759474e-01 -8.794738e-01 -0.000000e+00
    outer loop
      vertex   -3.447242e+01 -4.352921e+01 -1.600000e+00
      vertex   -3.494449e+01 -4.327374e+01 -4.000000e+00
      vertex   -3.447242e+01 -4.352921e+01 -4.000000e+00
    endloop
  endfacet
  facet normal -6.142127e-01 -7.891405e-01 -0.000000e+00
    outer loop
      vertex   -3.447242e+01 -4.352921e+01 -1.600000e+00
      vertex   -3.447242e+01 -4.352921e+01 -4.000000e+00
      vertex   -3.404883e+01 -4.385890e+01 -1.600000e+00
    endloop
  endfacet
  facet normal -6.142127e-01 -7.891405e-01 -0.000000e+00
    outer loop
      vertex   -3.404883e+01 -4.385890e+01 -1.600000e+00
      vertex   -3.447242e+01 -4.352921e+01 -4.000000e+00
      vertex   -3.404883e+01 -4.385890e+01 -4.000000e+00
    endloop
  endfacet
  facet normal -7.357239e-01 -6.772816e-01 -0.000000e+00
    outer loop
      vertex   -3.404883e+01 -4.385890e+01 -1.600000e+00
      vertex   -3.404883e+01 -4.385890e+01 -4.000000e+00
      vertex   -3.368529e+01 -4.425381e+01 -1.600000e+00
    endloop
  endfacet
  facet normal -7.357239e-01 -6.772816e-01 -0.000000e+00
    outer loop
      vertex   -3.368529e+01 -4.425381e+01 -1.600000e+00
      vertex   -3.404883e+01 -4.385890e+01 -4.000000e+00
      vertex   -3.368529e+01 -4.425381e+01 -4.000000e+00
    endloop
  endfacet
  facet normal -8.371665e-01 -5.469482e-01 -0.000000e+00
    outer loop
      vertex   -3.368529e+01 -4.425381e+01 -1.600000e+00
      vertex   -3.368529e+01 -4.425381e+01 -4.000000e+00
      vertex   -3.339171e+01 -4.470317e+01 -1.600000e+00
    endloop
  endfacet
  facet normal -8.371665e-01 -5.469482e-01 -0.000000e+00
    outer loop
      vertex   -3.339171e+01 -4.470317e+01 -1.600000e+00
      vertex   -3.368529e+01 -4.425381e+01 -4.000000e+00
      vertex   -3.339171e+01 -4.470317e+01 -4.000000e+00
    endloop
  endfacet
  facet normal -9.157733e-01 -4.016954e-01 -0.000000e+00
    outer loop
      vertex   -3.339171e+01 -4.470317e+01 -1.600000e+00
      vertex   -3.339171e+01 -4.470317e+01 -4.000000e+00
      vertex   -3.317609e+01 -4.519473e+01 -1.600000e+00
    endloop
  endfacet
  facet normal -9.157733e-01 -4.016954e-01 -0.000000e+00
    outer loop
      vertex   -3.317609e+01 -4.519473e+01 -1.600000e+00
      vertex   -3.339171e+01 -4.470317e+01 -4.000000e+00
      vertex   -3.317609e+01 -4.519473e+01 -4.000000e+00
    endloop
  endfacet
  facet normal -9.694003e-01 -2.454855e-01 -0.000000e+00
    outer loop
      vertex   -3.317609e+01 -4.519473e+01 -1.600000e+00
      vertex   -3.317609e+01 -4.519473e+01 -4.000000e+00
      vertex   -3.304433e+01 -4.571507e+01 -1.600000e+00
    endloop
  endfacet
  facet normal -9.694003e-01 -2.454855e-01 -0.000000e+00
    outer loop
      vertex   -3.304433e+01 -4.571507e+01 -1.600000e+00
      vertex   -3.317609e+01 -4.519473e+01 -4.000000e+00
      vertex   -3.304433e+01 -4.571507e+01 -4.000000e+00
    endloop
  endfacet
  facet normal -9.965845e-01 -8.257935e-02 -0.000000e+00
    outer loop
      vertex   -3.304433e+01 -4.571507e+01 -1.600000e+00
      vertex   -3.304433e+01 -4.571507e+01 -4.000000e+00
      vertex   -3.300000e+01 -4.625000e+01 -1.600000e+00
    endloop
  endfacet
  facet normal -9.965845e-01 -8.257935e-02 -0.000000e+00
    outer loop
      vertex   -3.300000e+01 -4.625000e+01 -1.600000e+00
      vertex   -3.304433e+01 -4.571507e+01 -4.000000e+00
      vertex   -3.300000e+01 -4.625000e+01 -4.000000e+00
    endloop
  endfacet
  facet normal -9.965845e-01 8.257935e-02 0.000000e+00
    outer loop
      vertex   -3.300000e+01 -4.625000e+01 -1.600000e+00
      vertex   -3.300000e+01 -4.625000e+01 -4.000000e+00
      vertex   -3.304433e+01 -4.678493e+01 -1.600000e+00
    endloop
  endfacet
  facet normal -9.965845e-01 8.257935e-02 0.000000e+00
    outer loop
      vertex   -3.304433e+01 -4.678493e+01 -1.600000e+00
      vertex   -3.300000e+01 -4.625000e+01 -4.000000e+00
      vertex   -3.304433e+01 -4.678493e+01 -4.000000e+00
    endloop
  endfacet
  facet normal -9.694003e-01 2.454855e-01 0.000000e+00
    outer loop
      vertex   -3.304433e+01 -4.678493e+01 -1.600000e+00
      vertex   -3.304433e+01 -4.678493e+01 -4.000000e+00
      vertex   -3.317609e+01 -4.730527e+01 -1.600000e+00
    endloop
  endfacet
  facet normal -9.694003e-01 2.454855e-01 0.000000e+00
    outer loop
      vertex   -3.317609e+01 -4.730527e+01 -1.600000e+00
      vertex   -3.304433e+01 -4.678493e+01 -4.000000e+00
      vertex   -3.317609e+01 -4.730527e+01 -4.000000e+00
    endloop
  endfacet
  facet normal -9.157733e-01 4.016954e-01 0.000000e+00
    outer loop
      vertex   -3.317609e+01 -4.730527e+01 -1.600000e+00
      vertex   -3.317609e+01 -4.730527e+01 -4.000000e+00
      vertex   -3.339171e+01 -4.779683e+01 -1.600000e+00
    endloop
  endfacet
  facet normal -9.157733e-01 4.016954e-01 0.000000e+00
    outer loop
      vertex   -3.339171e+01 -4.779683e+01 -1.600000e+00
      vertex   -3.317609e+01 -4.730527e+01 -4.000000e+00
      vertex   -3.339171e+01 -4.779683e+01 -4.000000e+00
    endloop
  endfacet
  facet normal -8.371665e-01 5.469482e-01 0.000000e+00
    outer loop
      vertex   -3.339171e+01 -4.779683e+01 -1.600000e+00
      vertex   -3.339171e+01 -4.779683e+01 -4.000000e+00
      vertex   -3.368529e+01 -4.824619e+01 -1.600000e+00
    endloop
  endfacet
  facet normal -8.371665e-01 5.469482e-01 0.000000e+00
    outer loop
      vertex   -3.368529e+01 -4.824619e+01 -1.600000e+00
      vertex   -3.339171e+01 -4.779683e+01 -4.000000e+00
      vertex   -3.368529e+01 -4.824619e+01 -4.000000e+00
    endloop
  endfacet
  facet normal -7.357239e-01 6.772816e-01 0.000000e+00
    outer loop
      vertex   -3.368529e+01 -4.824619e+01 -1.600000e+00
      vertex   -3.368529e+01 -4.824619e+01 -4.000000e+00
      vertex   -3.404883e+01 -4.864110e+01 -1.600000e+00
    endloop
  endfacet
  facet normal -7.357239e-01 6.772816e-01 0.000000e+00
    outer loop
      vertex   -3.404883e+01 -4.864110e+01 -1.600000e+00
      vertex   -3.368529e+01 -4.824619e+01 -4.000000e+00
      vertex   -3.404883e+01 -4.864110e+01 -4.000000e+00
    endloop
  endfacet
  facet normal -6.142127e-01 7.891405e-01 0.000000e+00
    outer loop
      vertex   -3.404883e+01 -4.864110e+01 -1.600000e+00
      vertex   -3.404883e+01 -4.864110e+01 -4.000000e+00
      vertex   -3.447242e+01 -4.897079e+01 -1.600000e+00
    endloop
  endfacet
  facet normal -6.142127e-01 7.891405e-01 0.000000e+00
    outer loop
      vertex   -3.447242e+01 -4.897079e+01 -1.600000e+00
      vertex   -3.404883e+01 -4.864110e+01 -4.000000e+00
      vertex   -3.447242e+01 -4.897079e+01 -4.000000e+00
    endloop
  endfacet
  facet normal -4.759474e-01 8.794738e-01 0.000000e+00
    outer loop
      vertex   -3.447242e+01 -4.897079e+01 -1.600000e+00
      vertex   -3.447242e+01 -4.897079e+01 -4.000000e+00
      vertex   -3.494449e+01 -4.922626e+01 -1.600000e+00
    endloop
  endfacet
  facet normal -4.759474e-01 8.794738e-01 0.000000e+00
    outer loop
      vertex   -3.494449e+01 -4.922626e+01 -1.600000e+00
      vertex   -3.447242e+01 -4.897079e+01 -4.000000e+00
      vertex   -3.494449e+01 -4.922626e+01 -4.000000e+00
    endloop
  endfacet
  facet normal -3.246995e-01 9.458172e-01 0.000000e+00
    outer loop
      vertex   -3.494449e+01 -4.922626e+01 -1.600000e+00
      vertex   -3.494449e+01 -4.922626e+01 -4.000000e+00
      vertex   -3.545217e+01 -4.940055e+01 -1.600000e+00
    endloop
  endfacet
  facet normal -3.246995e-01 9.458172e-01 0.000000e+00
    outer loop
      vertex   -3.545217e+01 -4.940055e+01 -1.600000e+00
      vertex   -3.494449e+01 -4.922626e+01 -4.000000e+00
      vertex   -3.545217e+01 -4.940055e+01 -4.000000e+00
    endloop
  endfacet
  facet normal -1.645946e-01 9.863613e-01 0.000000e+00
    outer loop
      vertex   -3.545217e+01 -4.940055e+01 -1.600000e+00
      vertex   -3.545217e+01 -4.940055e+01 -4.000000e+00
      vertex   -3.598162e+01 -4.948890e+01 -1.600000e+00
    endloop
  endfacet
  facet normal -1.645946e-01 9.863613e-01 0.000000e+00
    outer loop
      vertex   -3.598162e+01 -4.948890e+01 -1.600000e+00
      vertex   -3.545217e+01 -4.940055e+01 -4.000000e+00
      vertex   -3.598162e+01 -4.948890e+01 -4.000000e+00
    endloop
  endfacet
  facet normal 0.000000e+00 1.000000e+00 0.000000e+00
    outer loop
      vertex   -3.598162e+01 -4.948890e+01 -1.600000e+00
      vertex   -3.598162e+01 -4.948890e+01 -4.000000e+00
      vertex   -3.651838e+01 -4.948890e+01 -1.600000e+00
    endloop
  endfacet
  facet normal 0.000000e+00 1.000000e+00 0.000000e+00
    outer loop
      vertex   -3.651838e+01 -4.948890e+01 -1.600000e+00
      vertex   -3.598162e+01 -4.948890e+01 -4.000000e+00
      vertex   -3.651838e+01 -4.948890e+01 -4.000000e+00
    endloop
  endfacet
  facet normal 1.645946e-01 9.863613e-01 0.000000e+00
    outer loop
      vertex   -3.651838e+01 -4.948890e+01 -1.600000e+00
      vertex   -3.651838e+01 -4.948890e+01 -4.000000e+00
      vertex   -3.704783e+01 -4.940055e+01 -1.600000e+00
    endloop
  endfacet
  facet normal 1.645946e-01 9.863613e-01 0.000000e+00
    outer loop
      vertex   -3.704783e+01 -4.940055e+01 -1.600000e+00
      vertex   -3.651838e+01 -4.948890e+01 -4.000000e+00
      vertex   -3.704783e+01 -4.940055e+01 -4.000000e+00
    endloop
  endfacet
  facet normal 3.246995e-01 9.458172e-01 0.000000e+00
    outer loop
      vertex   -3.704783e+01 -4.940055e+01 -1.600000e+00
      vertex   -3.704783e+01 -4.940055e+01 -4.000000e+00
      vertex   -3.755551e+01 -4.922626e+01 -1.600000e+00
    endloop
  endfacet
  facet normal 3.246995e-01 9.458172e-01 0.000000e+00
    outer loop
      vertex   -3.755551e+01 -4.922626e+01 -1.600000e+00
      vertex   -3.704783e+01 -4.940055e+01 -4.000000e+00
      vertex   -3.755551e+01 -4.922626e+01 -4.000000e+00
    endloop
  endfacet
  facet normal 4.759474e-01 8.794738e-01 0.000000e+00
    outer loop
      vertex   -3.755551e+01 -4.922626e+01 -1.600000e+00
      vertex   -3.755551e+01 -4.922626e+01 -4.000000e+00
      vertex   -3.802758e+01 -4.897079e+01 -1.600000e+00
    endloop
  endfacet
  facet normal 4.759474e-01 8.794738e-01 0.000000e+00
    outer loop
      vertex   -3.802758e+01 -4.897079e+01 -1.600000e+00
      vertex   -3.755551e+01 -4.922626e+01 -4.000000e+00
      vertex   -3.802758e+01 -4.897079e+01 -4.000000e+00
    endloop
  endfacet
  facet normal 6.142127e-01 7.891405e-01 0.000000e+00
    outer loop
      vertex   -3.802758e+01 -4.897079e+01 -1.600000e+00
      vertex   -3.802758e+01 -4.897079e+01 -4.000000e+00
      vertex   -3.845117e+01 -4.864110e+01 -1.600000e+00
    endloop
  endfacet
  facet normal 6.142127e-01 7.891405e-01 0.000000e+00
    outer loop
      vertex   -3.845117e+01 -4.864110e+01 -1.600000e+00
      vertex   -3.802758e+01 -4.897079e+01 -4.000000e+00
      vertex   -3.845117e+01 -4.864110e+01 -4.000000e+00
    endloop
  endfacet
  facet normal 7.357239e-01 6.772816e-01 0.000000e+00
    outer loop
      vertex   -3.845117e+01 -4.864110e+01 -1.600000e+00
      vertex   -3.845117e+01 -4.864110e+01 -4.000000e+00
      vertex   -3.881471e+01 -4.824619e+01 -1.600000e+00
    endloop
  endfacet
  facet normal 7.357239e-01 6.772816e-01 0.000000e+00
    outer loop
      vertex   -3.881471e+01 -4.824619e+01 -1.600000e+00
      vertex   -3.845117e+01 -4.864110e+01 -4.000000e+00
      vertex   -3.881471e+01 -4.824619e+01 -4.000000e+00
    endloop
  endfacet
  facet normal 8.371665e-01 5.469482e-01 0.000000e+00
    outer loop
      vertex   -3.881471e+01 -4.824619e+01 -1.600000e+00
      vertex   -3.881471e+01 -4.824619e+01 -4.000000e+00
      vertex   -3.910829e+01 -4.779683e+01 -1.600000e+00
    endloop
  endfacet
  facet normal 8.371665e-01 5.469482e-01 0.000000e+00
    outer loop
      vertex   -3.910829e+01 -4.779683e+01 -1.600000e+00
      vertex   -3.881471e+01 -4.824619e+01 -4.000000e+00
      vertex   -3.910829e+01 -4.779683e+01 -4.000000e+00
    endloop
  endfacet
  facet normal 9.157733e-01 4.016954e-01 0.000000e+00
    outer loop
      vertex   -3.910829e+01 -4.779683e+01 -1.600000e+00
      vertex   -3.910829e+01 -4.779683e+01 -4.000000e+00
      vertex   -3.932391e+01 -4.730527e+01 -1.600000e+00
    endloop
  endfacet
  facet normal 9.157733e-01 4.016954e-01 0.000000e+00
    outer loop
      vertex   -3.932391e+01 -4.730527e+01 -1.600000e+00
      vertex   -3.910829e+01 -4.779683e+01 -4.000000e+00
      vertex   -3.932391e+01 -4.730527e+01 -4.000000e+00
    endloop
  endfacet
  facet normal 9.694003e-01 2.454855e-01 0.000000e+00
    outer loop
      vertex   -3.932391e+01 -4.730527e+01 -1.600000e+00
      vertex   -3.932391e+01 -4.730527e+01 -4.000000e+00
      vertex   -3.945567e+01 -4.678493e+01 -1.600000e+00
    endloop
  endfacet
  facet normal 9.694003e-01 2.454855e-01 0.000000e+00
    outer loop
      vertex   -3.945567e+01 -4.678493e+01 -1.600000e+00
      vertex   -3.932391e+01 -4.730527e+01 -4.000000e+00
      vertex   -3.945567e+01 -4.678493e+01 -4.000000e+00
    endloop
  endfacet
  facet normal -8.257935e-02 9.965845e-01 0.000000e+00
    outer loop
      vertex   -6.171507e+01 -4.945567e+01 -1.600000e+00
      vertex   -6.171507e+01 -4.945567e+01 -4.000000e+00
      vertex   -6.225000e+01 -4.950000e+01 -1.600000e+00
    endloop
  endfacet
  facet normal -8.257935e-02 9.965845e-01 0.000000e+00
    outer loop
      vertex   -6.225000e+01 -4.950000e+01 -1.600000e+00
      vertex   -6.171507e+01 -4.945567e+01 -4.000000e+00
      vertex   -6.225000e+01 -4.950000e+01 -4.000000e+00
    endloop
  endfacet
  facet normal 8.257935e-02 9.965845e-01 0.000000e+00
    outer loop
      vertex   -6.225000e+01 -4.950000e+01 -1.600000e+00
      vertex   -6.225000e+01 -4.950000e+01 -4.000000e+00
      vertex   -6.278493e+01 -4.945567e+01 -1.600000e+00
    endloop
  endfacet
  facet normal 8.257935e-02 9.965845e-01 0.000000e+00
    outer loop
      vertex   -6.278493e+01 -4.945567e+01 -1.600000e+00
      vertex   -6.225000e+01 -4.950000e+01 -4.000000e+00
      vertex   -6.278493e+01 -4.945567e+01 -4.000000e+00
    endloop
  endfacet
  facet normal 2.454855e-01 9.694003e-01 0.000000e+00
    outer loop
      vertex   -6.278493e+01 -4.945567e+01 -1.600000e+00
      vertex   -6.278493e+01 -4.945567e+01 -4.000000e+00
      vertex   -6.330527e+01 -4.932391e+01 -1.600000e+00
    endloop
  endfacet
  facet normal 2.454855e-01 9.694003e-01 0.000000e+00
    outer loop
      vertex   -6.330527e+01 -4.932391e+01 -1.600000e+00
      vertex   -6.278493e+01 -4.945567e+01 -4.000000e+00
      vertex   -6.330527e+01 -4.932391e+01 -4.000000e+00
    endloop
  endfacet
  facet normal 4.016954e-01 9.157733e-01 0.000000e+00
    outer loop
      vertex   -6.330527e+01 -4.932391e+01 -1.600000e+00
      vertex   -6.330527e+01 -4.932391e+01 -4.000000e+00
      vertex   -6.379683e+01 -4.910829e+01 -1.600000e+00
    endloop
  endfacet
  facet normal 4.016954e-01 9.157733e-01 0.000000e+00
    outer loop
      vertex   -6.379683e+01 -4.910829e+01 -1.600000e+00
      vertex   -6.330527e+01 -4.932391e+01 -4.000000e+00
      vertex   -6.379683e+01 -4.910829e+01 -4.000000e+00
    endloop
  endfacet
  facet normal 5.469482e-01 8.371665e-01 0.000000e+00
    outer loop
      vertex   -6.379683e+01 -4.910829e+01 -1.600000e+00
      vertex   -6.379683e+01 -4.910829e+01 -4.000000e+00
      vertex   -6.424619e+01 -4.881471e+01 -1.600000e+00
    endloop
  endfacet
  facet normal 5.469482e-01 8.371665e-01 0.000000e+00
    outer loop
      vertex   -6.424619e+01 -4.881471e+01 -1.600000e+00
      vertex   -6.379683e+01 -4.910829e+01 -4.000000e+00
      vertex   -6.424619e+01 -4.881471e+01 -4.000000e+00
    endloop
  endfacet
  facet normal 6.772816e-01 7.357239e-01 0.000000e+00
    outer loop
      vertex   -6.424619e+01 -4.881471e+01 -1.600000e+00
      vertex   -6.424619e+01 -4.881471e+01 -4.000000e+00
      vertex   -6.464110e+01 -4.845117e+01 -1.600000e+00
    endloop
  endfacet
  facet normal 6.772816e-01 7.357239e-01 0.000000e+00
    outer loop
      vertex   -6.464110e+01 -4.845117e+01 -1.600000e+00
      vertex   -6.424619e+01 -4.881471e+01 -4.000000e+00
      vertex   -6.464110e+01 -4.845117e+01 -4.000000e+00
    endloop
  endfacet
  facet normal 7.891405e-01 6.142127e-01 0.000000e+00
    outer loop
      vertex   -6.464110e+01 -4.845117e+01 -1.600000e+00
      vertex   -6.464110e+01 -4.845117e+01 -4.000000e+00
      vertex   -6.497079e+01 -4.802758e+01 -1.600000e+00
    endloop
  endfacet
  facet normal 7.891405e-01 6.142127e-01 0.000000e+00
    outer loop
      vertex   -6.497079e+01 -4.802758e+01 -1.600000e+00
      vertex   -6.464110e+01 -4.845117e+01 -4.000000e+00
      vertex   -6.497079e+01 -4.802758e+01 -4.000000e+00
    endloop
  endfacet
  facet normal 8.794738e-01 4.759474e-01 0.000000e+00
    outer loop
      vertex   -6.497079e+01 -4.802758e+01 -1.600000e+00
      vertex   -6.497079e+01 -4.802758e+01 -4.000000e+00
      vertex   -6.522626e+01 -4.755551e+01 -1.600000e+00
    endloop
  endfacet
  facet normal 8.794738e-01 4.759474e-01 0.000000e+00
    outer loop
      vertex   -6.522626e+01 -4.755551e+01 -1.600000e+00
      vertex   -6.497079e+01 -4.802758e+01 -4.000000e+00
      vertex   -6.522626e+01 -4.755551e+01 -4.000000e+00
    endloop
  endfacet
  facet normal 9.458172e-01 3.246995e-01 0.000000e+00
    outer loop
      vertex   -6.522626e+01 -4.755551e+01 -1.600000e+00
      vertex   -6.522626e+01 -4.755551e+01 -4.000000e+00
      vertex   -6.540055e+01 -4.704783e+01 -1.600000e+00
    endloop
  endfacet
  facet normal 9.458172e-01 3.246995e-01 0.000000e+00
    outer loop
      vertex   -6.540055e+01 -4.704783e+01 -1.600000e+00
      vertex   -6.522626e+01 -4.755551e+01 -4.000000e+00
      vertex   -6.540055e+01 -4.704783e+01 -4.000000e+00
    endloop
  endfacet
  facet normal 9.863613e-01 1.645946e-01 0.000000e+00
    outer loop
      vertex   -6.540055e+01 -4.704783e+01 -1.600000e+00
      vertex   -6.540055e+01 -4.704783e+01 -4.000000e+00
      vertex   -6.548890e+01 -4.651838e+01 -1.600000e+00
    endloop
  endfacet
  facet normal 9.863613e-01 1.645946e-01 0.000000e+00
    outer loop
      vertex   -6.548890e+01 -4.651838e+01 -1.600000e+00
      vertex   -6.540055e+01 -4.704783e+01 -4.000000e+00
      vertex   -6.548890e+01 -4.651838e+01 -4.000000e+00
    endloop
  endfacet
  facet normal 1.000000e+00 -0.000000e+00 0.000000e+00
    outer loop
      vertex   -6.548890e+01 -4.651838e+01 -1.600000e+00
      vertex   -6.548890e+01 -4.651838e+01 -4.000000e+00
      vertex   -6.548890e+01 -4.598162e+01 -1.600000e+00
    endloop
  endfacet
  facet normal 1.000000e+00 0.000000e+00 0.000000e+00
    outer loop
      vertex   -6.548890e+01 -4.598162e+01 -1.600000e+00
      vertex   -6.548890e+01 -4.651838e+01 -4.000000e+00
      vertex   -6.548890e+01 -4.598162e+01 -4.000000e+00
    endloop
  endfacet
  facet normal 9.863613e-01 -1.645946e-01 0.000000e+00
    outer loop
      vertex   -6.548890e+01 -4.598162e+01 -1.600000e+00
      vertex   -6.548890e+01 -4.598162e+01 -4.000000e+00
      vertex   -6.540055e+01 -4.545217e+01 -1.600000e+00
    endloop
  endfacet
  facet normal 9.863613e-01 -1.645946e-01 0.000000e+00
    outer loop
      vertex   -6.540055e+01 -4.545217e+01 -1.600000e+00
      vertex   -6.548890e+01 -4.598162e+01 -4.000000e+00
      vertex   -6.540055e+01 -4.545217e+01 -4.000000e+00
    endloop
  endfacet
  facet normal 9.458172e-01 -3.246995e-01 0.000000e+00
    outer loop
      vertex   -6.540055e+01 -4.545217e+01 -1.600000e+00
      vertex   -6.540055e+01 -4.545217e+01 -4.000000e+00
      vertex   -6.522626e+01 -4.494449e+01 -1.600000e+00
    endloop
  endfacet
  facet normal 9.458172e-01 -3.246995e-01 0.000000e+00
    outer loop
      vertex   -6.522626e+01 -4.494449e+01 -1.600000e+00
      vertex   -6.540055e+01 -4.545217e+01 -4.000000e+00
      vertex   -6.522626e+01 -4.494449e+01 -4.000000e+00
    endloop
  endfacet
  facet normal 8.794738e-01 -4.759474e-01 0.000000e+00
    outer loop
      vertex   -6.522626e+01 -4.494449e+01 -1.600000e+00
      vertex   -6.522626e+01 -4.494449e+01 -4.000000e+00
      vertex   -6.497079e+01 -4.447242e+01 -1.600000e+00
    endloop
  endfacet
  facet normal 8.794738e-01 -4.759474e-01 0.000000e+00
    outer loop
      vertex   -6.497079e+01 -4.447242e+01 -1.600000e+00
      vertex   -6.522626e+01 -4.494449e+01 -4.000000e+00
      vertex   -6.497079e+01 -4.447242e+01 -4.000000e+00
    endloop
  endfacet
  facet normal 7.891405e-01 -6.142127e-01 0.000000e+00
    outer loop
      vertex   -6.497079e+01 -4.447242e+01 -1.600000e+00
      vertex   -6.497079e+01 -4.447242e+01 -4.000000e+00
      vertex   -6.464110e+01 -4.404883e+01 -1.600000e+00
    endloop
  endfacet
  facet normal 7.891405e-01 -6.142127e-01 0.000000e+00
    outer loop
      vertex   -6.464110e+01 -4.404883e+01 -1.600000e+00
      vertex   -6.497079e+01 -4.447242e+01 -4.000000e+00
      vertex   -6.464110e+01 -4.404883e+01 -4.000000e+00
    endloop
  endfacet
  facet normal 6.772816e-01 -7.357239e-01 0.000000e+00
    outer loop
      vertex   -6.464110e+01 -4.404883e+01 -1.600000e+00
      vertex   -6.464110e+01 -4.404883e+01 -4.000000e+00
      vertex   -6.424619e+01 -4.368529e+01 -1.600000e+00
    endloop
  endfacet
  facet normal 6.772816e-01 -7.357239e-01 0.000000e+00
    outer loop
      vertex   -6.424619e+01 -4.368529e+01 -1.600000e+00
      vertex   -6.464110e+01 -4.404883e+01 -4.000000e+00
      vertex   -6.424619e+01 -4.368529e+01 -4.000000e+00
    endloop
  endfacet
  facet normal 5.469482e-01 -8.371665e-01 0.000000e+00
    outer loop
      vertex   -6.424619e+01 -4.368529e+01 -1.600000e+00
      vertex   -6.424619e+01 -4.368529e+01 -4.000000e+00
      vertex   -6.379683e+01 -4.339171e+01 -1.600000e+00
    endloop
  endfacet
  facet normal 5.469482e-01 -8.371665e-01 0.000000e+00
    outer loop
      vertex   -6.379683e+01 -4.339171e+01 -1.600000e+00
      vertex   -6.424619e+01 -4.368529e+01 -4.000000e+00
      vertex   -6.379683e+01 -4.339171e+01 -4.000000e+00
    endloop
  endfacet
  facet normal 4.016954e-01 -9.157733e-01 0.000000e+00
    outer loop
      vertex   -6.379683e+01 -4.339171e+01 -1.600000e+00
      vertex   -6.379683e+01 -4.339171e+01 -4.000000e+00
      vertex   -6.330527e+01 -4.317609e+01 -1.600000e+00
    endloop
  endfacet
  facet normal 4.016954e-01 -9.157733e-01 0.000000e+00
    outer loop
      vertex   -6.330527e+01 -4.317609e+01 -1.600000e+00
      vertex   -6.379683e+01 -4.339171e+01 -4.000000e+00
      vertex   -6.330527e+01 -4.317609e+01 -4.000000e+00
    endloop
  endfacet
  facet normal 2.454855e-01 -9.694003e-01 0.000000e+00
    outer loop
      vertex   -6.330527e+01 -4.317609e+01 -1.600000e+00
      vertex   -6.330527e+01 -4.317609e+01 -4.000000e+00
      vertex   -6.278493e+01 -4.304433e+01 -1.600000e+00
    endloop
  endfacet
  facet normal 2.454855e-01 -9.694003e-01 0.000000e+00
    outer loop
      vertex   -6.278493e+01 -4.304433e+01 -1.600000e+00
      vertex   -6.330527e+01 -4.317609e+01 -4.000000e+00
      vertex   -6.278493e+01 -4.304433e+01 -4.000000e+00
    endloop
  endfacet
  facet normal 8.257935e-02 -9.965845e-01 0.000000e+00
    outer loop
      vertex   -6.278493e+01 -4.304433e+01 -1.600000e+00
      vertex   -6.278493e+01 -4.304433e+01 -4.000000e+00
      vertex   -6.225000e+01 -4.300000e+01 -1.600000e+00
    endloop
  endfacet
  facet normal 8.257935e-02 -9.965845e-01 0.000000e+00
    outer loop
      vertex   -6.225000e+01 -4.300000e+01 -1.600000e+00
      vertex   -6.278493e+01 -4.304433e+01 -4.000000e+00
      vertex   -6.225000e+01 -4.300000e+01 -4.000000e+00
    endloop
  endfacet
  facet normal -8.257935e-02 -9.965845e-01 -0.000000e+00
    outer loop
      vertex   -6.225000e+01 -4.300000e+01 -1.600000e+00
      vertex   -6.225000e+01 -4.300000e+01 -4.000000e+00
      vertex   -6.171507e+01 -4.304433e+01 -1.600000e+00
    endloop
  endfacet
  facet normal -8.257935e-02 -9.965845e-01 -0.000000e+00
    outer loop
      vertex   -6.171507e+01 -4.304433e+01 -1.600000e+00
      vertex   -6.225000e+01 -4.300000e+01 -4.000000e+00
      vertex   -6.171507e+01 -4.304433e+01 -4.000000e+00
    endloop
  endfacet
  facet normal -2.454855e-01 -9.694003e-01 -0.000000e+00
    outer loop
      vertex   -6.171507e+01 -4.304433e+01 -1.600000e+00
      vertex   -6.171507e+01 -4.304433e+01 -4.000000e+00
      vertex   -6.119473e+01 -4.317609e+01 -1.600000e+00
    endloop
  endfacet
  facet normal -2.454855e-01 -9.694003e-01 -0.000000e+00
    outer loop
      vertex   -6.119473e+01 -4.317609e+01 -1.600000e+00
      vertex   -6.171507e+01 -4.304433e+01 -4.000000e+00
      vertex   -6.119473e+01 -4.317609e+01 -4.000000e+00
    endloop
  endfacet
  facet normal -4.016954e-01 -9.157733e-01 -0.000000e+00
    outer loop
      vertex   -6.119473e+01 -4.317609e+01 -1.600000e+00
      vertex   -6.119473e+01 -4.317609e+01 -4.000000e+00
      vertex   -6.070317e+01 -4.339171e+01 -1.600000e+00
    endloop
  endfacet
  facet normal -4.016954e-01 -9.157733e-01 -0.000000e+00
    outer loop
      vertex   -6.070317e+01 -4.339171e+01 -1.600000e+00
      vertex   -6.119473e+01 -4.317609e+01 -4.000000e+00
      vertex   -6.070317e+01 -4.339171e+01 -4.000000e+00
    endloop
  endfacet
  facet normal -5.469482e-01 -8.371665e-01 -0.000000e+00
    outer loop
      vertex   -6.070317e+01 -4.339171e+01 -1.600000e+00
      vertex   -6.070317e+01 -4.339171e+01 -4.000000e+00
      vertex   -6.025381e+01 -4.368529e+01 -1.600000e+00
    endloop
  endfacet
  facet normal -5.469482e-01 -8.371665e-01 -0.000000e+00
    outer loop
      vertex   -6.025381e+01 -4.368529e+01 -1.600000e+00
      vertex   -6.070317e+01 -4.339171e+01 -4.000000e+00
      vertex   -6.025381e+01 -4.368529e+01 -4.000000e+00
    endloop
  endfacet
  facet normal -6.772816e-01 -7.357239e-01 -0.000000e+00
    outer loop
      vertex   -6.025381e+01 -4.368529e+01 -1.600000e+00
      vertex   -6.025381e+01 -4.368529e+01 -4.000000e+00
      vertex   -5.985890e+01 -4.404883e+01 -1.600000e+00
    endloop
  endfacet
  facet normal -6.772816e-01 -7.357239e-01 -0.000000e+00
    outer loop
      vertex   -5.985890e+01 -4.404883e+01 -1.600000e+00
      vertex   -6.025381e+01 -4.368529e+01 -4.000000e+00
      vertex   -5.985890e+01 -4.404883e+01 -4.000000e+00
    endloop
  endfacet
  facet normal -7.891405e-01 -6.142127e-01 -0.000000e+00
    outer loop
      vertex   -5.985890e+01 -4.404883e+01 -1.600000e+00
      vertex   -5.985890e+01 -4.404883e+01 -4.000000e+00
      vertex   -5.952921e+01 -4.447242e+01 -1.600000e+00
    endloop
  endfacet
  facet normal -7.891405e-01 -6.142127e-01 -0.000000e+00
    outer loop
      vertex   -5.952921e+01 -4.447242e+01 -1.600000e+00
      vertex   -5.985890e+01 -4.404883e+01 -4.000000e+00
      vertex   -5.952921e+01 -4.447242e+01 -4.000000e+00
    endloop
  endfacet
  facet normal -8.794738e-01 -4.759474e-01 -0.000000e+00
    outer loop
      vertex   -5.952921e+01 -4.447242e+01 -1.600000e+00
      vertex   -5.952921e+01 -4.447242e+01 -4.000000e+00
      vertex   -5.927374e+01 -4.494449e+01 -1.600000e+00
    endloop
  endfacet
  facet normal -8.794738e-01 -4.759474e-01 -0.000000e+00
    outer loop
      vertex   -5.927374e+01 -4.494449e+01 -1.600000e+00
      vertex   -5.952921e+01 -4.447242e+01 -4.000000e+00
      vertex   -5.927374e+01 -4.494449e+01 -4.000000e+00
    endloop
  endfacet
  facet normal -9.458172e-01 -3.246995e-01 -0.000000e+00
    outer loop
      vertex   -5.927374e+01 -4.494449e+01 -1.600000e+00
      vertex   -5.927374e+01 -4.494449e+01 -4.000000e+00
      vertex   -5.909945e+01 -4.545217e+01 -1.600000e+00
    endloop
  endfacet
  facet normal -9.458172e-01 -3.246995e-01 -0.000000e+00
    outer loop
      vertex   -5.909945e+01 -4.545217e+01 -1.600000e+00
      vertex   -5.927374e+01 -4.494449e+01 -4.000000e+00
      vertex   -5.909945e+01 -4.545217e+01 -4.000000e+00
    endloop
  endfacet
  facet normal -9.863613e-01 -1.645946e-01 -0.000000e+00
    outer loop
      vertex   -5.909945e+01 -4.545217e+01 -1.600000e+00
      vertex   -5.909945e+01 -4.545217e+01 -4.000000e+00
      vertex   -5.901110e+01 -4.598162e+01 -1.600000e+00
    endloop
  endfacet
  facet normal -9.863613e-01 -1.645946e-01 -0.000000e+00
    outer loop
      vertex   -5.901110e+01 -4.598162e+01 -1.600000e+00
      vertex   -5.909945e+01 -4.545217e+01 -4.000000e+00
      vertex   -5.901110e+01 -4.598162e+01 -4.000000e+00
    endloop
  endfacet
  facet normal -1.000000e+00 -0.000000e+00 -0.000000e+00
    outer loop
      vertex   -5.901110e+01 -4.598162e+01 -1.600000e+00
      vertex   -5.901110e+01 -4.598162e+01 -4.000000e+00
      vertex   -5.901110e+01 -4.651838e+01 -1.600000e+00
    endloop
  endfacet
  facet normal -1.000000e+00 0.000000e+00 0.000000e+00
    outer loop
      vertex   -5.901110e+01 -4.651838e+01 -1.600000e+00
      vertex   -5.901110e+01 -4.598162e+01 -4.000000e+00
      vertex   -5.901110e+01 -4.651838e+01 -4.000000e+00
    endloop
  endfacet
  facet normal -9.863613e-01 1.645946e-01 0.000000e+00
    outer loop
      vertex   -5.901110e+01 -4.651838e+01 -1.600000e+00
      vertex   -5.901110e+01 -4.651838e+01 -4.000000e+00
      vertex   -5.909945e+01 -4.704783e+01 -1.600000e+00
    endloop
  endfacet
  facet normal -9.863613e-01 1.645946e-01 0.000000e+00
    outer loop
      vertex   -5.909945e+01 -4.704783e+01 -1.600000e+00
      vertex   -5.901110e+01 -4.651838e+01 -4.000000e+00
      vertex   -5.909945e+01 -4.704783e+01 -4.000000e+00
    endloop
  endfacet
  facet normal -9.458172e-01 3.246995e-01 0.000000e+00
    outer loop
      vertex   -5.909945e+01 -4.704783e+01 -1.600000e+00
      vertex   -5.909945e+01 -4.704783e+01 -4.000000e+00
      vertex   -5.927374e+01 -4.755551e+01 -1.600000e+00
    endloop
  endfacet
  facet normal -9.458172e-01 3.246995e-01 0.000000e+00
    outer loop
      vertex   -5.927374e+01 -4.755551e+01 -1.600000e+00
      vertex   -5.909945e+01 -4.704783e+01 -4.000000e+00
      vertex   -5.927374e+01 -4.755551e+01 -4.000000e+00
    endloop
  endfacet
  facet normal -8.794738e-01 4.759474e-01 0.000000e+00
    outer loop
      vertex   -5.927374e+01 -4.755551e+01 -1.600000e+00
      vertex   -5.927374e+01 -4.755551e+01 -4.000000e+00
      vertex   -5.952921e+01 -4.802758e+01 -1.600000e+00
    endloop
  endfacet
  facet normal -8.794738e-01 4.759474e-01 0.000000e+00
    outer loop
      vertex   -5.952921e+01 -4.802758e+01 -1.600000e+00
      vertex   -5.927374e+01 -4.755551e+01 -4.000000e+00
      vertex   -5.952921e+01 -4.802758e+01 -4.000000e+00
    endloop
  endfacet
  facet normal -7.891405e-01 6.142127e-01 0.000000e+00
    outer loop
      vertex   -5.952921e+01 -4.802758e+01 -1.600000e+00
      vertex   -5.952921e+01 -4.802758e+01 -4.000000e+00
      vertex   -5.985890e+01 -4.845117e+01 -1.600000e+00
    endloop
  endfacet
  facet normal -7.891405e-01 6.142127e-01 0.000000e+00
    outer loop
      vertex   -5.985890e+01 -4.845117e+01 -1.600000e+00
      vertex   -5.952921e+01 -4.802758e+01 -4.000000e+00
      vertex   -5.985890e+01 -4.845117e+01 -4.000000e+00
    endloop
  endfacet
  facet normal -6.772816e-01 7.357239e-01 0.000000e+00
    outer loop
      vertex   -5.985890e+01 -4.845117e+01 -1.600000e+00
      vertex   -5.985890e+01 -4.845117e+01 -4.000000e+00
      vertex   -6.025381e+01 -4.881471e+01 -1.600000e+00
    endloop
  endfacet
  facet normal -6.772816e-01 7.357239e-01 0.000000e+00
    outer loop
      vertex   -6.025381e+01 -4.881471e+01 -1.600000e+00
      vertex   -5.985890e+01 -4.845117e+01 -4.000000e+00
      vertex   -6.025381e+01 -4.881471e+01 -4.000000e+00
    endloop
  endfacet
  facet normal -5.469482e-01 8.371665e-01 0.000000e+00
    outer loop
      vertex   -6.025381e+01 -4.881471e+01 -1.600000e+00
      vertex   -6.025381e+01 -4.881471e+01 -4.000000e+00
      vertex   -6.070317e+01 -4.910829e+01 -1.600000e+00
    endloop
  endfacet
  facet normal -5.469482e-01 8.371665e-01 0.000000e+00
    outer loop
      vertex   -6.070317e+01 -4.910829e+01 -1.600000e+00
      vertex   -6.025381e+01 -4.881471e+01 -4.000000e+00
      vertex   -6.070317e+01 -4.910829e+01 -4.000000e+00
    endloop
  endfacet
  facet normal -4.016954e-01 9.157733e-01 0.000000e+00
    outer loop
      vertex   -6.070317e+01 -4.910829e+01 -1.600000e+00
      vertex   -6.070317e+01 -4.910829e+01 -4.000000e+00
      vertex   -6.119473e+01 -4.932391e+01 -1.600000e+00
    endloop
  endfacet
  facet normal -4.016954e-01 9.157733e-01 0.000000e+00
    outer loop
      vertex   -6.119473e+01 -4.932391e+01 -1.600000e+00
      vertex   -6.070317e+01 -4.910829e+01 -4.000000e+00
      vertex   -6.119473e+01 -4.932391e+01 -4.000000e+00
    endloop
  endfacet
  facet normal -2.454855e-01 9.694003e-01 0.000000e+00
    outer loop
      vertex   -6.119473e+01 -4.932391e+01 -1.600000e+00
      vertex   -6.119473e+01 -4.932391e+01 -4.000000e+00
      vertex   -6.171507e+01 -4.945567e+01 -1.600000e+00
    endloop
  endfacet
  facet normal -2.454855e-01 9.694003e-01 0.000000e+00
    outer loop
      vertex   -6.171507e+01 -4.945567e+01 -1.600000e+00
      vertex   -6.119473e+01 -4.932391e+01 -4.000000e+00
      vertex   -6.171507e+01 -4.945567e+01 -4.000000e+00
    endloop
  endfacet
  facet normal -9.965845e-01 -8.257935e-02 -0.000000e+00
    outer loop
      vertex   -5.904433e+01 -7.171507e+01 -1.600000e+00
      vertex   -5.904433e+01 -7.171507e+01 -4.000000e+00
      vertex   -5.900000e+01 -7.225000e+01 -1.600000e+00
    endloop
  endfacet
  facet normal -9.965845e-01 -8.257935e-02 -0.000000e+00
    outer loop
      vertex   -5.900000e+01 -7.225000e+01 -1.600000e+00
      vertex   -5.904433e+01 -7.171507e+01 -4.000000e+00
      vertex   -5.900000e+01 -7.225000e+01 -4.000000e+00
    endloop
  endfacet
  facet normal -9.965845e-01 8.257935e-02 0.000000e+00
    outer loop
      vertex   -5.900000e+01 -7.225000e+01 -1.600000e+00
      vertex   -5.900000e+01 -7.225000e+01 -4.000000e+00
      vertex   -5.904433e+01 -7.278493e+01 -1.600000e+00
    endloop
  endfacet
  facet normal -9.965845e-01 8.257935e-02 0.000000e+00
    outer loop
      vertex   -5.904433e+01 -7.278493e+01 -1.600000e+00
      vertex   -5.900000e+01 -7.225000e+01 -4.000000e+00
      vertex   -5.904433e+01 -7.278493e+01 -4.000000e+00
    endloop
  endfacet
  facet normal -9.694003e-01 2.454855e-01 0.000000e+00
    outer loop
      vertex   -5.904433e+01 -7.278493e+01 -1.600000e+00
      vertex   -5.904433e+01 -7.278493e+01 -4.000000e+00
      vertex   -5.917609e+01 -7.330527e+01 -1.600000e+00
    endloop
  endfacet
  facet normal -9.694003e-01 2.454855e-01 0.000000e+00
    outer loop
      vertex   -5.917609e+01 -7.330527e+01 -1.600000e+00
      vertex   -5.904433e+01 -7.278493e+01 -4.000000e+00
      vertex   -5.917609e+01 -7.330527e+01 -4.000000e+00
    endloop
  endfacet
  facet normal -9.157733e-01 4.016954e-01 0.000000e+00
    outer loop
      vertex   -5.917609e+01 -7.330527e+01 -1.600000e+00
      vertex   -5.917609e+01 -7.330527e+01 -4.000000e+00
      vertex   -5.939171e+01 -7.379683e+01 -1.600000e+00
    endloop
  endfacet
  facet normal -9.157733e-01 4.016954e-01 0.000000e+00
    outer loop
      vertex   -5.939171e+01 -7.379683e+01 -1.600000e+00
      vertex   -5.917609e+01 -7.330527e+01 -4.000000e+00
      vertex   -5.939171e+01 -7.379683e+01 -4.000000e+00
    endloop
  endfacet
  facet normal -8.371665e-01 5.469482e-01 0.000000e+00
    outer loop
      vertex   -5.939171e+01 -7.379683e+01 -1.600000e+00
      vertex   -5.939171e+01 -7.379683e+01 -4.000000e+00
      vertex   -5.968529e+01 -7.424619e+01 -1.600000e+00
    endloop
  endfacet
  facet normal -8.371665e-01 5.469482e-01 0.000000e+00
    outer loop
      vertex   -5.968529e+01 -7.424619e+01 -1.600000e+00
      vertex   -5.939171e+01 -7.379683e+01 -4.000000e+00
      vertex   -5.968529e+01 -7.424619e+01 -4.000000e+00
    endloop
  endfacet
  facet normal -7.357239e-01 6.772816e-01 0.000000e+00
    outer loop
      vertex   -5.968529e+01 -7.424619e+01 -1.600000e+00
      vertex   -5.968529e+01 -7.424619e+01 -4.000000e+00
      vertex   -6.004883e+01 -7.464110e+01 -1.600000e+00
    endloop
  endfacet
  facet normal -7.357239e-01 6.772816e-01 0.000000e+00
    outer loop
      vertex   -6.004883e+01 -7.464110e+01 -1.600000e+00
      vertex   -5.968529e+01 -7.424619e+01 -4.000000e+00
      vertex   -6.004883e+01 -7.464110e+01 -4.000000e+00
    endloop
  endfacet
  facet normal -6.142127e-01 7.891405e-01 0.000000e+00
    outer loop
      vertex   -6.004883e+01 -7.464110e+01 -1.600000e+00
      vertex   -6.004883e+01 -7.464110e+01 -4.000000e+00
      vertex   -6.047242e+01 -7.497079e+01 -1.600000e+00
    endloop
  endfacet
  facet normal -6.142127e-01 7.891405e-01 0.000000e+00
    outer loop
      vertex   -6.047242e+01 -7.497079e+01 -1.600000e+00
      vertex   -6.004883e+01 -7.464110e+01 -4.000000e+00
      vertex   -6.047242e+01 -7.497079e+01 -4.000000e+00
    endloop
  endfacet
  facet normal -4.759474e-01 8.794738e-01 0.000000e+00
    outer loop
      vertex   -6.047242e+01 -7.497079e+01 -1.600000e+00
      vertex   -6.047242e+01 -7.497079e+01 -4.000000e+00
      vertex   -6.094449e+01 -7.522626e+01 -1.600000e+00
    endloop
  endfacet
  facet normal -4.759474e-01 8.794738e-01 0.000000e+00
    outer loop
      vertex   -6.094449e+01 -7.522626e+01 -1.600000e+00
      vertex   -6.047242e+01 -7.497079e+01 -4.000000e+00
      vertex   -6.094449e+01 -7.522626e+01 -4.000000e+00
    endloop
  endfacet
  facet normal -3.246995e-01 9.458172e-01 0.000000e+00
    outer loop
      vertex   -6.094449e+01 -7.522626e+01 -1.600000e+00
      vertex   -6.094449e+01 -7.522626e+01 -4.000000e+00
      vertex   -6.145217e+01 -7.540055e+01 -1.600000e+00
    endloop
  endfacet
  facet normal -3.246995e-01 9.458172e-01 0.000000e+00
    outer loop
      vertex   -6.145217e+01 -7.540055e+01 -1.600000e+00
      vertex   -6.094449e+01 -7.522626e+01 -4.000000e+00
      vertex   -6.145217e+01 -7.540055e+01 -4.000000e+00
    endloop
  endfacet
  facet normal -1.645946e-01 9.863613e-01 0.000000e+00
    outer loop
      vertex   -6.145217e+01 -7.540055e+01 -1.600000e+00
      vertex   -6.145217e+01 -7.540055e+01 -4.000000e+00
      vertex   -6.198162e+01 -7.548890e+01 -1.600000e+00
    endloop
  endfacet
  facet normal -1.645946e-01 9.863613e-01 0.000000e+00
    outer loop
      vertex   -6.198162e+01 -7.548890e+01 -1.600000e+00
      vertex   -6.145217e+01 -7.540055e+01 -4.000000e+00
      vertex   -6.198162e+01 -7.548890e+01 -4.000000e+00
    endloop
  endfacet
  facet normal 0.000000e+00 1.000000e+00 0.000000e+00
    outer loop
      vertex   -6.198162e+01 -7.548890e+01 -1.600000e+00
      vertex   -6.198162e+01 -7.548890e+01 -4.000000e+00
      vertex   -6.251838e+01 -7.548890e+01 -1.600000e+00
    endloop
  endfacet
  facet normal 0.000000e+00 1.000000e+00 0.000000e+00
    outer loop
      vertex   -6.251838e+01 -7.548890e+01 -1.600000e+00
      vertex   -6.198162e+01 -7.548890e+01 -4.000000e+00
      vertex   -6.251838e+01 -7.548890e+01 -4.000000e+00
    endloop
  endfacet
  facet normal 1.645946e-01 9.863613e-01 0.000000e+00
    outer loop
      vertex   -6.251838e+01 -7.548890e+01 -1.600000e+00
      vertex   -6.251838e+01 -7.548890e+01 -4.000000e+00
      vertex   -6.304783e+01 -7.540055e+01 -1.600000e+00
    endloop
  endfacet
  facet normal 1.645946e-01 9.863613e-01 0.000000e+00
    outer loop
      vertex   -6.304783e+01 -7.540055e+01 -1.600000e+00
      vertex   -6.251838e+01 -7.548890e+01 -4.000000e+00
      vertex   -6.304783e+01 -7.540055e+01 -4.000000e+00
    endloop
  endfacet
  facet normal 3.246995e-01 9.458172e-01 0.000000e+00
    outer loop
      vertex   -6.304783e+01 -7.540055e+01 -1.600000e+00
      vertex   -6.304783e+01 -7.540055e+01 -4.000000e+00
      vertex   -6.355551e+01 -7.522626e+01 -1.600000e+00
    endloop
  endfacet
  facet normal 3.246995e-01 9.458172e-01 0.000000e+00
    outer loop
      vertex   -6.355551e+01 -7.522626e+01 -1.600000e+00
      vertex   -6.304783e+01 -7.540055e+01 -4.000000e+00
      vertex   -6.355551e+01 -7.522626e+01 -4.000000e+00
    endloop
  endfacet
  facet normal 4.759474e-01 8.794738e-01 0.000000e+00
    outer loop
      vertex   -6.355551e+01 -7.522626e+01 -1.600000e+00
      vertex   -6.355551e+01 -7.522626e+01 -4.000000e+00
      vertex   -6.402758e+01 -7.497079e+01 -1.600000e+00
    endloop
  endfacet
  facet normal 4.759474e-01 8.794738e-01 0.000000e+00
    outer loop
      vertex   -6.402758e+01 -7.497079e+01 -1.600000e+00
      vertex   -6.355551e+01 -7.522626e+01 -4.000000e+00
      vertex   -6.402758e+01 -7.497079e+01 -4.000000e+00
    endloop
  endfacet
  facet normal 6.142127e-01 7.891405e-01 0.000000e+00
    outer loop
      vertex   -6.402758e+01 -7.497079e+01 -1.600000e+00
      vertex   -6.402758e+01 -7.497079e+01 -4.000000e+00
      vertex   -6.445117e+01 -7.464110e+01 -1.600000e+00
    endloop
  endfacet
  facet normal 6.142127e-01 7.891405e-01 0.000000e+00
    outer loop
      vertex   -6.445117e+01 -7.464110e+01 -1.600000e+00
      vertex   -6.402758e+01 -7.497079e+01 -4.000000e+00
      vertex   -6.445117e+01 -7.464110e+01 -4.000000e+00
    endloop
  endfacet
  facet normal 7.357239e-01 6.772816e-01 0.000000e+00
    outer loop
      vertex   -6.445117e+01 -7.464110e+01 -1.600000e+00
      vertex   -6.445117e+01 -7.464110e+01 -4.000000e+00
      vertex   -6.481471e+01 -7.424619e+01 -1.600000e+00
    endloop
  endfacet
  facet normal 7.357239e-01 6.772816e-01 0.000000e+00
    outer loop
      vertex   -6.481471e+01 -7.424619e+01 -1.600000e+00
      vertex   -6.445117e+01 -7.464110e+01 -4.000000e+00
      vertex   -6.481471e+01 -7.424619e+01 -4.000000e+00
    endloop
  endfacet
  facet normal 8.371665e-01 5.469482e-01 0.000000e+00
    outer loop
      vertex   -6.481471e+01 -7.424619e+01 -1.600000e+00
      vertex   -6.481471e+01 -7.424619e+01 -4.000000e+00
      vertex   -6.510829e+01 -7.379683e+01 -1.600000e+00
    endloop
  endfacet
  facet normal 8.371665e-01 5.469482e-01 0.000000e+00
    outer loop
      vertex   -6.510829e+01 -7.379683e+01 -1.600000e+00
      vertex   -6.481471e+01 -7.424619e+01 -4.000000e+00
      vertex   -6.510829e+01 -7.379683e+01 -4.000000e+00
    endloop
  endfacet
  facet normal 9.157733e-01 4.016954e-01 0.000000e+00
    outer loop
      vertex   -6.510829e+01 -7.379683e+01 -1.600000e+00
      vertex   -6.510829e+01 -7.379683e+01 -4.000000e+00
      vertex   -6.532391e+01 -7.330527e+01 -1.600000e+00
    endloop
  endfacet
  facet normal 9.157733e-01 4.016954e-01 0.000000e+00
    outer loop
      vertex   -6.532391e+01 -7.330527e+01 -1.600000e+00
      vertex   -6.510829e+01 -7.379683e+01 -4.000000e+00
      vertex   -6.532391e+01 -7.330527e+01 -4.000000e+00
    endloop
  endfacet
  facet normal 9.694003e-01 2.454855e-01 0.000000e+00
    outer loop
      vertex   -6.532391e+01 -7.330527e+01 -1.600000e+00
      vertex   -6.532391e+01 -7.330527e+01 -4.000000e+00
      vertex   -6.545567e+01 -7.278493e+01 -1.600000e+00
    endloop
  endfacet
  facet normal 9.694003e-01 2.454855e-01 0.000000e+00
    outer loop
      vertex   -6.545567e+01 -7.278493e+01 -1.600000e+00
      vertex   -6.532391e+01 -7.330527e+01 -4.000000e+00
      vertex   -6.545567e+01 -7.278493e+01 -4.000000e+00
    endloop
  endfacet
  facet normal 9.965845e-01 8.257935e-02 0.000000e+00
    outer loop
      vertex   -6.545567e+01 -7.278493e+01 -1.600000e+00
      vertex   -6.545567e+01 -7.278493e+01 -4.000000e+00
      vertex   -6.550000e+01 -7.225000e+01 -1.600000e+00
    endloop
  endfacet
  facet normal 9.965845e-01 8.257935e-02 0.000000e+00
    outer loop
      vertex   -6.550000e+01 -7.225000e+01 -1.600000e+00
      vertex   -6.545567e+01 -7.278493e+01 -4.000000e+00
      vertex   -6.550000e+01 -7.225000e+01 -4.000000e+00
    endloop
  endfacet
  facet normal 9.965845e-01 -8.257935e-02 0.000000e+00
    outer loop
      vertex   -6.550000e+01 -7.225000e+01 -1.600000e+00
      vertex   -6.550000e+01 -7.225000e+01 -4.000000e+00
      vertex   -6.545567e+01 -7.171507e+01 -1.600000e+00
    endloop
  endfacet
  facet normal 9.965845e-01 -8.257935e-02 0.000000e+00
    outer loop
      vertex   -6.545567e+01 -7.171507e+01 -1.600000e+00
      vertex   -6.550000e+01 -7.225000e+01 -4.000000e+00
      vertex   -6.545567e+01 -7.171507e+01 -4.000000e+00
    endloop
  endfacet
  facet normal 9.694003e-01 -2.454855e-01 0.000000e+00
    outer loop
      vertex   -6.545567e+01 -7.171507e+01 -1.600000e+00
      vertex   -6.545567e+01 -7.171507e+01 -4.000000e+00
      vertex   -6.532391e+01 -7.119473e+01 -1.600000e+00
    endloop
  endfacet
  facet normal 9.694003e-01 -2.454855e-01 0.000000e+00
    outer loop
      vertex   -6.532391e+01 -7.119473e+01 -1.600000e+00
      vertex   -6.545567e+01 -7.171507e+01 -4.000000e+00
      vertex   -6.532391e+01 -7.119473e+01 -4.000000e+00
    endloop
  endfacet
  facet normal 9.157733e-01 -4.016954e-01 0.000000e+00
    outer loop
      vertex   -6.532391e+01 -7.119473e+01 -1.600000e+00
      vertex   -6.532391e+01 -7.119473e+01 -4.000000e+00
      vertex   -6.510829e+01 -7.070317e+01 -1.600000e+00
    endloop
  endfacet
  facet normal 9.157733e-01 -4.016954e-01 0.000000e+00
    outer loop
      vertex   -6.510829e+01 -7.070317e+01 -1.600000e+00
      vertex   -6.532391e+01 -7.119473e+01 -4.000000e+00
      vertex   -6.510829e+01 -7.070317e+01 -4.000000e+00
    endloop
  endfacet
  facet normal 8.371665e-01 -5.469482e-01 0.000000e+00
    outer loop
      vertex   -6.510829e+01 -7.070317e+01 -1.600000e+00
      vertex   -6.510829e+01 -7.070317e+01 -4.000000e+00
      vertex   -6.481471e+01 -7.025381e+01 -1.600000e+00
    endloop
  endfacet
  facet normal 8.371665e-01 -5.469482e-01 0.000000e+00
    outer loop
      vertex   -6.481471e+01 -7.025381e+01 -1.600000e+00
      vertex   -6.510829e+01 -7.070317e+01 -4.000000e+00
      vertex   -6.481471e+01 -7.025381e+01 -4.000000e+00
    endloop
  endfacet
  facet normal 7.357239e-01 -6.772816e-01 0.000000e+00
    outer loop
      vertex   -6.481471e+01 -7.025381e+01 -1.600000e+00
      vertex   -6.481471e+01 -7.025381e+01 -4.000000e+00
      vertex   -6.445117e+01 -6.985890e+01 -1.600000e+00
    endloop
  endfacet
  facet normal 7.357239e-01 -6.772816e-01 0.000000e+00
    outer loop
      vertex   -6.445117e+01 -6.985890e+01 -1.600000e+00
      vertex   -6.481471e+01 -7.025381e+01 -4.000000e+00
      vertex   -6.445117e+01 -6.985890e+01 -4.000000e+00
    endloop
  endfacet
  facet normal 6.142127e-01 -7.891405e-01 0.000000e+00
    outer loop
      vertex   -6.445117e+01 -6.985890e+01 -1.600000e+00
      vertex   -6.445117e+01 -6.985890e+01 -4.000000e+00
      vertex   -6.402758e+01 -6.952921e+01 -1.600000e+00
    endloop
  endfacet
  facet normal 6.142127e-01 -7.891405e-01 0.000000e+00
    outer loop
      vertex   -6.402758e+01 -6.952921e+01 -1.600000e+00
      vertex   -6.445117e+01 -6.985890e+01 -4.000000e+00
      vertex   -6.402758e+01 -6.952921e+01 -4.000000e+00
    endloop
  endfacet
  facet normal 4.759474e-01 -8.794738e-01 0.000000e+00
    outer loop
      vertex   -6.402758e+01 -6.952921e+01 -1.600000e+00
      vertex   -6.402758e+01 -6.952921e+01 -4.000000e+00
      vertex   -6.355551e+01 -6.927374e+01 -1.600000e+00
    endloop
  endfacet
  facet normal 4.759474e-01 -8.794738e-01 0.000000e+00
    outer loop
      vertex   -6.355551e+01 -6.927374e+01 -1.600000e+00
      vertex   -6.402758e+01 -6.952921e+01 -4.000000e+00
      vertex   -6.355551e+01 -6.927374e+01 -4.000000e+00
    endloop
  endfacet
  facet normal 3.246995e-01 -9.458172e-01 0.000000e+00
    outer loop
      vertex   -6.355551e+01 -6.927374e+01 -1.600000e+00
      vertex   -6.355551e+01 -6.927374e+01 -4.000000e+00
      vertex   -6.304783e+01 -6.909945e+01 -1.600000e+00
    endloop
  endfacet
  facet normal 3.246995e-01 -9.458172e-01 0.000000e+00
    outer loop
      vertex   -6.304783e+01 -6.909945e+01 -1.600000e+00
      vertex   -6.355551e+01 -6.927374e+01 -4.000000e+00
      vertex   -6.304783e+01 -6.909945e+01 -4.000000e+00
    endloop
  endfacet
  facet normal 1.645946e-01 -9.863613e-01 0.000000e+00
    outer loop
      vertex   -6.304783e+01 -6.909945e+01 -1.600000e+00
      vertex   -6.304783e+01 -6.909945e+01 -4.000000e+00
      vertex   -6.251838e+01 -6.901110e+01 -1.600000e+00
    endloop
  endfacet
  facet normal 1.645946e-01 -9.863613e-01 0.000000e+00
    outer loop
      vertex   -6.251838e+01 -6.901110e+01 -1.600000e+00
      vertex   -6.304783e+01 -6.909945e+01 -4.000000e+00
      vertex   -6.251838e+01 -6.901110e+01 -4.000000e+00
    endloop
  endfacet
  facet normal 0.000000e+00 -1.000000e+00 0.000000e+00
    outer loop
      vertex   -6.251838e+01 -6.901110e+01 -1.600000e+00
      vertex   -6.251838e+01 -6.901110e+01 -4.000000e+00
      vertex   -6.198162e+01 -6.901110e+01 -1.600000e+00
    endloop
  endfacet
  facet normal 0.000000e+00 -1.000000e+00 -0.000000e+00
    outer loop
      vertex   -6.198162e+01 -6.901110e+01 -1.600000e+00
      vertex   -6.251838e+01 -6.901110e+01 -4.000000e+00
      vertex   -6.198162e+01 -6.901110e+01 -4.000000e+00
    endloop
  endfacet
  facet normal -1.645946e-01 -9.863613e-01 -0.000000e+00
    outer loop
      vertex   -6.198162e+01 -6.901110e+01 -1.600000e+00
      vertex   -6.198162e+01 -6.901110e+01 -4.000000e+00
      vertex   -6.145217e+01 -6.909945e+01 -1.600000e+00
    endloop
  endfacet
  facet normal -1.645946e-01 -9.863613e-01 -0.000000e+00
    outer loop
      vertex   -6.145217e+01 -6.909945e+01 -1.600000e+00
      vertex   -6.198162e+01 -6.901110e+01 -4.000000e+00
      vertex   -6.145217e+01 -6.909945e+01 -4.000000e+00
    endloop
  endfacet
  facet normal -3.246995e-01 -9.458172e-01 -0.000000e+00
    outer loop
      vertex   -6.145217e+01 -6.909945e+01 -1.600000e+00
      vertex   -6.145217e+01 -6.909945e+01 -4.000000e+00
      vertex   -6.094449e+01 -6.927374e+01 -1.600000e+00
    endloop
  endfacet
  facet normal -3.246995e-01 -9.458172e-01 -0.000000e+00
    outer loop
      vertex   -6.094449e+01 -6.927374e+01 -1.600000e+00
      vertex   -6.145217e+01 -6.909945e+01 -4.000000e+00
      vertex   -6.094449e+01 -6.927374e+01 -4.000000e+00
    endloop
  endfacet
  facet normal -4.759474e-01 -8.794738e-01 -0.000000e+00
    outer loop
      vertex   -6.094449e+01 -6.927374e+01 -1.600000e+00
      vertex   -6.094449e+01 -6.927374e+01 -4.000000e+00
      vertex   -6.047242e+01 -6.952921e+01 -1.600000e+00
    endloop
  endfacet
  facet normal -4.759474e-01 -8.794738e-01 -0.000000e+00
    outer loop
      vertex   -6.047242e+01 -6.952921e+01 -1.600000e+00
      vertex   -6.094449e+01 -6.927374e+01 -4.000000e+00
      vertex   -6.047242e+01 -6.952921e+01 -4.000000e+00
    endloop
  endfacet
  facet normal -6.142127e-01 -7.891405e-01 -0.000000e+00
    outer loop
      vertex   -6.047242e+01 -6.952921e+01 -1.600000e+00
      vertex   -6.047242e+01 -6.952921e+01 -4.000000e+00
      vertex   -6.004883e+01 -6.985890e+01 -1.600000e+00
    endloop
  endfacet
  facet normal -6.142127e-01 -7.891405e-01 -0.000000e+00
    outer loop
      vertex   -6.004883e+01 -6.985890e+01 -1.600000e+00
      vertex   -6.047242e+01 -6.952921e+01 -4.000000e+00
      vertex   -6.004883e+01 -6.985890e+01 -4.000000e+00
    endloop
  endfacet
  facet normal -7.357239e-01 -6.772816e-01 -0.000000e+00
    outer loop
      vertex   -6.004883e+01 -6.985890e+01 -1.600000e+00
      vertex   -6.004883e+01 -6.985890e+01 -4.000000e+00
      vertex   -5.968529e+01 -7.025381e+01 -1.600000e+00
    endloop
  endfacet
  facet normal -7.357239e-01 -6.772816e-01 -0.000000e+00
    outer loop
      vertex   -5.968529e+01 -7.025381e+01 -1.600000e+00
      vertex   -6.004883e+01 -6.985890e+01 -4.000000e+00
      vertex   -5.968529e+01 -7.025381e+01 -4.000000e+00
    endloop
  endfacet
  facet normal -8.371665e-01 -5.469482e-01 -0.000000e+00
    outer loop
      vertex   -5.968529e+01 -7.025381e+01 -1.600000e+00
      vertex   -5.968529e+01 -7.025381e+01 -4.000000e+00
      vertex   -5.939171e+01 -7.070317e+01 -1.600000e+00
    endloop
  endfacet
  facet normal -8.371665e-01 -5.469482e-01 -0.000000e+00
    outer loop
      vertex   -5.939171e+01 -7.070317e+01 -1.600000e+00
      vertex   -5.968529e+01 -7.025381e+01 -4.000000e+00
      vertex   -5.939171e+01 -7.070317e+01 -4.000000e+00
    endloop
  endfacet
  facet normal -9.157733e-01 -4.016954e-01 -0.000000e+00
    outer loop
      vertex   -5.939171e+01 -7.070317e+01 -1.600000e+00
      vertex   -5.939171e+01 -7.070317e+01 -4.000000e+00
      vertex   -5.917609e+01 -7.119473e+01 -1.600000e+00
    endloop
  endfacet
  facet normal -9.157733e-01 -4.016954e-01 -0.000000e+00
    outer loop
      vertex   -5.917609e+01 -7.119473e+01 -1.600000e+00
      vertex   -5.939171e+01 -7.070317e+01 -4.000000e+00
      vertex   -5.917609e+01 -7.119473e+01 -4.000000e+00
    endloop
  endfacet
  facet normal -9.694003e-01 -2.454855e-01 -0.000000e+00
    outer loop
      vertex   -5.917609e+01 -7.119473e+01 -1.600000e+00
      vertex   -5.917609e+01 -7.119473e+01 -4.000000e+00
      vertex   -5.904433e+01 -7.171507e+01 -1.600000e+00
    endloop
  endfacet
  facet normal -9.694003e-01 -2.454855e-01 -0.000000e+00
    outer loop
      vertex   -5.904433e+01 -7.171507e+01 -1.600000e+00
      vertex   -5.917609e+01 -7.119473e+01 -4.000000e+00
      vertex   -5.904433e+01 -7.171507e+01 -4.000000e+00
    endloop
  endfacet
  facet normal -1.119645e-01 -9.937122e-01 0.000000e+00
    outer loop
      vertex   -6.625000e+01 -7.785000e+01 -4.000000e+00
      vertex   -6.625000e+01 -7.785000e+01 -2.400000e+00
      vertex   -6.660603e+01 -7.780988e+01 -4.000000e+00
    endloop
  endfacet
  facet normal -1.119645e-01 -9.937122e-01 0.000000e+00
    outer loop
      vertex   -6.660603e+01 -7.780988e+01 -4.000000e+00
      vertex   -6.625000e+01 -7.785000e+01 -2.400000e+00
      vertex   -6.660603e+01 -7.780988e+01 -2.400000e+00
    endloop
  endfacet
  facet normal -3.302791e-01 -9.438833e-01 0.000000e+00
    outer loop
      vertex   -6.660603e+01 -7.780988e+01 -4.000000e+00
      vertex   -6.660603e+01 -7.780988e+01 -2.400000e+00
      vertex   -6.694421e+01 -7.769155e+01 -4.000000e+00
    endloop
  endfacet
  facet normal -3.302791e-01 -9.438833e-01 0.000000e+00
    outer loop
      vertex   -6.694421e+01 -7.769155e+01 -4.000000e+00
      vertex   -6.660603e+01 -7.780988e+01 -2.400000e+00
      vertex   -6.694421e+01 -7.769155e+01 -2.400000e+00
    endloop
  endfacet
  facet normal -5.320321e-01 -8.467242e-01 0.000000e+00
    outer loop
      vertex   -6.694421e+01 -7.769155e+01 -4.000000e+00
      vertex   -6.694421e+01 -7.769155e+01 -2.400000e+00
      vertex   -6.724758e+01 -7.750093e+01 -4.000000e+00
    endloop
  endfacet
  facet normal -5.320321e-01 -8.467242e-01 0.000000e+00
    outer loop
      vertex   -6.724758e+01 -7.750093e+01 -4.000000e+00
      vertex   -6.694421e+01 -7.769155e+01 -2.400000e+00
      vertex   -6.724758e+01 -7.750093e+01 -2.400000e+00
    endloop
  endfacet
  facet normal -7.071068e-01 -7.071068e-01 0.000000e+00
    outer loop
      vertex   -6.724758e+01 -7.750093e+01 -4.000000e+00
      vertex   -6.724758e+01 -7.750093e+01 -2.400000e+00
      vertex   -6.750093e+01 -7.724758e+01 -4.000000e+00
    endloop
  endfacet
  facet normal -7.071068e-01 -7.071068e-01 0.000000e+00
    outer loop
      vertex   -6.750093e+01 -7.724758e+01 -4.000000e+00
      vertex   -6.724758e+01 -7.750093e+01 -2.400000e+00
      vertex   -6.750093e+01 -7.724758e+01 -2.400000e+00
    endloop
  endfacet
  facet normal -8.467242e-01 -5.320321e-01 0.000000e+00
    outer loop
      vertex   -6.750093e+01 -7.724758e+01 -4.000000e+00
      vertex   -6.750093e+01 -7.724758e+01 -2.400000e+00
      vertex   -6.769155e+01 -7.694421e+01 -4.000000e+00
    endloop
  endfacet
  facet normal -8.467242e-01 -5.320321e-01 0.000000e+00
    outer loop
      vertex   -6.769155e+01 -7.694421e+01 -4.000000e+00
      vertex   -6.750093e+01 -7.724758e+01 -2.400000e+00
      vertex   -6.769155e+01 -7.694421e+01 -2.400000e+00
    endloop
  endfacet
  facet normal -9.438833e-01 -3.302791e-01 0.000000e+00
    outer loop
      vertex   -6.769155e+01 -7.694421e+01 -4.000000e+00
      vertex   -6.769155e+01 -7.694421e+01 -2.400000e+00
      vertex   -6.780988e+01 -7.660603e+01 -4.000000e+00
    endloop
  endfacet
  facet normal -9.438833e-01 -3.302791e-01 0.000000e+00
    outer loop
      vertex   -6.780988e+01 -7.660603e+01 -4.000000e+00
      vertex   -6.769155e+01 -7.694421e+01 -2.400000e+00
      vertex   -6.780988e+01 -7.660603e+01 -2.400000e+00
    endloop
  endfacet
  facet normal -9.937122e-01 -1.119645e-01 0.000000e+00
    outer loop
      vertex   -6.780988e+01 -7.660603e+01 -4.000000e+00
      vertex   -6.780988e+01 -7.660603e+01 -2.400000e+00
      vertex   -6.785000e+01 -7.625000e+01 -4.000000e+00
    endloop
  endfacet
  facet normal -9.937122e-01 -1.119645e-01 0.000000e+00
    outer loop
      vertex   -6.785000e+01 -7.625000e+01 -4.000000e+00
      vertex   -6.780988e+01 -7.660603e+01 -2.400000e+00
      vertex   -6.785000e+01 -7.625000e+01 -2.400000e+00
    endloop
  endfacet
  facet normal -0.000000e+00 -1.000000e+00 -0.000000e+00
    outer loop
      vertex   -3.225000e+01 -7.785000e+01 -2.400000e+00
      vertex   -6.625000e+01 -7.785000e+01 -2.400000e+00
      vertex   -3.225000e+01 -7.785000e+01 -4.000000e+00
    endloop
  endfacet
  facet normal 0.000000e+00 -1.000000e+00 0.000000e+00
    outer loop
      vertex   -3.225000e+01 -7.785000e+01 -4.000000e+00
      vertex   -6.625000e+01 -7.785000e+01 -2.400000e+00
      vertex   -6.625000e+01 -7.785000e+01 -4.000000e+00
    endloop
  endfacet
  facet normal -7.062042e-01 5.050872e-02 -7.062042e-01
    outer loop
      vertex   -7.000000e+01 -4.225000e+01 -2.500000e-01
      vertex   -6.996183e+01 -4.171632e+01 -2.500000e-01
      vertex   -6.785000e+01 -4.225000e+01 -2.400000e+00
    endloop
  endfacet
  facet normal -7.013049e-01 7.901808e-02 -7.084685e-01
    outer loop
      vertex   -6.785000e+01 -4.225000e+01 -2.400000e+00
      vertex   -6.996183e+01 -4.171632e+01 -2.500000e-01
      vertex   -6.780988e+01 -4.189397e+01 -2.400000e+00
    endloop
  endfacet
  facet normal -6.924708e-01 1.506378e-01 -7.055441e-01
    outer loop
      vertex   -6.780988e+01 -4.189397e+01 -2.400000e+00
      vertex   -6.996183e+01 -4.171632e+01 -2.500000e-01
      vertex   -6.984810e+01 -4.119350e+01 -2.500000e-01
    endloop
  endfacet
  facet normal -6.666220e-01 2.332611e-01 -7.079578e-01
    outer loop
      vertex   -6.780988e+01 -4.189397e+01 -2.400000e+00
      vertex   -6.984810e+01 -4.119350e+01 -2.500000e-01
      vertex   -6.769155e+01 -4.155579e+01 -2.400000e+00
    endloop
  endfacet
  facet normal -6.629578e-01 2.472705e-01 -7.066430e-01
    outer loop
      vertex   -6.769155e+01 -4.155579e+01 -2.400000e+00
      vertex   -6.984810e+01 -4.119350e+01 -2.500000e-01
      vertex   -6.966112e+01 -4.069219e+01 -2.500000e-01
    endloop
  endfacet
  facet normal -6.216924e-01 3.394698e-01 -7.058745e-01
    outer loop
      vertex   -6.769155e+01 -4.155579e+01 -2.400000e+00
      vertex   -6.966112e+01 -4.069219e+01 -2.500000e-01
      vertex   -6.940470e+01 -4.022260e+01 -2.500000e-01
    endloop
  endfacet
  facet normal -5.973524e-01 3.753414e-01 -7.087235e-01
    outer loop
      vertex   -6.769155e+01 -4.155579e+01 -2.400000e+00
      vertex   -6.940470e+01 -4.022260e+01 -2.500000e-01
      vertex   -6.750093e+01 -4.125242e+01 -2.400000e+00
    endloop
  endfacet
  facet normal -5.672285e-01 4.246220e-01 -7.056543e-01
    outer loop
      vertex   -6.750093e+01 -4.125242e+01 -2.400000e+00
      vertex   -6.940470e+01 -4.022260e+01 -2.500000e-01
      vertex   -6.908406e+01 -3.979427e+01 -2.500000e-01
    endloop
  endfacet
  facet normal -4.999412e-01 4.999412e-01 -7.071900e-01
    outer loop
      vertex   -6.750093e+01 -4.125242e+01 -2.400000e+00
      vertex   -6.908406e+01 -3.979427e+01 -2.500000e-01
      vertex   -6.870573e+01 -3.941594e+01 -2.500000e-01
    endloop
  endfacet
  facet normal -4.999412e-01 4.999412e-01 -7.071900e-01
    outer loop
      vertex   -6.750093e+01 -4.125242e+01 -2.400000e+00
      vertex   -6.870573e+01 -3.941594e+01 -2.500000e-01
      vertex   -6.724758e+01 -4.099907e+01 -2.400000e+00
    endloop
  endfacet
  facet normal -4.246220e-01 5.672285e-01 -7.056543e-01
    outer loop
      vertex   -6.724758e+01 -4.099907e+01 -2.400000e+00
      vertex   -6.870573e+01 -3.941594e+01 -2.500000e-01
      vertex   -6.827740e+01 -3.909530e+01 -2.500000e-01
    endloop
  endfacet
  facet normal -3.753414e-01 5.973524e-01 -7.087235e-01
    outer loop
      vertex   -6.724758e+01 -4.099907e+01 -2.400000e+00
      vertex   -6.827740e+01 -3.909530e+01 -2.500000e-01
      vertex   -6.694421e+01 -4.080845e+01 -2.400000e+00
    endloop
  endfacet
  facet normal -3.394698e-01 6.216924e-01 -7.058745e-01
    outer loop
      vertex   -6.694421e+01 -4.080845e+01 -2.400000e+00
      vertex   -6.827740e+01 -3.909530e+01 -2.500000e-01
      vertex   -6.780781e+01 -3.883888e+01 -2.500000e-01
    endloop
  endfacet
  facet normal -2.472705e-01 6.629578e-01 -7.066430e-01
    outer loop
      vertex   -6.694421e+01 -4.080845e+01 -2.400000e+00
      vertex   -6.780781e+01 -3.883888e+01 -2.500000e-01
      vertex   -6.730650e+01 -3.865190e+01 -2.500000e-01
    endloop
  endfacet
  facet normal -2.332611e-01 6.666220e-01 -7.079578e-01
    outer loop
      vertex   -6.694421e+01 -4.080845e+01 -2.400000e+00
      vertex   -6.730650e+01 -3.865190e+01 -2.500000e-01
      vertex   -6.660603e+01 -4.069012e+01 -2.400000e+00
    endloop
  endfacet
  facet normal -1.506378e-01 6.924708e-01 -7.055441e-01
    outer loop
      vertex   -6.660603e+01 -4.069012e+01 -2.400000e+00
      vertex   -6.730650e+01 -3.865190e+01 -2.500000e-01
      vertex   -6.678368e+01 -3.853817e+01 -2.500000e-01
    endloop
  endfacet
  facet normal -7.901808e-02 7.013049e-01 -7.084685e-01
    outer loop
      vertex   -6.660603e+01 -4.069012e+01 -2.400000e+00
      vertex   -6.678368e+01 -3.853817e+01 -2.500000e-01
      vertex   -6.625000e+01 -4.065000e+01 -2.400000e+00
    endloop
  endfacet
  facet normal -5.050872e-02 7.062042e-01 -7.062042e-01
    outer loop
      vertex   -6.625000e+01 -4.065000e+01 -2.400000e+00
      vertex   -6.678368e+01 -3.853817e+01 -2.500000e-01
      vertex   -6.625000e+01 -3.850000e+01 -2.500000e-01
    endloop
  endfacet
  facet normal -7.071068e-01 5.195159e-18 -7.071068e-01
    outer loop
      vertex   -7.000000e+01 -4.225000e+01 -2.500000e-01
      vertex   -6.785000e+01 -4.225000e+01 -2.400000e+00
      vertex   -7.000000e+01 -7.625000e+01 -2.500000e-01
    endloop
  endfacet
  facet normal -7.071068e-01 1.288722e-19 -7.071068e-01
    outer loop
      vertex   -7.000000e+01 -7.625000e+01 -2.500000e-01
      vertex   -6.785000e+01 -4.225000e+01 -2.400000e+00
      vertex   -6.785000e+01 -7.625000e+01 -2.400000e+00
    endloop
  endfacet
  facet normal -5.050872e-02 -7.062042e-01 -7.062042e-01
    outer loop
      vertex   -6.625000e+01 -8.000000e+01 -2.500000e-01
      vertex   -6.678368e+01 -7.996183e+01 -2.500000e-01
      vertex   -6.625000e+01 -7.785000e+01 -2.400000e+00
    endloop
  endfacet
  facet normal -7.901808e-02 -7.013049e-01 -7.084685e-01
    outer loop
      vertex   -6.625000e+01 -7.785000e+01 -2.400000e+00
      vertex   -6.678368e+01 -7.996183e+01 -2.500000e-01
      vertex   -6.660603e+01 -7.780988e+01 -2.400000e+00
    endloop
  endfacet
  facet normal -1.506378e-01 -6.924708e-01 -7.055441e-01
    outer loop
      vertex   -6.660603e+01 -7.780988e+01 -2.400000e+00
      vertex   -6.678368e+01 -7.996183e+01 -2.500000e-01
      vertex   -6.730650e+01 -7.984810e+01 -2.500000e-01
    endloop
  endfacet
  facet normal -2.332611e-01 -6.666220e-01 -7.079578e-01
    outer loop
      vertex   -6.660603e+01 -7.780988e+01 -2.400000e+00
      vertex   -6.730650e+01 -7.984810e+01 -2.500000e-01
      vertex   -6.694421e+01 -7.769155e+01 -2.400000e+00
    endloop
  endfacet
  facet normal -2.472705e-01 -6.629578e-01 -7.066430e-01
    outer loop
      vertex   -6.694421e+01 -7.769155e+01 -2.400000e+00
      vertex   -6.730650e+01 -7.984810e+01 -2.500000e-01
      vertex   -6.780781e+01 -7.966112e+01 -2.500000e-01
    endloop
  endfacet
  facet normal -3.394698e-01 -6.216924e-01 -7.058745e-01
    outer loop
      vertex   -6.694421e+01 -7.769155e+01 -2.400000e+00
      vertex   -6.780781e+01 -7.966112e+01 -2.500000e-01
      vertex   -6.827740e+01 -7.940470e+01 -2.500000e-01
    endloop
  endfacet
  facet normal -3.753414e-01 -5.973524e-01 -7.087235e-01
    outer loop
      vertex   -6.694421e+01 -7.769155e+01 -2.400000e+00
      vertex   -6.827740e+01 -7.940470e+01 -2.500000e-01
      vertex   -6.724758e+01 -7.750093e+01 -2.400000e+00
    endloop
  endfacet
  facet normal -4.246220e-01 -5.672285e-01 -7.056543e-01
    outer loop
      vertex   -6.724758e+01 -7.750093e+01 -2.400000e+00
      vertex   -6.827740e+01 -7.940470e+01 -2.500000e-01
      vertex   -6.870573e+01 -7.908406e+01 -2.500000e-01
    endloop
  endfacet
  facet normal -4.999412e-01 -4.999412e-01 -7.071900e-01
    outer loop
      vertex   -6.724758e+01 -7.750093e+01 -2.400000e+00
      vertex   -6.870573e+01 -7.908406e+01 -2.500000e-01
      vertex   -6.908406e+01 -7.870573e+01 -2.500000e-01
    endloop
  endfacet
  facet normal -4.999412e-01 -4.999412e-01 -7.071900e-01
    outer loop
      vertex   -6.724758e+01 -7.750093e+01 -2.400000e+00
      vertex   -6.908406e+01 -7.870573e+01 -2.500000e-01
      vertex   -6.750093e+01 -7.724758e+01 -2.400000e+00
    endloop
  endfacet
  facet normal -5.672285e-01 -4.246220e-01 -7.056543e-01
    outer loop
      vertex   -6.750093e+01 -7.724758e+01 -2.400000e+00
      vertex   -6.908406e+01 -7.870573e+01 -2.500000e-01
      vertex   -6.940470e+01 -7.827740e+01 -2.500000e-01
    endloop
  endfacet
  facet normal -5.973524e-01 -3.753414e-01 -7.087235e-01
    outer loop
      vertex   -6.750093e+01 -7.724758e+01 -2.400000e+00
      vertex   -6.940470e+01 -7.827740e+01 -2.500000e-01
      vertex   -6.769155e+01 -7.694421e+01 -2.400000e+00
    endloop
  endfacet
  facet normal -6.216924e-01 -3.394698e-01 -7.058745e-01
    outer loop
      vertex   -6.769155e+01 -7.694421e+01 -2.400000e+00
      vertex   -6.940470e+01 -7.827740e+01 -2.500000e-01
      vertex   -6.966112e+01 -7.780781e+01 -2.500000e-01
    endloop
  endfacet
  facet normal -6.629578e-01 -2.472705e-01 -7.066430e-01
    outer loop
      vertex   -6.769155e+01 -7.694421e+01 -2.400000e+00
      vertex   -6.966112e+01 -7.780781e+01 -2.500000e-01
      vertex   -6.984810e+01 -7.730650e+01 -2.500000e-01
    endloop
  endfacet
  facet normal -6.666220e-01 -2.332611e-01 -7.079578e-01
    outer loop
      vertex   -6.769155e+01 -7.694421e+01 -2.400000e+00
      vertex   -6.984810e+01 -7.730650e+01 -2.500000e-01
      vertex   -6.780988e+01 -7.660603e+01 -2.400000e+00
    endloop
  endfacet
  facet normal -6.924708e-01 -1.506378e-01 -7.055441e-01
    outer loop
      vertex   -6.780988e+01 -7.660603e+01 -2.400000e+00
      vertex   -6.984810e+01 -7.730650e+01 -2.500000e-01
      vertex   -6.996183e+01 -7.678368e+01 -2.500000e-01
    endloop
  endfacet
  facet normal -7.013049e-01 -7.901808e-02 -7.084685e-01
    outer loop
      vertex   -6.780988e+01 -7.660603e+01 -2.400000e+00
      vertex   -6.996183e+01 -7.678368e+01 -2.500000e-01
      vertex   -6.785000e+01 -7.625000e+01 -2.400000e+00
    endloop
  endfacet
  facet normal -7.062042e-01 -5.050872e-02 -7.062042e-01
    outer loop
      vertex   -6.785000e+01 -7.625000e+01 -2.400000e+00
      vertex   -6.996183e+01 -7.678368e+01 -2.500000e-01
      vertex   -7.000000e+01 -7.625000e+01 -2.500000e-01
    endloop
  endfacet
  facet normal 1.212204e-17 -7.071068e-01 -7.071068e-01
    outer loop
      vertex   -3.225000e+01 -8.000000e+01 -2.500000e-01
      vertex   -6.625000e+01 -8.000000e+01 -2.500000e-01
      vertex   -3.225000e+01 -7.785000e+01 -2.400000e+00
    endloop
  endfacet
  facet normal -0.000000e+00 -7.071068e-01 -7.071068e-01
    outer loop
      vertex   -3.225000e+01 -7.785000e+01 -2.400000e+00
      vertex   -6.625000e+01 -8.000000e+01 -2.500000e-01
      vertex   -6.625000e+01 -7.785000e+01 -2.400000e+00
    endloop
  endfacet
  facet normal -9.801714e-02 9.951847e-01 0.000000e+00
    outer loop
      vertex   -3.225000e+01 -7.810000e+01 2.260000e+01
      vertex   -3.225000e+01 -7.810000e+01 2.560000e+01
      vertex   -3.188908e+01 -7.806445e+01 2.260000e+01
    endloop
  endfacet
  facet normal -9.801714e-02 9.951847e-01 0.000000e+00
    outer loop
      vertex   -3.188908e+01 -7.806445e+01 2.260000e+01
      vertex   -3.225000e+01 -7.810000e+01 2.560000e+01
      vertex   -3.188908e+01 -7.806445e+01 2.560000e+01
    endloop
  endfacet
  facet normal -2.902847e-01 9.569403e-01 0.000000e+00
    outer loop
      vertex   -3.188908e+01 -7.806445e+01 2.260000e+01
      vertex   -3.188908e+01 -7.806445e+01 2.560000e+01
      vertex   -3.154204e+01 -7.795918e+01 2.260000e+01
    endloop
  endfacet
  facet normal -2.902847e-01 9.569403e-01 3.437661e-16
    outer loop
      vertex   -3.154204e+01 -7.795918e+01 2.260000e+01
      vertex   -3.188908e+01 -7.806445e+01 2.560000e+01
      vertex   -3.154204e+01 -7.795918e+01 2.560000e+01
    endloop
  endfacet
  facet normal -4.713967e-01 8.819213e-01 5.582459e-16
    outer loop
      vertex   -3.154204e+01 -7.795918e+01 2.260000e+01
      vertex   -3.154204e+01 -7.795918e+01 2.560000e+01
      vertex   -3.122220e+01 -7.778822e+01 2.260000e+01
    endloop
  endfacet
  facet normal -4.713967e-01 8.819213e-01 0.000000e+00
    outer loop
      vertex   -3.122220e+01 -7.778822e+01 2.260000e+01
      vertex   -3.154204e+01 -7.795918e+01 2.560000e+01
      vertex   -3.122220e+01 -7.778822e+01 2.560000e+01
    endloop
  endfacet
  facet normal -6.343933e-01 7.730105e-01 0.000000e+00
    outer loop
      vertex   -3.122220e+01 -7.778822e+01 2.260000e+01
      vertex   -3.122220e+01 -7.778822e+01 2.560000e+01
      vertex   -3.094185e+01 -7.755815e+01 2.260000e+01
    endloop
  endfacet
  facet normal -6.343933e-01 7.730105e-01 7.512726e-16
    outer loop
      vertex   -3.094185e+01 -7.755815e+01 2.260000e+01
      vertex   -3.122220e+01 -7.778822e+01 2.560000e+01
      vertex   -3.094185e+01 -7.755815e+01 2.560000e+01
    endloop
  endfacet
  facet normal -7.730105e-01 6.343933e-01 9.154283e-16
    outer loop
      vertex   -3.094185e+01 -7.755815e+01 2.260000e+01
      vertex   -3.094185e+01 -7.755815e+01 2.560000e+01
      vertex   -3.071178e+01 -7.727780e+01 2.260000e+01
    endloop
  endfacet
  facet normal -7.730105e-01 6.343933e-01 0.000000e+00
    outer loop
      vertex   -3.071178e+01 -7.727780e+01 2.260000e+01
      vertex   -3.094185e+01 -7.755815e+01 2.560000e+01
      vertex   -3.071178e+01 -7.727780e+01 2.560000e+01
    endloop
  endfacet
  facet normal -8.819213e-01 4.713967e-01 0.000000e+00
    outer loop
      vertex   -3.071178e+01 -7.727780e+01 2.260000e+01
      vertex   -3.071178e+01 -7.727780e+01 2.560000e+01
      vertex   -3.054082e+01 -7.695796e+01 2.260000e+01
    endloop
  endfacet
  facet normal -8.819213e-01 4.713967e-01 0.000000e+00
    outer loop
      vertex   -3.054082e+01 -7.695796e+01 2.260000e+01
      vertex   -3.071178e+01 -7.727780e+01 2.560000e+01
      vertex   -3.054082e+01 -7.695796e+01 2.560000e+01
    endloop
  endfacet
  facet normal -9.569403e-01 2.902847e-01 0.000000e+00
    outer loop
      vertex   -3.054082e+01 -7.695796e+01 2.260000e+01
      vertex   -3.054082e+01 -7.695796e+01 2.560000e+01
      vertex   -3.043555e+01 -7.661092e+01 2.260000e+01
    endloop
  endfacet
  facet normal -9.569403e-01 2.902847e-01 0.000000e+00
    outer loop
      vertex   -3.043555e+01 -7.661092e+01 2.260000e+01
      vertex   -3.054082e+01 -7.695796e+01 2.560000e+01
      vertex   -3.043555e+01 -7.661092e+01 2.560000e+01
    endloop
  endfacet
  facet normal -9.951847e-01 9.801714e-02 0.000000e+00
    outer loop
      vertex   -3.043555e+01 -7.661092e+01 2.260000e+01
      vertex   -3.043555e+01 -7.661092e+01 2.560000e+01
      vertex   -3.040000e+01 -7.625000e+01 2.260000e+01
    endloop
  endfacet
  facet normal -9.951847e-01 9.801714e-02 2.357071e-15
    outer loop
      vertex   -3.040000e+01 -7.625000e+01 2.260000e+01
      vertex   -3.043555e+01 -7.661092e+01 2.560000e+01
      vertex   -3.040000e+01 -7.625000e+01 2.560000e+01
    endloop
  endfacet
  facet normal 9.951847e-01 9.801714e-02 -0.000000e+00
    outer loop
      vertex   -6.810000e+01 -7.625000e+01 2.260000e+01
      vertex   -6.810000e+01 -7.625000e+01 2.560000e+01
      vertex   -6.806445e+01 -7.661092e+01 2.260000e+01
    endloop
  endfacet
  facet normal 9.951847e-01 9.801714e-02 -0.000000e+00
    outer loop
      vertex   -6.806445e+01 -7.661092e+01 2.260000e+01
      vertex   -6.810000e+01 -7.625000e+01 2.560000e+01
      vertex   -6.806445e+01 -7.661092e+01 2.560000e+01
    endloop
  endfacet
  facet normal 9.569403e-01 2.902847e-01 -0.000000e+00
    outer loop
      vertex   -6.806445e+01 -7.661092e+01 2.260000e+01
      vertex   -6.806445e+01 -7.661092e+01 2.560000e+01
      vertex   -6.795918e+01 -7.695796e+01 2.260000e+01
    endloop
  endfacet
  facet normal 9.569403e-01 2.902847e-01 -0.000000e+00
    outer loop
      vertex   -6.795918e+01 -7.695796e+01 2.260000e+01
      vertex   -6.806445e+01 -7.661092e+01 2.560000e+01
      vertex   -6.795918e+01 -7.695796e+01 2.560000e+01
    endloop
  endfacet
  facet normal 8.819213e-01 4.713967e-01 -0.000000e+00
    outer loop
      vertex   -6.795918e+01 -7.695796e+01 2.260000e+01
      vertex   -6.795918e+01 -7.695796e+01 2.560000e+01
      vertex   -6.778822e+01 -7.727780e+01 2.260000e+01
    endloop
  endfacet
  facet normal 8.819213e-01 4.713967e-01 -0.000000e+00
    outer loop
      vertex   -6.778822e+01 -7.727780e+01 2.260000e+01
      vertex   -6.795918e+01 -7.695796e+01 2.560000e+01
      vertex   -6.778822e+01 -7.727780e+01 2.560000e+01
    endloop
  endfacet
  facet normal 7.730105e-01 6.343933e-01 -0.000000e+00
    outer loop
      vertex   -6.778822e+01 -7.727780e+01 2.260000e+01
      vertex   -6.778822e+01 -7.727780e+01 2.560000e+01
      vertex   -6.755815e+01 -7.755815e+01 2.260000e+01
    endloop
  endfacet
  facet normal 7.730105e-01 6.343933e-01 -0.000000e+00
    outer loop
      vertex   -6.755815e+01 -7.755815e+01 2.260000e+01
      vertex   -6.778822e+01 -7.727780e+01 2.560000e+01
      vertex   -6.755815e+01 -7.755815e+01 2.560000e+01
    endloop
  endfacet
  facet normal 6.343933e-01 7.730105e-01 -0.000000e+00
    outer loop
      vertex   -6.755815e+01 -7.755815e+01 2.260000e+01
      vertex   -6.755815e+01 -7.755815e+01 2.560000e+01
      vertex   -6.727780e+01 -7.778822e+01 2.260000e+01
    endloop
  endfacet
  facet normal 6.343933e-01 7.730105e-01 -0.000000e+00
    outer loop
      vertex   -6.727780e+01 -7.778822e+01 2.260000e+01
      vertex   -6.755815e+01 -7.755815e+01 2.560000e+01
      vertex   -6.727780e+01 -7.778822e+01 2.560000e+01
    endloop
  endfacet
  facet normal 4.713967e-01 8.819213e-01 -0.000000e+00
    outer loop
      vertex   -6.727780e+01 -7.778822e+01 2.260000e+01
      vertex   -6.727780e+01 -7.778822e+01 2.560000e+01
      vertex   -6.695796e+01 -7.795918e+01 2.260000e+01
    endloop
  endfacet
  facet normal 4.713967e-01 8.819213e-01 -0.000000e+00
    outer loop
      vertex   -6.695796e+01 -7.795918e+01 2.260000e+01
      vertex   -6.727780e+01 -7.778822e+01 2.560000e+01
      vertex   -6.695796e+01 -7.795918e+01 2.560000e+01
    endloop
  endfacet
  facet normal 2.902847e-01 9.569403e-01 -0.000000e+00
    outer loop
      vertex   -6.695796e+01 -7.795918e+01 2.260000e+01
      vertex   -6.695796e+01 -7.795918e+01 2.560000e+01
      vertex   -6.661092e+01 -7.806445e+01 2.260000e+01
    endloop
  endfacet
  facet normal 2.902847e-01 9.569403e-01 -0.000000e+00
    outer loop
      vertex   -6.661092e+01 -7.806445e+01 2.260000e+01
      vertex   -6.695796e+01 -7.795918e+01 2.560000e+01
      vertex   -6.661092e+01 -7.806445e+01 2.560000e+01
    endloop
  endfacet
  facet normal 9.801714e-02 9.951847e-01 -0.000000e+00
    outer loop
      vertex   -6.661092e+01 -7.806445e+01 2.260000e+01
      vertex   -6.661092e+01 -7.806445e+01 2.560000e+01
      vertex   -6.625000e+01 -7.810000e+01 2.260000e+01
    endloop
  endfacet
  facet normal 9.801714e-02 9.951847e-01 -0.000000e+00
    outer loop
      vertex   -6.625000e+01 -7.810000e+01 2.260000e+01
      vertex   -6.661092e+01 -7.806445e+01 2.560000e+01
      vertex   -6.625000e+01 -7.810000e+01 2.560000e+01
    endloop
  endfacet
  facet normal -8.715574e-02 9.961947e-01 0.000000e+00
    outer loop
      vertex   -3.180720e+01 -7.876126e+01 2.260000e+01
      vertex   -3.180720e+01 -7.876126e+01 1.473333e+01
      vertex   -3.225000e+01 -7.880000e+01 2.260000e+01
    endloop
  endfacet
  facet normal -8.715574e-02 9.961947e-01 -8.194281e-20
    outer loop
      vertex   -3.225000e+01 -7.880000e+01 2.260000e+01
      vertex   -3.180720e+01 -7.876126e+01 1.473333e+01
      vertex   -3.180720e+01 -7.876126e+01 6.866667e+00
    endloop
  endfacet
  facet normal -8.715574e-02 9.961947e-01 0.000000e+00
    outer loop
      vertex   -3.225000e+01 -7.880000e+01 2.260000e+01
      vertex   -3.180720e+01 -7.876126e+01 6.866667e+00
      vertex   -3.225000e+01 -7.880000e+01 -1.000000e+00
    endloop
  endfacet
  facet normal -8.715574e-02 9.961947e-01 -8.194281e-20
    outer loop
      vertex   -3.225000e+01 -7.880000e+01 -1.000000e+00
      vertex   -3.180720e+01 -7.876126e+01 6.866667e+00
      vertex   -3.180720e+01 -7.876126e+01 -1.000000e+00
    endloop
  endfacet
  facet normal -2.588190e-01 9.659258e-01 0.000000e+00
    outer loop
      vertex   -3.180720e+01 -7.876126e+01 -1.000000e+00
      vertex   -3.180720e+01 -7.876126e+01 6.866667e+00
      vertex   -3.137785e+01 -7.864622e+01 -1.000000e+00
    endloop
  endfacet
  facet normal -2.588190e-01 9.659258e-01 0.000000e+00
    outer loop
      vertex   -3.137785e+01 -7.864622e+01 -1.000000e+00
      vertex   -3.180720e+01 -7.876126e+01 6.866667e+00
      vertex   -3.137785e+01 -7.864622e+01 6.866667e+00
    endloop
  endfacet
  facet normal -4.226183e-01 9.063078e-01 0.000000e+00
    outer loop
      vertex   -3.137785e+01 -7.864622e+01 -1.000000e+00
      vertex   -3.137785e+01 -7.864622e+01 6.866667e+00
      vertex   -3.097500e+01 -7.845836e+01 -1.000000e+00
    endloop
  endfacet
  facet normal -4.226183e-01 9.063078e-01 0.000000e+00
    outer loop
      vertex   -3.097500e+01 -7.845836e+01 -1.000000e+00
      vertex   -3.137785e+01 -7.864622e+01 6.866667e+00
      vertex   -3.097500e+01 -7.845836e+01 6.866667e+00
    endloop
  endfacet
  facet normal -5.735764e-01 8.191520e-01 0.000000e+00
    outer loop
      vertex   -3.097500e+01 -7.845836e+01 -1.000000e+00
      vertex   -3.097500e+01 -7.845836e+01 6.866667e+00
      vertex   -3.061089e+01 -7.820341e+01 -1.000000e+00
    endloop
  endfacet
  facet normal -5.735764e-01 8.191520e-01 -2.590364e-16
    outer loop
      vertex   -3.061089e+01 -7.820341e+01 -1.000000e+00
      vertex   -3.097500e+01 -7.845836e+01 6.866667e+00
      vertex   -3.061089e+01 -7.820341e+01 6.866667e+00
    endloop
  endfacet
  facet normal -7.071068e-01 7.071068e-01 -3.193408e-16
    outer loop
      vertex   -3.061089e+01 -7.820341e+01 -1.000000e+00
      vertex   -3.061089e+01 -7.820341e+01 6.866667e+00
      vertex   -3.029659e+01 -7.788911e+01 -1.000000e+00
    endloop
  endfacet
  facet normal -7.071068e-01 7.071068e-01 0.000000e+00
    outer loop
      vertex   -3.029659e+01 -7.788911e+01 -1.000000e+00
      vertex   -3.061089e+01 -7.820341e+01 6.866667e+00
      vertex   -3.029659e+01 -7.788911e+01 6.866667e+00
    endloop
  endfacet
  facet normal -8.191520e-01 5.735764e-01 0.000000e+00
    outer loop
      vertex   -3.029659e+01 -7.788911e+01 -1.000000e+00
      vertex   -3.029659e+01 -7.788911e+01 6.866667e+00
      vertex   -3.004164e+01 -7.752500e+01 -1.000000e+00
    endloop
  endfacet
  facet normal -8.191520e-01 5.735764e-01 0.000000e+00
    outer loop
      vertex   -3.004164e+01 -7.752500e+01 -1.000000e+00
      vertex   -3.029659e+01 -7.788911e+01 6.866667e+00
      vertex   -3.004164e+01 -7.752500e+01 6.866667e+00
    endloop
  endfacet
  facet normal -9.063078e-01 4.226183e-01 0.000000e+00
    outer loop
      vertex   -3.004164e+01 -7.752500e+01 -1.000000e+00
      vertex   -3.004164e+01 -7.752500e+01 6.866667e+00
      vertex   -2.985378e+01 -7.712215e+01 -1.000000e+00
    endloop
  endfacet
  facet normal -9.063078e-01 4.226183e-01 0.000000e+00
    outer loop
      vertex   -2.985378e+01 -7.712215e+01 -1.000000e+00
      vertex   -3.004164e+01 -7.752500e+01 6.866667e+00
      vertex   -2.985378e+01 -7.712215e+01 6.866667e+00
    endloop
  endfacet
  facet normal -9.659258e-01 2.588190e-01 0.000000e+00
    outer loop
      vertex   -2.985378e+01 -7.712215e+01 -1.000000e+00
      vertex   -2.985378e+01 -7.712215e+01 6.866667e+00
      vertex   -2.973874e+01 -7.669280e+01 -1.000000e+00
    endloop
  endfacet
  facet normal -9.659258e-01 2.588190e-01 0.000000e+00
    outer loop
      vertex   -2.973874e+01 -7.669280e+01 -1.000000e+00
      vertex   -2.985378e+01 -7.712215e+01 6.866667e+00
      vertex   -2.973874e+01 -7.669280e+01 6.866667e+00
    endloop
  endfacet
  facet normal -9.961947e-01 8.715574e-02 0.000000e+00
    outer loop
      vertex   -2.973874e+01 -7.669280e+01 -1.000000e+00
      vertex   -2.973874e+01 -7.669280e+01 6.866667e+00
      vertex   -2.970000e+01 -7.625000e+01 -1.000000e+00
    endloop
  endfacet
  facet normal -9.961947e-01 8.715574e-02 1.854853e-19
    outer loop
      vertex   -2.970000e+01 -7.625000e+01 -1.000000e+00
      vertex   -2.973874e+01 -7.669280e+01 6.866667e+00
      vertex   -2.973874e+01 -7.669280e+01 1.473333e+01
    endloop
  endfacet
  facet normal -9.961947e-01 8.715574e-02 0.000000e+00
    outer loop
      vertex   -2.970000e+01 -7.625000e+01 -1.000000e+00
      vertex   -2.973874e+01 -7.669280e+01 1.473333e+01
      vertex   -2.970000e+01 -7.625000e+01 2.260000e+01
    endloop
  endfacet
  facet normal -9.961947e-01 8.715574e-02 1.854853e-19
    outer loop
      vertex   -2.970000e+01 -7.625000e+01 2.260000e+01
      vertex   -2.973874e+01 -7.669280e+01 1.473333e+01
      vertex   -2.973874e+01 -7.669280e+01 2.260000e+01
    endloop
  endfacet
  facet normal -9.659258e-01 2.588190e-01 0.000000e+00
    outer loop
      vertex   -2.973874e+01 -7.669280e+01 2.260000e+01
      vertex   -2.973874e+01 -7.669280e+01 1.473333e+01
      vertex   -2.985378e+01 -7.712215e+01 2.260000e+01
    endloop
  endfacet
  facet normal -9.659258e-01 2.588190e-01 0.000000e+00
    outer loop
      vertex   -2.985378e+01 -7.712215e+01 2.260000e+01
      vertex   -2.973874e+01 -7.669280e+01 1.473333e+01
      vertex   -2.985378e+01 -7.712215e+01 1.473333e+01
    endloop
  endfacet
  facet normal -9.063078e-01 4.226183e-01 0.000000e+00
    outer loop
      vertex   -2.985378e+01 -7.712215e+01 2.260000e+01
      vertex   -2.985378e+01 -7.712215e+01 1.473333e+01
      vertex   -3.004164e+01 -7.752500e+01 2.260000e+01
    endloop
  endfacet
  facet normal -9.063078e-01 4.226183e-01 0.000000e+00
    outer loop
      vertex   -3.004164e+01 -7.752500e+01 2.260000e+01
      vertex   -2.985378e+01 -7.712215e+01 1.473333e+01
      vertex   -3.004164e+01 -7.752500e+01 1.473333e+01
    endloop
  endfacet
  facet normal -8.191520e-01 5.735764e-01 0.000000e+00
    outer loop
      vertex   -3.004164e+01 -7.752500e+01 2.260000e+01
      vertex   -3.004164e+01 -7.752500e+01 1.473333e+01
      vertex   -3.029659e+01 -7.788911e+01 2.260000e+01
    endloop
  endfacet
  facet normal -8.191520e-01 5.735764e-01 0.000000e+00
    outer loop
      vertex   -3.029659e+01 -7.788911e+01 2.260000e+01
      vertex   -3.004164e+01 -7.752500e+01 1.473333e+01
      vertex   -3.029659e+01 -7.788911e+01 1.473333e+01
    endloop
  endfacet
  facet normal -7.071068e-01 7.071068e-01 0.000000e+00
    outer loop
      vertex   -3.029659e+01 -7.788911e+01 2.260000e+01
      vertex   -3.029659e+01 -7.788911e+01 1.473333e+01
      vertex   -3.061089e+01 -7.820341e+01 2.260000e+01
    endloop
  endfacet
  facet normal -7.071068e-01 7.071068e-01 3.193408e-16
    outer loop
      vertex   -3.061089e+01 -7.820341e+01 2.260000e+01
      vertex   -3.029659e+01 -7.788911e+01 1.473333e+01
      vertex   -3.061089e+01 -7.820341e+01 1.473333e+01
    endloop
  endfacet
  facet normal -5.735764e-01 8.191520e-01 2.590364e-16
    outer loop
      vertex   -3.061089e+01 -7.820341e+01 2.260000e+01
      vertex   -3.061089e+01 -7.820341e+01 1.473333e+01
      vertex   -3.097500e+01 -7.845836e+01 2.260000e+01
    endloop
  endfacet
  facet normal -5.735764e-01 8.191520e-01 0.000000e+00
    outer loop
      vertex   -3.097500e+01 -7.845836e+01 2.260000e+01
      vertex   -3.061089e+01 -7.820341e+01 1.473333e+01
      vertex   -3.097500e+01 -7.845836e+01 1.473333e+01
    endloop
  endfacet
  facet normal -4.226183e-01 9.063078e-01 0.000000e+00
    outer loop
      vertex   -3.097500e+01 -7.845836e+01 2.260000e+01
      vertex   -3.097500e+01 -7.845836e+01 1.473333e+01
      vertex   -3.137785e+01 -7.864622e+01 2.260000e+01
    endloop
  endfacet
  facet normal -4.226183e-01 9.063078e-01 0.000000e+00
    outer loop
      vertex   -3.137785e+01 -7.864622e+01 2.260000e+01
      vertex   -3.097500e+01 -7.845836e+01 1.473333e+01
      vertex   -3.137785e+01 -7.864622e+01 1.473333e+01
    endloop
  endfacet
  facet normal -2.588190e-01 9.659258e-01 0.000000e+00
    outer loop
      vertex   -3.137785e+01 -7.864622e+01 2.260000e+01
      vertex   -3.137785e+01 -7.864622e+01 1.473333e+01
      vertex   -3.180720e+01 -7.876126e+01 2.260000e+01
    endloop
  endfacet
  facet normal -2.588190e-01 9.659258e-01 0.000000e+00
    outer loop
      vertex   -3.180720e+01 -7.876126e+01 2.260000e+01
      vertex   -3.137785e+01 -7.864622e+01 1.473333e+01
      vertex   -3.180720e+01 -7.876126e+01 1.473333e+01
    endloop
  endfacet
  facet normal -2.588190e-01 9.659258e-01 1.852344e-19
    outer loop
      vertex   -3.137785e+01 -7.864622e+01 6.866667e+00
      vertex   -3.180720e+01 -7.876126e+01 6.866667e+00
      vertex   -3.180720e+01 -7.876126e+01 1.473333e+01
    endloop
  endfacet
  facet normal -2.588190e-01 9.659258e-01 0.000000e+00
    outer loop
      vertex   -3.137785e+01 -7.864622e+01 6.866667e+00
      vertex   -3.180720e+01 -7.876126e+01 1.473333e+01
      vertex   -3.137785e+01 -7.864622e+01 1.473333e+01
    endloop
  endfacet
  facet normal -4.226183e-01 9.063078e-01 -4.728162e-19
    outer loop
      vertex   -3.097500e+01 -7.845836e+01 6.866667e+00
      vertex   -3.137785e+01 -7.864622e+01 6.866667e+00
      vertex   -3.137785e+01 -7.864622e+01 1.473333e+01
    endloop
  endfacet
  facet normal -4.226183e-01 9.063078e-01 0.000000e+00
    outer loop
      vertex   -3.097500e+01 -7.845836e+01 6.866667e+00
      vertex   -3.137785e+01 -7.864622e+01 1.473333e+01
      vertex   -3.097500e+01 -7.845836e+01 1.473333e+01
    endloop
  endfacet
  facet normal -5.735764e-01 8.191520e-01 3.062293e-20
    outer loop
      vertex   -3.061089e+01 -7.820341e+01 6.866667e+00
      vertex   -3.097500e+01 -7.845836e+01 6.866667e+00
      vertex   -3.097500e+01 -7.845836e+01 1.473333e+01
    endloop
  endfacet
  facet normal -5.735764e-01 8.191520e-01 0.000000e+00
    outer loop
      vertex   -3.061089e+01 -7.820341e+01 6.866667e+00
      vertex   -3.097500e+01 -7.845836e+01 1.473333e+01
      vertex   -3.061089e+01 -7.820341e+01 1.473333e+01
    endloop
  endfacet
  facet normal -7.071068e-01 7.071068e-01 -1.101365e-18
    outer loop
      vertex   -3.029659e+01 -7.788911e+01 6.866667e+00
      vertex   -3.061089e+01 -7.820341e+01 6.866667e+00
      vertex   -3.061089e+01 -7.820341e+01 1.473333e+01
    endloop
  endfacet
  facet normal -7.071068e-01 7.071068e-01 0.000000e+00
    outer loop
      vertex   -3.029659e+01 -7.788911e+01 6.866667e+00
      vertex   -3.061089e+01 -7.820341e+01 1.473333e+01
      vertex   -3.029659e+01 -7.788911e+01 1.473333e+01
    endloop
  endfacet
  facet normal -8.191520e-01 5.735764e-01 1.256699e-18
    outer loop
      vertex   -3.004164e+01 -7.752500e+01 6.866667e+00
      vertex   -3.029659e+01 -7.788911e+01 6.866667e+00
      vertex   -3.029659e+01 -7.788911e+01 1.473333e+01
    endloop
  endfacet
  facet normal -8.191520e-01 5.735764e-01 0.000000e+00
    outer loop
      vertex   -3.004164e+01 -7.752500e+01 6.866667e+00
      vertex   -3.029659e+01 -7.788911e+01 1.473333e+01
      vertex   -3.004164e+01 -7.752500e+01 1.473333e+01
    endloop
  endfacet
  facet normal -9.063078e-01 4.226183e-01 1.825326e-18
    outer loop
      vertex   -2.985378e+01 -7.712215e+01 6.866667e+00
      vertex   -3.004164e+01 -7.752500e+01 6.866667e+00
      vertex   -3.004164e+01 -7.752500e+01 1.473333e+01
    endloop
  endfacet
  facet normal -9.063078e-01 4.226183e-01 0.000000e+00
    outer loop
      vertex   -2.985378e+01 -7.712215e+01 6.866667e+00
      vertex   -3.004164e+01 -7.752500e+01 1.473333e+01
      vertex   -2.985378e+01 -7.712215e+01 1.473333e+01
    endloop
  endfacet
  facet normal -9.659258e-01 2.588190e-01 -3.097588e-19
    outer loop
      vertex   -2.973874e+01 -7.669280e+01 6.866667e+00
      vertex   -2.985378e+01 -7.712215e+01 6.866667e+00
      vertex   -2.985378e+01 -7.712215e+01 1.473333e+01
    endloop
  endfacet
  facet normal -9.659258e-01 2.588190e-01 0.000000e+00
    outer loop
      vertex   -2.973874e+01 -7.669280e+01 6.866667e+00
      vertex   -2.985378e+01 -7.712215e+01 1.473333e+01
      vertex   -2.973874e+01 -7.669280e+01 1.473333e+01
    endloop
  endfacet
  facet normal -1.000000e+00 0.000000e+00 0.000000e+00
    outer loop
      vertex   -2.970000e+01 -4.225000e+01 -1.000000e+00
      vertex   -2.970000e+01 -5.425000e+01 2.560000e+01
      vertex   -2.970000e+01 -4.225000e+01 2.260000e+01
    endloop
  endfacet
  facet normal -1.000000e+00 -5.136929e-16 -2.054772e-15
    outer loop
      vertex   -2.970000e+01 -4.225000e+01 2.260000e+01
      vertex   -2.970000e+01 -5.425000e+01 2.560000e+01
      vertex   -2.970000e+01 -4.441795e+01 2.660000e+01
    endloop
  endfacet
  facet normal -1.000000e+00 -3.202980e-14 -1.913610e-14
    outer loop
      vertex   -2.970000e+01 -4.225000e+01 2.260000e+01
      vertex   -2.970000e+01 -4.441795e+01 2.660000e+01
      vertex   -2.970000e+01 -4.421804e+01 2.645105e+01
    endloop
  endfacet
  facet normal -1.000000e+00 0.000000e+00 0.000000e+00
    outer loop
      vertex   -2.970000e+01 -4.225000e+01 -1.000000e+00
      vertex   -2.970000e+01 -7.625000e+01 -1.000000e+00
      vertex   -2.970000e+01 -5.425000e+01 2.560000e+01
    endloop
  endfacet
  facet normal -1.000000e+00 -0.000000e+00 0.000000e+00
    outer loop
      vertex   -2.970000e+01 -5.425000e+01 2.560000e+01
      vertex   -2.970000e+01 -7.625000e+01 -1.000000e+00
      vertex   -2.970000e+01 -6.425000e+01 2.560000e+01
    endloop
  endfacet
  facet normal -1.000000e+00 0.000000e+00 0.000000e+00
    outer loop
      vertex   -2.970000e+01 -6.425000e+01 2.560000e+01
      vertex   -2.970000e+01 -7.625000e+01 -1.000000e+00
      vertex   -2.970000e+01 -7.625000e+01 2.260000e+01
    endloop
  endfacet
  facet normal -1.000000e+00 5.136929e-16 -2.054772e-15
    outer loop
      vertex   -2.970000e+01 -6.425000e+01 2.560000e+01
      vertex   -2.970000e+01 -7.625000e+01 2.260000e+01
      vertex   -2.970000e+01 -7.408205e+01 2.660000e+01
    endloop
  endfacet
  facet normal -1.000000e+00 -5.739949e-14 2.933342e-14
    outer loop
      vertex   -2.970000e+01 -7.408205e+01 2.660000e+01
      vertex   -2.970000e+01 -7.625000e+01 2.260000e+01
      vertex   -2.970000e+01 -7.428196e+01 2.645105e+01
    endloop
  endfacet
  facet normal -1.000000e+00 6.066527e-14 -3.100237e-14
    outer loop
      vertex   -2.970000e+01 -7.428196e+01 2.645105e+01
      vertex   -2.970000e+01 -7.625000e+01 2.260000e+01
      vertex   -2.970000e+01 -7.446605e+01 2.632002e+01
    endloop
  endfacet
  facet normal -1.000000e+00 -2.962455e-14 1.229654e-14
    outer loop
      vertex   -2.970000e+01 -7.446605e+01 2.632002e+01
      vertex   -2.970000e+01 -7.625000e+01 2.260000e+01
      vertex   -2.970000e+01 -7.479597e+01 2.610302e+01
    endloop
  endfacet
  facet normal -1.000000e+00 3.213894e-14 -1.334021e-14
    outer loop
      vertex   -2.970000e+01 -7.479597e+01 2.610302e+01
      vertex   -2.970000e+01 -7.625000e+01 2.260000e+01
      vertex   -2.970000e+01 -7.508663e+01 2.593539e+01
    endloop
  endfacet
  facet normal -1.000000e+00 -3.140446e-14 8.823399e-15
    outer loop
      vertex   -2.970000e+01 -7.508663e+01 2.593539e+01
      vertex   -2.970000e+01 -7.625000e+01 2.260000e+01
      vertex   -2.970000e+01 -7.534872e+01 2.580787e+01
    endloop
  endfacet
  facet normal -1.000000e+00 3.301820e-14 -9.276795e-15
    outer loop
      vertex   -2.970000e+01 -7.534872e+01 2.580787e+01
      vertex   -2.970000e+01 -7.625000e+01 2.260000e+01
      vertex   -2.970000e+01 -7.559025e+01 2.571412e+01
    endloop
  endfacet
  facet normal -1.000000e+00 6.860031e-16 -2.427015e-15
    outer loop
      vertex   -2.970000e+01 -7.559025e+01 2.571412e+01
      vertex   -2.970000e+01 -7.625000e+01 2.260000e+01
      vertex   -2.970000e+01 -7.581758e+01 2.564987e+01
    endloop
  endfacet
  facet normal -1.000000e+00 4.103227e-16 -2.387928e-15
    outer loop
      vertex   -2.970000e+01 -7.581758e+01 2.564987e+01
      vertex   -2.970000e+01 -7.625000e+01 2.260000e+01
      vertex   -2.970000e+01 -7.603595e+01 2.561234e+01
    endloop
  endfacet
  facet normal -1.000000e+00 -4.986176e-14 1.184238e-15
    outer loop
      vertex   -2.970000e+01 -7.603595e+01 2.561234e+01
      vertex   -2.970000e+01 -7.625000e+01 2.260000e+01
      vertex   -2.970000e+01 -7.625000e+01 2.560000e+01
    endloop
  endfacet
  facet normal -1.000000e+00 7.226800e-16 0.000000e+00
    outer loop
      vertex   -2.970000e+01 -7.408205e+01 2.660000e+01
      vertex   -2.970000e+01 -6.425000e+01 2.660000e+01
      vertex   -2.970000e+01 -6.425000e+01 2.560000e+01
    endloop
  endfacet
  facet normal -1.000000e+00 -7.226800e-16 0.000000e+00
    outer loop
      vertex   -2.970000e+01 -5.425000e+01 2.560000e+01
      vertex   -2.970000e+01 -5.425000e+01 2.660000e+01
      vertex   -2.970000e+01 -4.441795e+01 2.660000e+01
    endloop
  endfacet
  facet normal -1.000000e+00 -3.096321e-15 -4.349935e-15
    outer loop
      vertex   -2.970000e+01 -4.421804e+01 2.645105e+01
      vertex   -2.970000e+01 -4.403395e+01 2.632002e+01
      vertex   -2.970000e+01 -4.225000e+01 2.260000e+01
    endloop
  endfacet
  facet normal -1.000000e+00 4.443683e-14 1.844481e-14
    outer loop
      vertex   -2.970000e+01 -4.225000e+01 2.260000e+01
      vertex   -2.970000e+01 -4.403395e+01 2.632002e+01
      vertex   -2.970000e+01 -4.370403e+01 2.610302e+01
    endloop
  endfacet
  facet normal -1.000000e+00 -4.820841e-14 -2.001032e-14
    outer loop
      vertex   -2.970000e+01 -4.225000e+01 2.260000e+01
      vertex   -2.970000e+01 -4.370403e+01 2.610302e+01
      vertex   -2.970000e+01 -4.341337e+01 2.593539e+01
    endloop
  endfacet
  facet normal -1.000000e+00 4.710669e-14 1.323510e-14
    outer loop
      vertex   -2.970000e+01 -4.341337e+01 2.593539e+01
      vertex   -2.970000e+01 -4.315128e+01 2.580787e+01
      vertex   -2.970000e+01 -4.225000e+01 2.260000e+01
    endloop
  endfacet
  facet normal -1.000000e+00 -3.301820e-14 -9.276795e-15
    outer loop
      vertex   -2.970000e+01 -4.225000e+01 2.260000e+01
      vertex   -2.970000e+01 -4.315128e+01 2.580787e+01
      vertex   -2.970000e+01 -4.290975e+01 2.571412e+01
    endloop
  endfacet
  facet normal -1.000000e+00 -6.860031e-16 -2.427015e-15
    outer loop
      vertex   -2.970000e+01 -4.225000e+01 2.260000e+01
      vertex   -2.970000e+01 -4.290975e+01 2.571412e+01
      vertex   -2.970000e+01 -4.268242e+01 2.564987e+01
    endloop
  endfacet
  facet normal -1.000000e+00 -4.103227e-16 -2.387928e-15
    outer loop
      vertex   -2.970000e+01 -4.268242e+01 2.564987e+01
      vertex   -2.970000e+01 -4.246405e+01 2.561234e+01
      vertex   -2.970000e+01 -4.225000e+01 2.260000e+01
    endloop
  endfacet
  facet normal -1.000000e+00 -1.365621e-16 -2.368476e-15
    outer loop
      vertex   -2.970000e+01 -4.225000e+01 2.260000e+01
      vertex   -2.970000e+01 -4.246405e+01 2.561234e+01
      vertex   -2.970000e+01 -4.225000e+01 2.560000e+01
    endloop
  endfacet
  facet normal -9.961947e-01 -8.715574e-02 -4.498976e-16
    outer loop
      vertex   -2.973874e+01 -4.180720e+01 2.260000e+01
      vertex   -2.973874e+01 -4.180720e+01 1.473333e+01
      vertex   -2.970000e+01 -4.225000e+01 2.260000e+01
    endloop
  endfacet
  facet normal -9.961947e-01 -8.715574e-02 1.320402e-19
    outer loop
      vertex   -2.970000e+01 -4.225000e+01 2.260000e+01
      vertex   -2.973874e+01 -4.180720e+01 1.473333e+01
      vertex   -2.973874e+01 -4.180720e+01 6.866667e+00
    endloop
  endfacet
  facet normal -9.961947e-01 -8.715574e-02 -0.000000e+00
    outer loop
      vertex   -2.970000e+01 -4.225000e+01 2.260000e+01
      vertex   -2.973874e+01 -4.180720e+01 6.866667e+00
      vertex   -2.970000e+01 -4.225000e+01 -1.000000e+00
    endloop
  endfacet
  facet normal -9.961947e-01 -8.715574e-02 4.496029e-16
    outer loop
      vertex   -2.970000e+01 -4.225000e+01 -1.000000e+00
      vertex   -2.973874e+01 -4.180720e+01 6.866667e+00
      vertex   -2.973874e+01 -4.180720e+01 -1.000000e+00
    endloop
  endfacet
  facet normal -9.659258e-01 -2.588190e-01 4.362277e-16
    outer loop
      vertex   -2.973874e+01 -4.180720e+01 -1.000000e+00
      vertex   -2.973874e+01 -4.180720e+01 6.866667e+00
      vertex   -2.985378e+01 -4.137785e+01 -1.000000e+00
    endloop
  endfacet
  facet normal -9.659258e-01 -2.588190e-01 0.000000e+00
    outer loop
      vertex   -2.985378e+01 -4.137785e+01 -1.000000e+00
      vertex   -2.973874e+01 -4.180720e+01 6.866667e+00
      vertex   -2.985378e+01 -4.137785e+01 6.866667e+00
    endloop
  endfacet
  facet normal -9.063078e-01 -4.226183e-01 0.000000e+00
    outer loop
      vertex   -2.985378e+01 -4.137785e+01 -1.000000e+00
      vertex   -2.985378e+01 -4.137785e+01 6.866667e+00
      vertex   -3.004164e+01 -4.097500e+01 -1.000000e+00
    endloop
  endfacet
  facet normal -9.063078e-01 -4.226183e-01 0.000000e+00
    outer loop
      vertex   -3.004164e+01 -4.097500e+01 -1.000000e+00
      vertex   -2.985378e+01 -4.137785e+01 6.866667e+00
      vertex   -3.004164e+01 -4.097500e+01 6.866667e+00
    endloop
  endfacet
  facet normal -8.191520e-01 -5.735764e-01 0.000000e+00
    outer loop
      vertex   -3.004164e+01 -4.097500e+01 -1.000000e+00
      vertex   -3.004164e+01 -4.097500e+01 6.866667e+00
      vertex   -3.029659e+01 -4.061089e+01 -1.000000e+00
    endloop
  endfacet
  facet normal -8.191520e-01 -5.735764e-01 3.699423e-16
    outer loop
      vertex   -3.029659e+01 -4.061089e+01 -1.000000e+00
      vertex   -3.004164e+01 -4.097500e+01 6.866667e+00
      vertex   -3.029659e+01 -4.061089e+01 6.866667e+00
    endloop
  endfacet
  facet normal -7.071068e-01 -7.071068e-01 3.193408e-16
    outer loop
      vertex   -3.029659e+01 -4.061089e+01 -1.000000e+00
      vertex   -3.029659e+01 -4.061089e+01 6.866667e+00
      vertex   -3.061089e+01 -4.029659e+01 -1.000000e+00
    endloop
  endfacet
  facet normal -7.071068e-01 -7.071068e-01 -3.193408e-16
    outer loop
      vertex   -3.061089e+01 -4.029659e+01 -1.000000e+00
      vertex   -3.029659e+01 -4.061089e+01 6.866667e+00
      vertex   -3.061089e+01 -4.029659e+01 6.866667e+00
    endloop
  endfacet
  facet normal -5.735764e-01 -8.191520e-01 -2.590364e-16
    outer loop
      vertex   -3.061089e+01 -4.029659e+01 -1.000000e+00
      vertex   -3.061089e+01 -4.029659e+01 6.866667e+00
      vertex   -3.097500e+01 -4.004164e+01 -1.000000e+00
    endloop
  endfacet
  facet normal -5.735764e-01 -8.191520e-01 0.000000e+00
    outer loop
      vertex   -3.097500e+01 -4.004164e+01 -1.000000e+00
      vertex   -3.061089e+01 -4.029659e+01 6.866667e+00
      vertex   -3.097500e+01 -4.004164e+01 6.866667e+00
    endloop
  endfacet
  facet normal -4.226183e-01 -9.063078e-01 0.000000e+00
    outer loop
      vertex   -3.097500e+01 -4.004164e+01 -1.000000e+00
      vertex   -3.097500e+01 -4.004164e+01 6.866667e+00
      vertex   -3.137785e+01 -3.985378e+01 -1.000000e+00
    endloop
  endfacet
  facet normal -4.226183e-01 -9.063078e-01 0.000000e+00
    outer loop
      vertex   -3.137785e+01 -3.985378e+01 -1.000000e+00
      vertex   -3.097500e+01 -4.004164e+01 6.866667e+00
      vertex   -3.137785e+01 -3.985378e+01 6.866667e+00
    endloop
  endfacet
  facet normal -2.588190e-01 -9.659258e-01 0.000000e+00
    outer loop
      vertex   -3.137785e+01 -3.985378e+01 -1.000000e+00
      vertex   -3.137785e+01 -3.985378e+01 6.866667e+00
      vertex   -3.180720e+01 -3.973874e+01 -1.000000e+00
    endloop
  endfacet
  facet normal -2.588190e-01 -9.659258e-01 8.724554e-16
    outer loop
      vertex   -3.180720e+01 -3.973874e+01 -1.000000e+00
      vertex   -3.137785e+01 -3.985378e+01 6.866667e+00
      vertex   -3.180720e+01 -3.973874e+01 6.866667e+00
    endloop
  endfacet
  facet normal -8.715574e-02 -9.961947e-01 8.997952e-16
    outer loop
      vertex   -3.180720e+01 -3.973874e+01 -1.000000e+00
      vertex   -3.180720e+01 -3.973874e+01 6.866667e+00
      vertex   -3.225000e+01 -3.970000e+01 -1.000000e+00
    endloop
  endfacet
  facet normal -8.715574e-02 -9.961947e-01 -5.672534e-20
    outer loop
      vertex   -3.225000e+01 -3.970000e+01 -1.000000e+00
      vertex   -3.180720e+01 -3.973874e+01 6.866667e+00
      vertex   -3.180720e+01 -3.973874e+01 1.473333e+01
    endloop
  endfacet
  facet normal -8.715574e-02 -9.961947e-01 0.000000e+00
    outer loop
      vertex   -3.225000e+01 -3.970000e+01 -1.000000e+00
      vertex   -3.180720e+01 -3.973874e+01 1.473333e+01
      vertex   -3.225000e+01 -3.970000e+01 2.260000e+01
    endloop
  endfacet
  facet normal -8.715574e-02 -9.961947e-01 -8.998519e-16
    outer loop
      vertex   -3.225000e+01 -3.970000e+01 2.260000e+01
      vertex   -3.180720e+01 -3.973874e+01 1.473333e+01
      vertex   -3.180720e+01 -3.973874e+01 2.260000e+01
    endloop
  endfacet
  facet normal -2.588190e-01 -9.659258e-01 -8.724554e-16
    outer loop
      vertex   -3.180720e+01 -3.973874e+01 2.260000e+01
      vertex   -3.180720e+01 -3.973874e+01 1.473333e+01
      vertex   -3.137785e+01 -3.985378e+01 2.260000e+01
    endloop
  endfacet
  facet normal -2.588190e-01 -9.659258e-01 -0.000000e+00
    outer loop
      vertex   -3.137785e+01 -3.985378e+01 2.260000e+01
      vertex   -3.180720e+01 -3.973874e+01 1.473333e+01
      vertex   -3.137785e+01 -3.985378e+01 1.473333e+01
    endloop
  endfacet
  facet normal -4.226183e-01 -9.063078e-01 -0.000000e+00
    outer loop
      vertex   -3.137785e+01 -3.985378e+01 2.260000e+01
      vertex   -3.137785e+01 -3.985378e+01 1.473333e+01
      vertex   -3.097500e+01 -4.004164e+01 2.260000e+01
    endloop
  endfacet
  facet normal -4.226183e-01 -9.063078e-01 -0.000000e+00
    outer loop
      vertex   -3.097500e+01 -4.004164e+01 2.260000e+01
      vertex   -3.137785e+01 -3.985378e+01 1.473333e+01
      vertex   -3.097500e+01 -4.004164e+01 1.473333e+01
    endloop
  endfacet
  facet normal -5.735764e-01 -8.191520e-01 -0.000000e+00
    outer loop
      vertex   -3.097500e+01 -4.004164e+01 2.260000e+01
      vertex   -3.097500e+01 -4.004164e+01 1.473333e+01
      vertex   -3.061089e+01 -4.029659e+01 2.260000e+01
    endloop
  endfacet
  facet normal -5.735764e-01 -8.191520e-01 2.590364e-16
    outer loop
      vertex   -3.061089e+01 -4.029659e+01 2.260000e+01
      vertex   -3.097500e+01 -4.004164e+01 1.473333e+01
      vertex   -3.061089e+01 -4.029659e+01 1.473333e+01
    endloop
  endfacet
  facet normal -7.071068e-01 -7.071068e-01 3.193408e-16
    outer loop
      vertex   -3.061089e+01 -4.029659e+01 2.260000e+01
      vertex   -3.061089e+01 -4.029659e+01 1.473333e+01
      vertex   -3.029659e+01 -4.061089e+01 2.260000e+01
    endloop
  endfacet
  facet normal -7.071068e-01 -7.071068e-01 -3.193408e-16
    outer loop
      vertex   -3.029659e+01 -4.061089e+01 2.260000e+01
      vertex   -3.061089e+01 -4.029659e+01 1.473333e+01
      vertex   -3.029659e+01 -4.061089e+01 1.473333e+01
    endloop
  endfacet
  facet normal -8.191520e-01 -5.735764e-01 -3.699423e-16
    outer loop
      vertex   -3.029659e+01 -4.061089e+01 2.260000e+01
      vertex   -3.029659e+01 -4.061089e+01 1.473333e+01
      vertex   -3.004164e+01 -4.097500e+01 2.260000e+01
    endloop
  endfacet
  facet normal -8.191520e-01 -5.735764e-01 -0.000000e+00
    outer loop
      vertex   -3.004164e+01 -4.097500e+01 2.260000e+01
      vertex   -3.029659e+01 -4.061089e+01 1.473333e+01
      vertex   -3.004164e+01 -4.097500e+01 1.473333e+01
    endloop
  endfacet
  facet normal -9.063078e-01 -4.226183e-01 -0.000000e+00
    outer loop
      vertex   -3.004164e+01 -4.097500e+01 2.260000e+01
      vertex   -3.004164e+01 -4.097500e+01 1.473333e+01
      vertex   -2.985378e+01 -4.137785e+01 2.260000e+01
    endloop
  endfacet
  facet normal -9.063078e-01 -4.226183e-01 -0.000000e+00
    outer loop
      vertex   -2.985378e+01 -4.137785e+01 2.260000e+01
      vertex   -3.004164e+01 -4.097500e+01 1.473333e+01
      vertex   -2.985378e+01 -4.137785e+01 1.473333e+01
    endloop
  endfacet
  facet normal -9.659258e-01 -2.588190e-01 -0.000000e+00
    outer loop
      vertex   -2.985378e+01 -4.137785e+01 2.260000e+01
      vertex   -2.985378e+01 -4.137785e+01 1.473333e+01
      vertex   -2.973874e+01 -4.180720e+01 2.260000e+01
    endloop
  endfacet
  facet normal -9.659258e-01 -2.588190e-01 -4.362277e-16
    outer loop
      vertex   -2.973874e+01 -4.180720e+01 2.260000e+01
      vertex   -2.985378e+01 -4.137785e+01 1.473333e+01
      vertex   -2.973874e+01 -4.180720e+01 1.473333e+01
    endloop
  endfacet
  facet normal -9.659258e-01 -2.588190e-01 2.664884e-19
    outer loop
      vertex   -2.985378e+01 -4.137785e+01 6.866667e+00
      vertex   -2.973874e+01 -4.180720e+01 6.866667e+00
      vertex   -2.973874e+01 -4.180720e+01 1.473333e+01
    endloop
  endfacet
  facet normal -9.659258e-01 -2.588190e-01 0.000000e+00
    outer loop
      vertex   -2.985378e+01 -4.137785e+01 6.866667e+00
      vertex   -2.973874e+01 -4.180720e+01 1.473333e+01
      vertex   -2.985378e+01 -4.137785e+01 1.473333e+01
    endloop
  endfacet
  facet normal -9.063078e-01 -4.226183e-01 -5.982848e-19
    outer loop
      vertex   -3.004164e+01 -4.097500e+01 6.866667e+00
      vertex   -2.985378e+01 -4.137785e+01 6.866667e+00
      vertex   -2.985378e+01 -4.137785e+01 1.473333e+01
    endloop
  endfacet
  facet normal -9.063078e-01 -4.226183e-01 0.000000e+00
    outer loop
      vertex   -3.004164e+01 -4.097500e+01 6.866667e+00
      vertex   -2.985378e+01 -4.137785e+01 1.473333e+01
      vertex   -3.004164e+01 -4.097500e+01 1.473333e+01
    endloop
  endfacet
  facet normal -8.191520e-01 -5.735764e-01 -4.162910e-19
    outer loop
      vertex   -3.029659e+01 -4.061089e+01 6.866667e+00
      vertex   -3.004164e+01 -4.097500e+01 6.866667e+00
      vertex   -3.004164e+01 -4.097500e+01 1.473333e+01
    endloop
  endfacet
  facet normal -8.191520e-01 -5.735764e-01 0.000000e+00
    outer loop
      vertex   -3.029659e+01 -4.061089e+01 6.866667e+00
      vertex   -3.004164e+01 -4.097500e+01 1.473333e+01
      vertex   -3.029659e+01 -4.061089e+01 1.473333e+01
    endloop
  endfacet
  facet normal -7.071068e-01 -7.071068e-01 -4.313308e-19
    outer loop
      vertex   -3.061089e+01 -4.029659e+01 6.866667e+00
      vertex   -3.029659e+01 -4.061089e+01 6.866667e+00
      vertex   -3.029659e+01 -4.061089e+01 1.473333e+01
    endloop
  endfacet
  facet normal -7.071068e-01 -7.071068e-01 0.000000e+00
    outer loop
      vertex   -3.061089e+01 -4.029659e+01 6.866667e+00
      vertex   -3.029659e+01 -4.061089e+01 1.473333e+01
      vertex   -3.061089e+01 -4.029659e+01 1.473333e+01
    endloop
  endfacet
  facet normal -5.735764e-01 -8.191520e-01 1.650192e-18
    outer loop
      vertex   -3.097500e+01 -4.004164e+01 6.866667e+00
      vertex   -3.061089e+01 -4.029659e+01 6.866667e+00
      vertex   -3.061089e+01 -4.029659e+01 1.473333e+01
    endloop
  endfacet
  facet normal -5.735764e-01 -8.191520e-01 0.000000e+00
    outer loop
      vertex   -3.097500e+01 -4.004164e+01 6.866667e+00
      vertex   -3.061089e+01 -4.029659e+01 1.473333e+01
      vertex   -3.097500e+01 -4.004164e+01 1.473333e+01
    endloop
  endfacet
  facet normal -4.226183e-01 -9.063078e-01 4.728162e-19
    outer loop
      vertex   -3.137785e+01 -3.985378e+01 6.866667e+00
      vertex   -3.097500e+01 -4.004164e+01 6.866667e+00
      vertex   -3.097500e+01 -4.004164e+01 1.473333e+01
    endloop
  endfacet
  facet normal -4.226183e-01 -9.063078e-01 0.000000e+00
    outer loop
      vertex   -3.137785e+01 -3.985378e+01 6.866667e+00
      vertex   -3.097500e+01 -4.004164e+01 1.473333e+01
      vertex   -3.137785e+01 -3.985378e+01 1.473333e+01
    endloop
  endfacet
  facet normal -2.588190e-01 -9.659258e-01 5.036035e-19
    outer loop
      vertex   -3.180720e+01 -3.973874e+01 6.866667e+00
      vertex   -3.137785e+01 -3.985378e+01 6.866667e+00
      vertex   -3.137785e+01 -3.985378e+01 1.473333e+01
    endloop
  endfacet
  facet normal -2.588190e-01 -9.659258e-01 0.000000e+00
    outer loop
      vertex   -3.180720e+01 -3.973874e+01 6.866667e+00
      vertex   -3.137785e+01 -3.985378e+01 1.473333e+01
      vertex   -3.180720e+01 -3.973874e+01 1.473333e+01
    endloop
  endfacet
  facet normal -0.000000e+00 -1.000000e+00 -0.000000e+00
    outer loop
      vertex   -3.225000e+01 -3.970000e+01 2.260000e+01
      vertex   -6.625000e+01 -3.970000e+01 2.260000e+01
      vertex   -3.225000e+01 -3.970000e+01 -1.000000e+00
    endloop
  endfacet
  facet normal 0.000000e+00 -1.000000e+00 0.000000e+00
    outer loop
      vertex   -3.225000e+01 -3.970000e+01 -1.000000e+00
      vertex   -6.625000e+01 -3.970000e+01 2.260000e+01
      vertex   -6.625000e+01 -3.970000e+01 -1.000000e+00
    endloop
  endfacet
  facet normal -7.133918e-02 -9.974521e-01 -0.000000e+00
    outer loop
      vertex   -6.625000e+01 -8.000000e+01 3.550000e+01
      vertex   -6.678368e+01 -7.996183e+01 1.762500e+01
      vertex   -6.625000e+01 -8.000000e+01 -2.500000e-01
    endloop
  endfacet
  facet normal -7.133918e-02 -9.974521e-01 -1.108971e-19
    outer loop
      vertex   -6.625000e+01 -8.000000e+01 -2.500000e-01
      vertex   -6.678368e+01 -7.996183e+01 1.762500e+01
      vertex   -6.678368e+01 -7.996183e+01 8.687500e+00
    endloop
  endfacet
  facet normal -7.133918e-02 -9.974521e-01 -1.108971e-19
    outer loop
      vertex   -6.625000e+01 -8.000000e+01 -2.500000e-01
      vertex   -6.678368e+01 -7.996183e+01 8.687500e+00
      vertex   -6.678368e+01 -7.996183e+01 -2.500000e-01
    endloop
  endfacet
  facet normal -2.125653e-01 -9.771469e-01 0.000000e+00
    outer loop
      vertex   -6.678368e+01 -7.996183e+01 -2.500000e-01
      vertex   -6.678368e+01 -7.996183e+01 8.687500e+00
      vertex   -6.730650e+01 -7.984810e+01 -2.500000e-01
    endloop
  endfacet
  facet normal -2.125653e-01 -9.771469e-01 0.000000e+00
    outer loop
      vertex   -6.730650e+01 -7.984810e+01 -2.500000e-01
      vertex   -6.678368e+01 -7.996183e+01 8.687500e+00
      vertex   -6.730650e+01 -7.984810e+01 8.687500e+00
    endloop
  endfacet
  facet normal -3.494642e-01 -9.369497e-01 0.000000e+00
    outer loop
      vertex   -6.730650e+01 -7.984810e+01 -2.500000e-01
      vertex   -6.730650e+01 -7.984810e+01 8.687500e+00
      vertex   -6.780781e+01 -7.966112e+01 -2.500000e-01
    endloop
  endfacet
  facet normal -3.494642e-01 -9.369497e-01 0.000000e+00
    outer loop
      vertex   -6.780781e+01 -7.966112e+01 -2.500000e-01
      vertex   -6.730650e+01 -7.984810e+01 8.687500e+00
      vertex   -6.780781e+01 -7.966112e+01 8.687500e+00
    endloop
  endfacet
  facet normal -4.792490e-01 -8.776790e-01 0.000000e+00
    outer loop
      vertex   -6.780781e+01 -7.966112e+01 -2.500000e-01
      vertex   -6.780781e+01 -7.966112e+01 8.687500e+00
      vertex   -6.827740e+01 -7.940470e+01 -2.500000e-01
    endloop
  endfacet
  facet normal -4.792490e-01 -8.776790e-01 0.000000e+00
    outer loop
      vertex   -6.827740e+01 -7.940470e+01 -2.500000e-01
      vertex   -6.780781e+01 -7.966112e+01 8.687500e+00
      vertex   -6.827740e+01 -7.940470e+01 8.687500e+00
    endloop
  endfacet
  facet normal -5.992777e-01 -8.005412e-01 0.000000e+00
    outer loop
      vertex   -6.827740e+01 -7.940470e+01 -2.500000e-01
      vertex   -6.827740e+01 -7.940470e+01 8.687500e+00
      vertex   -6.870573e+01 -7.908406e+01 -2.500000e-01
    endloop
  endfacet
  facet normal -5.992777e-01 -8.005412e-01 0.000000e+00
    outer loop
      vertex   -6.870573e+01 -7.908406e+01 -2.500000e-01
      vertex   -6.827740e+01 -7.940470e+01 8.687500e+00
      vertex   -6.870573e+01 -7.908406e+01 8.687500e+00
    endloop
  endfacet
  facet normal -7.071068e-01 -7.071068e-01 0.000000e+00
    outer loop
      vertex   -6.870573e+01 -7.908406e+01 -2.500000e-01
      vertex   -6.870573e+01 -7.908406e+01 8.687500e+00
      vertex   -6.908406e+01 -7.870573e+01 -2.500000e-01
    endloop
  endfacet
  facet normal -7.071068e-01 -7.071068e-01 0.000000e+00
    outer loop
      vertex   -6.908406e+01 -7.870573e+01 -2.500000e-01
      vertex   -6.870573e+01 -7.908406e+01 8.687500e+00
      vertex   -6.908406e+01 -7.870573e+01 8.687500e+00
    endloop
  endfacet
  facet normal -8.005412e-01 -5.992777e-01 0.000000e+00
    outer loop
      vertex   -6.908406e+01 -7.870573e+01 -2.500000e-01
      vertex   -6.908406e+01 -7.870573e+01 8.687500e+00
      vertex   -6.940470e+01 -7.827740e+01 -2.500000e-01
    endloop
  endfacet
  facet normal -8.005412e-01 -5.992777e-01 0.000000e+00
    outer loop
      vertex   -6.940470e+01 -7.827740e+01 -2.500000e-01
      vertex   -6.908406e+01 -7.870573e+01 8.687500e+00
      vertex   -6.940470e+01 -7.827740e+01 8.687500e+00
    endloop
  endfacet
  facet normal -8.776790e-01 -4.792490e-01 0.000000e+00
    outer loop
      vertex   -6.940470e+01 -7.827740e+01 -2.500000e-01
      vertex   -6.940470e+01 -7.827740e+01 8.687500e+00
      vertex   -6.966112e+01 -7.780781e+01 -2.500000e-01
    endloop
  endfacet
  facet normal -8.776790e-01 -4.792490e-01 0.000000e+00
    outer loop
      vertex   -6.966112e+01 -7.780781e+01 -2.500000e-01
      vertex   -6.940470e+01 -7.827740e+01 8.687500e+00
      vertex   -6.966112e+01 -7.780781e+01 8.687500e+00
    endloop
  endfacet
  facet normal -9.369497e-01 -3.494642e-01 0.000000e+00
    outer loop
      vertex   -6.966112e+01 -7.780781e+01 -2.500000e-01
      vertex   -6.966112e+01 -7.780781e+01 8.687500e+00
      vertex   -6.984810e+01 -7.730650e+01 -2.500000e-01
    endloop
  endfacet
  facet normal -9.369497e-01 -3.494642e-01 0.000000e+00
    outer loop
      vertex   -6.984810e+01 -7.730650e+01 -2.500000e-01
      vertex   -6.966112e+01 -7.780781e+01 8.687500e+00
      vertex   -6.984810e+01 -7.730650e+01 8.687500e+00
    endloop
  endfacet
  facet normal -9.771469e-01 -2.125653e-01 0.000000e+00
    outer loop
      vertex   -6.984810e+01 -7.730650e+01 -2.500000e-01
      vertex   -6.984810e+01 -7.730650e+01 8.687500e+00
      vertex   -6.996183e+01 -7.678368e+01 -2.500000e-01
    endloop
  endfacet
  facet normal -9.771469e-01 -2.125653e-01 0.000000e+00
    outer loop
      vertex   -6.996183e+01 -7.678368e+01 -2.500000e-01
      vertex   -6.984810e+01 -7.730650e+01 8.687500e+00
      vertex   -6.996183e+01 -7.678368e+01 8.687500e+00
    endloop
  endfacet
  facet normal -9.974521e-01 -7.133918e-02 0.000000e+00
    outer loop
      vertex   -6.996183e+01 -7.678368e+01 -2.500000e-01
      vertex   -6.996183e+01 -7.678368e+01 8.687500e+00
      vertex   -7.000000e+01 -7.625000e+01 -2.500000e-01
    endloop
  endfacet
  facet normal -9.974521e-01 -7.133918e-02 -1.108971e-19
    outer loop
      vertex   -7.000000e+01 -7.625000e+01 -2.500000e-01
      vertex   -6.996183e+01 -7.678368e+01 8.687500e+00
      vertex   -6.996183e+01 -7.678368e+01 1.762500e+01
    endloop
  endfacet
  facet normal -9.974521e-01 -7.133918e-02 0.000000e+00
    outer loop
      vertex   -7.000000e+01 -7.625000e+01 -2.500000e-01
      vertex   -6.996183e+01 -7.678368e+01 1.762500e+01
      vertex   -7.000000e+01 -7.625000e+01 3.550000e+01
    endloop
  endfacet
  facet normal -9.974521e-01 -7.133918e-02 -1.108971e-19
    outer loop
      vertex   -7.000000e+01 -7.625000e+01 3.550000e+01
      vertex   -6.996183e+01 -7.678368e+01 1.762500e+01
      vertex   -6.996183e+01 -7.678368e+01 2.656250e+01
    endloop
  endfacet
  facet normal -9.974521e-01 -7.133918e-02 -1.108971e-19
    outer loop
      vertex   -7.000000e+01 -7.625000e+01 3.550000e+01
      vertex   -6.996183e+01 -7.678368e+01 2.656250e+01
      vertex   -6.996183e+01 -7.678368e+01 3.550000e+01
    endloop
  endfacet
  facet normal -9.771469e-01 -2.125653e-01 -0.000000e+00
    outer loop
      vertex   -6.996183e+01 -7.678368e+01 3.550000e+01
      vertex   -6.996183e+01 -7.678368e+01 2.656250e+01
      vertex   -6.984810e+01 -7.730650e+01 3.550000e+01
    endloop
  endfacet
  facet normal -9.771469e-01 -2.125653e-01 -0.000000e+00
    outer loop
      vertex   -6.984810e+01 -7.730650e+01 3.550000e+01
      vertex   -6.996183e+01 -7.678368e+01 2.656250e+01
      vertex   -6.984810e+01 -7.730650e+01 2.656250e+01
    endloop
  endfacet
  facet normal -9.369497e-01 -3.494642e-01 -0.000000e+00
    outer loop
      vertex   -6.984810e+01 -7.730650e+01 3.550000e+01
      vertex   -6.984810e+01 -7.730650e+01 2.656250e+01
      vertex   -6.966112e+01 -7.780781e+01 3.550000e+01
    endloop
  endfacet
  facet normal -9.369497e-01 -3.494642e-01 -0.000000e+00
    outer loop
      vertex   -6.966112e+01 -7.780781e+01 3.550000e+01
      vertex   -6.984810e+01 -7.730650e+01 2.656250e+01
      vertex   -6.966112e+01 -7.780781e+01 2.656250e+01
    endloop
  endfacet
  facet normal -8.776790e-01 -4.792490e-01 -0.000000e+00
    outer loop
      vertex   -6.966112e+01 -7.780781e+01 3.550000e+01
      vertex   -6.966112e+01 -7.780781e+01 2.656250e+01
      vertex   -6.940470e+01 -7.827740e+01 3.550000e+01
    endloop
  endfacet
  facet normal -8.776790e-01 -4.792490e-01 -0.000000e+00
    outer loop
      vertex   -6.940470e+01 -7.827740e+01 3.550000e+01
      vertex   -6.966112e+01 -7.780781e+01 2.656250e+01
      vertex   -6.940470e+01 -7.827740e+01 2.656250e+01
    endloop
  endfacet
  facet normal -8.005412e-01 -5.992777e-01 -0.000000e+00
    outer loop
      vertex   -6.940470e+01 -7.827740e+01 3.550000e+01
      vertex   -6.940470e+01 -7.827740e+01 2.656250e+01
      vertex   -6.908406e+01 -7.870573e+01 3.550000e+01
    endloop
  endfacet
  facet normal -8.005412e-01 -5.992777e-01 -0.000000e+00
    outer loop
      vertex   -6.908406e+01 -7.870573e+01 3.550000e+01
      vertex   -6.940470e+01 -7.827740e+01 2.656250e+01
      vertex   -6.908406e+01 -7.870573e+01 2.656250e+01
    endloop
  endfacet
  facet normal -7.071068e-01 -7.071068e-01 -0.000000e+00
    outer loop
      vertex   -6.908406e+01 -7.870573e+01 3.550000e+01
      vertex   -6.908406e+01 -7.870573e+01 2.656250e+01
      vertex   -6.870573e+01 -7.908406e+01 3.550000e+01
    endloop
  endfacet
  facet normal -7.071068e-01 -7.071068e-01 -0.000000e+00
    outer loop
      vertex   -6.870573e+01 -7.908406e+01 3.550000e+01
      vertex   -6.908406e+01 -7.870573e+01 2.656250e+01
      vertex   -6.870573e+01 -7.908406e+01 2.656250e+01
    endloop
  endfacet
  facet normal -5.992777e-01 -8.005412e-01 -0.000000e+00
    outer loop
      vertex   -6.870573e+01 -7.908406e+01 3.550000e+01
      vertex   -6.870573e+01 -7.908406e+01 2.656250e+01
      vertex   -6.827740e+01 -7.940470e+01 3.550000e+01
    endloop
  endfacet
  facet normal -5.992777e-01 -8.005412e-01 -0.000000e+00
    outer loop
      vertex   -6.827740e+01 -7.940470e+01 3.550000e+01
      vertex   -6.870573e+01 -7.908406e+01 2.656250e+01
      vertex   -6.827740e+01 -7.940470e+01 2.656250e+01
    endloop
  endfacet
  facet normal -4.792490e-01 -8.776790e-01 -0.000000e+00
    outer loop
      vertex   -6.827740e+01 -7.940470e+01 3.550000e+01
      vertex   -6.827740e+01 -7.940470e+01 2.656250e+01
      vertex   -6.780781e+01 -7.966112e+01 3.550000e+01
    endloop
  endfacet
  facet normal -4.792490e-01 -8.776790e-01 -0.000000e+00
    outer loop
      vertex   -6.780781e+01 -7.966112e+01 3.550000e+01
      vertex   -6.827740e+01 -7.940470e+01 2.656250e+01
      vertex   -6.780781e+01 -7.966112e+01 2.656250e+01
    endloop
  endfacet
  facet normal -3.494642e-01 -9.369497e-01 -0.000000e+00
    outer loop
      vertex   -6.780781e+01 -7.966112e+01 3.550000e+01
      vertex   -6.780781e+01 -7.966112e+01 2.656250e+01
      vertex   -6.730650e+01 -7.984810e+01 3.550000e+01
    endloop
  endfacet
  facet normal -3.494642e-01 -9.369497e-01 -0.000000e+00
    outer loop
      vertex   -6.730650e+01 -7.984810e+01 3.550000e+01
      vertex   -6.780781e+01 -7.966112e+01 2.656250e+01
      vertex   -6.730650e+01 -7.984810e+01 2.656250e+01
    endloop
  endfacet
  facet normal -2.125653e-01 -9.771469e-01 -0.000000e+00
    outer loop
      vertex   -6.730650e+01 -7.984810e+01 3.550000e+01
      vertex   -6.730650e+01 -7.984810e+01 2.656250e+01
      vertex   -6.678368e+01 -7.996183e+01 3.550000e+01
    endloop
  endfacet
  facet normal -2.125653e-01 -9.771469e-01 -0.000000e+00
    outer loop
      vertex   -6.678368e+01 -7.996183e+01 3.550000e+01
      vertex   -6.730650e+01 -7.984810e+01 2.656250e+01
      vertex   -6.678368e+01 -7.996183e+01 2.656250e+01
    endloop
  endfacet
  facet normal -7.133918e-02 -9.974521e-01 -0.000000e+00
    outer loop
      vertex   -6.678368e+01 -7.996183e+01 3.550000e+01
      vertex   -6.678368e+01 -7.996183e+01 2.656250e+01
      vertex   -6.625000e+01 -8.000000e+01 3.550000e+01
    endloop
  endfacet
  facet normal -7.133918e-02 -9.974521e-01 -1.108971e-19
    outer loop
      vertex   -6.625000e+01 -8.000000e+01 3.550000e+01
      vertex   -6.678368e+01 -7.996183e+01 2.656250e+01
      vertex   -6.678368e+01 -7.996183e+01 1.762500e+01
    endloop
  endfacet
  facet normal -2.125653e-01 -9.771469e-01 3.087681e-20
    outer loop
      vertex   -6.730650e+01 -7.984810e+01 8.687500e+00
      vertex   -6.678368e+01 -7.996183e+01 8.687500e+00
      vertex   -6.678368e+01 -7.996183e+01 1.762500e+01
    endloop
  endfacet
  facet normal -2.125653e-01 -9.771469e-01 0.000000e+00
    outer loop
      vertex   -6.678368e+01 -7.996183e+01 1.762500e+01
      vertex   -6.678368e+01 -7.996183e+01 2.656250e+01
      vertex   -6.730650e+01 -7.984810e+01 1.762500e+01
    endloop
  endfacet
  facet normal -2.125653e-01 -9.771469e-01 3.379843e-16
    outer loop
      vertex   -6.730650e+01 -7.984810e+01 1.762500e+01
      vertex   -6.678368e+01 -7.996183e+01 2.656250e+01
      vertex   -6.730650e+01 -7.984810e+01 2.656250e+01
    endloop
  endfacet
  facet normal -3.494642e-01 -9.369497e-01 5.556570e-16
    outer loop
      vertex   -6.730650e+01 -7.984810e+01 1.762500e+01
      vertex   -6.730650e+01 -7.984810e+01 2.656250e+01
      vertex   -6.780781e+01 -7.966112e+01 1.762500e+01
    endloop
  endfacet
  facet normal -3.494642e-01 -9.369497e-01 0.000000e+00
    outer loop
      vertex   -6.780781e+01 -7.966112e+01 1.762500e+01
      vertex   -6.730650e+01 -7.984810e+01 2.656250e+01
      vertex   -6.780781e+01 -7.966112e+01 2.656250e+01
    endloop
  endfacet
  facet normal -4.792490e-01 -8.776790e-01 0.000000e+00
    outer loop
      vertex   -6.780781e+01 -7.966112e+01 1.762500e+01
      vertex   -6.780781e+01 -7.966112e+01 2.656250e+01
      vertex   -6.827740e+01 -7.940470e+01 1.762500e+01
    endloop
  endfacet
  facet normal -4.792490e-01 -8.776790e-01 0.000000e+00
    outer loop
      vertex   -6.827740e+01 -7.940470e+01 1.762500e+01
      vertex   -6.780781e+01 -7.966112e+01 2.656250e+01
      vertex   -6.827740e+01 -7.940470e+01 2.656250e+01
    endloop
  endfacet
  facet normal -5.992777e-01 -8.005412e-01 0.000000e+00
    outer loop
      vertex   -6.827740e+01 -7.940470e+01 1.762500e+01
      vertex   -6.827740e+01 -7.940470e+01 2.656250e+01
      vertex   -6.870573e+01 -7.908406e+01 1.762500e+01
    endloop
  endfacet
  facet normal -5.992777e-01 -8.005412e-01 0.000000e+00
    outer loop
      vertex   -6.870573e+01 -7.908406e+01 1.762500e+01
      vertex   -6.827740e+01 -7.940470e+01 2.656250e+01
      vertex   -6.870573e+01 -7.908406e+01 2.656250e+01
    endloop
  endfacet
  facet normal -7.071068e-01 -7.071068e-01 0.000000e+00
    outer loop
      vertex   -6.870573e+01 -7.908406e+01 1.762500e+01
      vertex   -6.870573e+01 -7.908406e+01 2.656250e+01
      vertex   -6.908406e+01 -7.870573e+01 1.762500e+01
    endloop
  endfacet
  facet normal -7.071068e-01 -7.071068e-01 0.000000e+00
    outer loop
      vertex   -6.908406e+01 -7.870573e+01 1.762500e+01
      vertex   -6.870573e+01 -7.908406e+01 2.656250e+01
      vertex   -6.908406e+01 -7.870573e+01 2.656250e+01
    endloop
  endfacet
  facet normal -8.005412e-01 -5.992777e-01 0.000000e+00
    outer loop
      vertex   -6.908406e+01 -7.870573e+01 1.762500e+01
      vertex   -6.908406e+01 -7.870573e+01 2.656250e+01
      vertex   -6.940470e+01 -7.827740e+01 1.762500e+01
    endloop
  endfacet
  facet normal -8.005412e-01 -5.992777e-01 -9.528669e-16
    outer loop
      vertex   -6.940470e+01 -7.827740e+01 1.762500e+01
      vertex   -6.908406e+01 -7.870573e+01 2.656250e+01
      vertex   -6.940470e+01 -7.827740e+01 2.656250e+01
    endloop
  endfacet
  facet normal -8.776790e-01 -4.792490e-01 -7.620182e-16
    outer loop
      vertex   -6.940470e+01 -7.827740e+01 1.762500e+01
      vertex   -6.940470e+01 -7.827740e+01 2.656250e+01
      vertex   -6.966112e+01 -7.780781e+01 1.762500e+01
    endloop
  endfacet
  facet normal -8.776790e-01 -4.792490e-01 -7.620182e-16
    outer loop
      vertex   -6.966112e+01 -7.780781e+01 1.762500e+01
      vertex   -6.940470e+01 -7.827740e+01 2.656250e+01
      vertex   -6.966112e+01 -7.780781e+01 2.656250e+01
    endloop
  endfacet
  facet normal -9.369497e-01 -3.494642e-01 -5.556570e-16
    outer loop
      vertex   -6.966112e+01 -7.780781e+01 1.762500e+01
      vertex   -6.966112e+01 -7.780781e+01 2.656250e+01
      vertex   -6.984810e+01 -7.730650e+01 1.762500e+01
    endloop
  endfacet
  facet normal -9.369497e-01 -3.494642e-01 0.000000e+00
    outer loop
      vertex   -6.984810e+01 -7.730650e+01 1.762500e+01
      vertex   -6.966112e+01 -7.780781e+01 2.656250e+01
      vertex   -6.984810e+01 -7.730650e+01 2.656250e+01
    endloop
  endfacet
  facet normal -9.771469e-01 -2.125653e-01 0.000000e+00
    outer loop
      vertex   -6.984810e+01 -7.730650e+01 1.762500e+01
      vertex   -6.984810e+01 -7.730650e+01 2.656250e+01
      vertex   -6.996183e+01 -7.678368e+01 1.762500e+01
    endloop
  endfacet
  facet normal -9.771469e-01 -2.125653e-01 0.000000e+00
    outer loop
      vertex   -6.996183e+01 -7.678368e+01 1.762500e+01
      vertex   -6.984810e+01 -7.730650e+01 2.656250e+01
      vertex   -6.996183e+01 -7.678368e+01 2.656250e+01
    endloop
  endfacet
  facet normal -3.494642e-01 -9.369497e-01 7.636379e-19
    outer loop
      vertex   -6.780781e+01 -7.966112e+01 8.687500e+00
      vertex   -6.730650e+01 -7.984810e+01 8.687500e+00
      vertex   -6.730650e+01 -7.984810e+01 1.762500e+01
    endloop
  endfacet
  facet normal -2.125653e-01 -9.771469e-01 -0.000000e+00
    outer loop
      vertex   -6.730650e+01 -7.984810e+01 1.762500e+01
      vertex   -6.730650e+01 -7.984810e+01 8.687500e+00
      vertex   -6.678368e+01 -7.996183e+01 1.762500e+01
    endloop
  endfacet
  facet normal -3.494642e-01 -9.369497e-01 0.000000e+00
    outer loop
      vertex   -6.780781e+01 -7.966112e+01 8.687500e+00
      vertex   -6.730650e+01 -7.984810e+01 1.762500e+01
      vertex   -6.780781e+01 -7.966112e+01 1.762500e+01
    endloop
  endfacet
  facet normal -4.792490e-01 -8.776790e-01 -9.323239e-19
    outer loop
      vertex   -6.827740e+01 -7.940470e+01 8.687500e+00
      vertex   -6.780781e+01 -7.966112e+01 8.687500e+00
      vertex   -6.780781e+01 -7.966112e+01 1.762500e+01
    endloop
  endfacet
  facet normal -4.792490e-01 -8.776790e-01 0.000000e+00
    outer loop
      vertex   -6.827740e+01 -7.940470e+01 8.687500e+00
      vertex   -6.780781e+01 -7.966112e+01 1.762500e+01
      vertex   -6.827740e+01 -7.940470e+01 1.762500e+01
    endloop
  endfacet
  facet normal -5.992777e-01 -8.005412e-01 -6.559497e-19
    outer loop
      vertex   -6.870573e+01 -7.908406e+01 8.687500e+00
      vertex   -6.827740e+01 -7.940470e+01 8.687500e+00
      vertex   -6.827740e+01 -7.940470e+01 1.762500e+01
    endloop
  endfacet
  facet normal -5.992777e-01 -8.005412e-01 0.000000e+00
    outer loop
      vertex   -6.870573e+01 -7.908406e+01 8.687500e+00
      vertex   -6.827740e+01 -7.940470e+01 1.762500e+01
      vertex   -6.870573e+01 -7.908406e+01 1.762500e+01
    endloop
  endfacet
  facet normal -7.071068e-01 -7.071068e-01 5.331553e-19
    outer loop
      vertex   -6.908406e+01 -7.870573e+01 8.687500e+00
      vertex   -6.870573e+01 -7.908406e+01 8.687500e+00
      vertex   -6.870573e+01 -7.908406e+01 1.762500e+01
    endloop
  endfacet
  facet normal -7.071068e-01 -7.071068e-01 0.000000e+00
    outer loop
      vertex   -6.908406e+01 -7.870573e+01 8.687500e+00
      vertex   -6.870573e+01 -7.908406e+01 1.762500e+01
      vertex   -6.908406e+01 -7.870573e+01 1.762500e+01
    endloop
  endfacet
  facet normal -8.005412e-01 -5.992777e-01 -1.628741e-18
    outer loop
      vertex   -6.940470e+01 -7.827740e+01 8.687500e+00
      vertex   -6.908406e+01 -7.870573e+01 8.687500e+00
      vertex   -6.908406e+01 -7.870573e+01 1.762500e+01
    endloop
  endfacet
  facet normal -8.005412e-01 -5.992777e-01 0.000000e+00
    outer loop
      vertex   -6.940470e+01 -7.827740e+01 8.687500e+00
      vertex   -6.908406e+01 -7.870573e+01 1.762500e+01
      vertex   -6.940470e+01 -7.827740e+01 1.762500e+01
    endloop
  endfacet
  facet normal -8.776790e-01 -4.792490e-01 -9.323239e-19
    outer loop
      vertex   -6.966112e+01 -7.780781e+01 8.687500e+00
      vertex   -6.940470e+01 -7.827740e+01 8.687500e+00
      vertex   -6.940470e+01 -7.827740e+01 1.762500e+01
    endloop
  endfacet
  facet normal -8.776790e-01 -4.792490e-01 0.000000e+00
    outer loop
      vertex   -6.966112e+01 -7.780781e+01 8.687500e+00
      vertex   -6.940470e+01 -7.827740e+01 1.762500e+01
      vertex   -6.966112e+01 -7.780781e+01 1.762500e+01
    endloop
  endfacet
  facet normal -9.369497e-01 -3.494642e-01 7.636379e-19
    outer loop
      vertex   -6.984810e+01 -7.730650e+01 8.687500e+00
      vertex   -6.966112e+01 -7.780781e+01 8.687500e+00
      vertex   -6.966112e+01 -7.780781e+01 1.762500e+01
    endloop
  endfacet
  facet normal -9.369497e-01 -3.494642e-01 0.000000e+00
    outer loop
      vertex   -6.984810e+01 -7.730650e+01 8.687500e+00
      vertex   -6.966112e+01 -7.780781e+01 1.762500e+01
      vertex   -6.984810e+01 -7.730650e+01 1.762500e+01
    endloop
  endfacet
  facet normal -9.771469e-01 -2.125653e-01 -8.138243e-20
    outer loop
      vertex   -6.996183e+01 -7.678368e+01 8.687500e+00
      vertex   -6.984810e+01 -7.730650e+01 8.687500e+00
      vertex   -6.984810e+01 -7.730650e+01 1.762500e+01
    endloop
  endfacet
  facet normal -9.771469e-01 -2.125653e-01 0.000000e+00
    outer loop
      vertex   -6.996183e+01 -7.678368e+01 8.687500e+00
      vertex   -6.984810e+01 -7.730650e+01 1.762500e+01
      vertex   -6.996183e+01 -7.678368e+01 1.762500e+01
    endloop
  endfacet
  facet normal -1.000000e+00 0.000000e+00 0.000000e+00
    outer loop
      vertex   -7.000000e+01 -7.625000e+01 3.550000e+01
      vertex   -7.000000e+01 -4.225000e+01 3.550000e+01
      vertex   -7.000000e+01 -7.625000e+01 -2.500000e-01
    endloop
  endfacet
  facet normal -1.000000e+00 0.000000e+00 0.000000e+00
    outer loop
      vertex   -7.000000e+01 -7.625000e+01 -2.500000e-01
      vertex   -7.000000e+01 -4.225000e+01 3.550000e+01
      vertex   -7.000000e+01 -4.225000e+01 -2.500000e-01
    endloop
  endfacet
  facet normal -9.974521e-01 7.133918e-02 4.253668e-17
    outer loop
      vertex   -7.000000e+01 -4.225000e+01 3.550000e+01
      vertex   -6.996183e+01 -4.171632e+01 1.762500e+01
      vertex   -7.000000e+01 -4.225000e+01 -2.500000e-01
    endloop
  endfacet
  facet normal -9.974521e-01 7.133918e-02 -1.377074e-19
    outer loop
      vertex   -7.000000e+01 -4.225000e+01 -2.500000e-01
      vertex   -6.996183e+01 -4.171632e+01 1.762500e+01
      vertex   -6.996183e+01 -4.171632e+01 8.687500e+00
    endloop
  endfacet
  facet normal -9.974521e-01 7.133918e-02 -1.377074e-19
    outer loop
      vertex   -7.000000e+01 -4.225000e+01 -2.500000e-01
      vertex   -6.996183e+01 -4.171632e+01 8.687500e+00
      vertex   -6.996183e+01 -4.171632e+01 -2.500000e-01
    endloop
  endfacet
  facet normal -9.771469e-01 2.125653e-01 0.000000e+00
    outer loop
      vertex   -6.996183e+01 -4.171632e+01 -2.500000e-01
      vertex   -6.996183e+01 -4.171632e+01 8.687500e+00
      vertex   -6.984810e+01 -4.119350e+01 -2.500000e-01
    endloop
  endfacet
  facet normal -9.771469e-01 2.125653e-01 1.553689e-15
    outer loop
      vertex   -6.984810e+01 -4.119350e+01 -2.500000e-01
      vertex   -6.996183e+01 -4.171632e+01 8.687500e+00
      vertex   -6.984810e+01 -4.119350e+01 8.687500e+00
    endloop
  endfacet
  facet normal -9.369497e-01 3.494642e-01 1.489774e-15
    outer loop
      vertex   -6.984810e+01 -4.119350e+01 -2.500000e-01
      vertex   -6.984810e+01 -4.119350e+01 8.687500e+00
      vertex   -6.966112e+01 -4.069219e+01 -2.500000e-01
    endloop
  endfacet
  facet normal -9.369497e-01 3.494642e-01 5.556570e-16
    outer loop
      vertex   -6.966112e+01 -4.069219e+01 -2.500000e-01
      vertex   -6.984810e+01 -4.119350e+01 8.687500e+00
      vertex   -6.966112e+01 -4.069219e+01 8.687500e+00
    endloop
  endfacet
  facet normal -8.776790e-01 4.792490e-01 7.620182e-16
    outer loop
      vertex   -6.966112e+01 -4.069219e+01 -2.500000e-01
      vertex   -6.966112e+01 -4.069219e+01 8.687500e+00
      vertex   -6.940470e+01 -4.022260e+01 -2.500000e-01
    endloop
  endfacet
  facet normal -8.776790e-01 4.792490e-01 0.000000e+00
    outer loop
      vertex   -6.940470e+01 -4.022260e+01 -2.500000e-01
      vertex   -6.966112e+01 -4.069219e+01 8.687500e+00
      vertex   -6.940470e+01 -4.022260e+01 8.687500e+00
    endloop
  endfacet
  facet normal -8.005412e-01 5.992777e-01 0.000000e+00
    outer loop
      vertex   -6.940470e+01 -4.022260e+01 -2.500000e-01
      vertex   -6.940470e+01 -4.022260e+01 8.687500e+00
      vertex   -6.908406e+01 -3.979427e+01 -2.500000e-01
    endloop
  endfacet
  facet normal -8.005412e-01 5.992777e-01 4.764334e-16
    outer loop
      vertex   -6.908406e+01 -3.979427e+01 -2.500000e-01
      vertex   -6.940470e+01 -4.022260e+01 8.687500e+00
      vertex   -6.908406e+01 -3.979427e+01 8.687500e+00
    endloop
  endfacet
  facet normal -7.071068e-01 7.071068e-01 5.621590e-16
    outer loop
      vertex   -6.908406e+01 -3.979427e+01 -2.500000e-01
      vertex   -6.908406e+01 -3.979427e+01 8.687500e+00
      vertex   -6.870573e+01 -3.941594e+01 -2.500000e-01
    endloop
  endfacet
  facet normal -7.071068e-01 7.071068e-01 0.000000e+00
    outer loop
      vertex   -6.870573e+01 -3.941594e+01 -2.500000e-01
      vertex   -6.908406e+01 -3.979427e+01 8.687500e+00
      vertex   -6.870573e+01 -3.941594e+01 8.687500e+00
    endloop
  endfacet
  facet normal -5.992777e-01 8.005412e-01 0.000000e+00
    outer loop
      vertex   -6.870573e+01 -3.941594e+01 -2.500000e-01
      vertex   -6.870573e+01 -3.941594e+01 8.687500e+00
      vertex   -6.827740e+01 -3.909530e+01 -2.500000e-01
    endloop
  endfacet
  facet normal -5.992777e-01 8.005412e-01 -6.364406e-16
    outer loop
      vertex   -6.827740e+01 -3.909530e+01 -2.500000e-01
      vertex   -6.870573e+01 -3.941594e+01 8.687500e+00
      vertex   -6.827740e+01 -3.909530e+01 8.687500e+00
    endloop
  endfacet
  facet normal -4.792490e-01 8.776790e-01 -6.977661e-16
    outer loop
      vertex   -6.827740e+01 -3.909530e+01 -2.500000e-01
      vertex   -6.827740e+01 -3.909530e+01 8.687500e+00
      vertex   -6.780781e+01 -3.883888e+01 -2.500000e-01
    endloop
  endfacet
  facet normal -4.792490e-01 8.776790e-01 0.000000e+00
    outer loop
      vertex   -6.780781e+01 -3.883888e+01 -2.500000e-01
      vertex   -6.827740e+01 -3.909530e+01 8.687500e+00
      vertex   -6.780781e+01 -3.883888e+01 8.687500e+00
    endloop
  endfacet
  facet normal -3.494642e-01 9.369497e-01 0.000000e+00
    outer loop
      vertex   -6.780781e+01 -3.883888e+01 -2.500000e-01
      vertex   -6.780781e+01 -3.883888e+01 8.687500e+00
      vertex   -6.730650e+01 -3.865190e+01 -2.500000e-01
    endloop
  endfacet
  facet normal -3.494642e-01 9.369497e-01 -7.448871e-16
    outer loop
      vertex   -6.730650e+01 -3.865190e+01 -2.500000e-01
      vertex   -6.780781e+01 -3.883888e+01 8.687500e+00
      vertex   -6.730650e+01 -3.865190e+01 8.687500e+00
    endloop
  endfacet
  facet normal -2.125653e-01 9.771469e-01 -7.768443e-16
    outer loop
      vertex   -6.730650e+01 -3.865190e+01 -2.500000e-01
      vertex   -6.730650e+01 -3.865190e+01 8.687500e+00
      vertex   -6.678368e+01 -3.853817e+01 -2.500000e-01
    endloop
  endfacet
  facet normal -2.125653e-01 9.771469e-01 0.000000e+00
    outer loop
      vertex   -6.678368e+01 -3.853817e+01 -2.500000e-01
      vertex   -6.730650e+01 -3.865190e+01 8.687500e+00
      vertex   -6.678368e+01 -3.853817e+01 8.687500e+00
    endloop
  endfacet
  facet normal -7.133918e-02 9.974521e-01 0.000000e+00
    outer loop
      vertex   -6.678368e+01 -3.853817e+01 -2.500000e-01
      vertex   -6.678368e+01 -3.853817e+01 8.687500e+00
      vertex   -6.625000e+01 -3.850000e+01 -2.500000e-01
    endloop
  endfacet
  facet normal -7.133918e-02 9.974521e-01 1.108971e-19
    outer loop
      vertex   -6.625000e+01 -3.850000e+01 -2.500000e-01
      vertex   -6.678368e+01 -3.853817e+01 8.687500e+00
      vertex   -6.678368e+01 -3.853817e+01 1.762500e+01
    endloop
  endfacet
  facet normal -7.133918e-02 9.974521e-01 0.000000e+00
    outer loop
      vertex   -6.625000e+01 -3.850000e+01 -2.500000e-01
      vertex   -6.678368e+01 -3.853817e+01 1.762500e+01
      vertex   -6.625000e+01 -3.850000e+01 3.550000e+01
    endloop
  endfacet
  facet normal -7.133918e-02 9.974521e-01 1.108971e-19
    outer loop
      vertex   -6.625000e+01 -3.850000e+01 3.550000e+01
      vertex   -6.678368e+01 -3.853817e+01 1.762500e+01
      vertex   -6.678368e+01 -3.853817e+01 2.656250e+01
    endloop
  endfacet
  facet normal -7.133918e-02 9.974521e-01 -7.928764e-16
    outer loop
      vertex   -6.625000e+01 -3.850000e+01 3.550000e+01
      vertex   -6.678368e+01 -3.853817e+01 2.656250e+01
      vertex   -6.678368e+01 -3.853817e+01 3.550000e+01
    endloop
  endfacet
  facet normal -2.125653e-01 9.771469e-01 -7.768443e-16
    outer loop
      vertex   -6.678368e+01 -3.853817e+01 3.550000e+01
      vertex   -6.678368e+01 -3.853817e+01 2.656250e+01
      vertex   -6.730650e+01 -3.865190e+01 3.550000e+01
    endloop
  endfacet
  facet normal -2.125653e-01 9.771469e-01 0.000000e+00
    outer loop
      vertex   -6.730650e+01 -3.865190e+01 3.550000e+01
      vertex   -6.678368e+01 -3.853817e+01 2.656250e+01
      vertex   -6.730650e+01 -3.865190e+01 2.656250e+01
    endloop
  endfacet
  facet normal -3.494642e-01 9.369497e-01 0.000000e+00
    outer loop
      vertex   -6.730650e+01 -3.865190e+01 3.550000e+01
      vertex   -6.730650e+01 -3.865190e+01 2.656250e+01
      vertex   -6.780781e+01 -3.883888e+01 3.550000e+01
    endloop
  endfacet
  facet normal -3.494642e-01 9.369497e-01 0.000000e+00
    outer loop
      vertex   -6.780781e+01 -3.883888e+01 3.550000e+01
      vertex   -6.730650e+01 -3.865190e+01 2.656250e+01
      vertex   -6.780781e+01 -3.883888e+01 2.656250e+01
    endloop
  endfacet
  facet normal -4.792490e-01 8.776790e-01 0.000000e+00
    outer loop
      vertex   -6.780781e+01 -3.883888e+01 3.550000e+01
      vertex   -6.780781e+01 -3.883888e+01 2.656250e+01
      vertex   -6.827740e+01 -3.909530e+01 3.550000e+01
    endloop
  endfacet
  facet normal -4.792490e-01 8.776790e-01 0.000000e+00
    outer loop
      vertex   -6.827740e+01 -3.909530e+01 3.550000e+01
      vertex   -6.780781e+01 -3.883888e+01 2.656250e+01
      vertex   -6.827740e+01 -3.909530e+01 2.656250e+01
    endloop
  endfacet
  facet normal -5.992777e-01 8.005412e-01 0.000000e+00
    outer loop
      vertex   -6.827740e+01 -3.909530e+01 3.550000e+01
      vertex   -6.827740e+01 -3.909530e+01 2.656250e+01
      vertex   -6.870573e+01 -3.941594e+01 3.550000e+01
    endloop
  endfacet
  facet normal -5.992777e-01 8.005412e-01 0.000000e+00
    outer loop
      vertex   -6.870573e+01 -3.941594e+01 3.550000e+01
      vertex   -6.827740e+01 -3.909530e+01 2.656250e+01
      vertex   -6.870573e+01 -3.941594e+01 2.656250e+01
    endloop
  endfacet
  facet normal -7.071068e-01 7.071068e-01 0.000000e+00
    outer loop
      vertex   -6.870573e+01 -3.941594e+01 3.550000e+01
      vertex   -6.870573e+01 -3.941594e+01 2.656250e+01
      vertex   -6.908406e+01 -3.979427e+01 3.550000e+01
    endloop
  endfacet
  facet normal -7.071068e-01 7.071068e-01 -5.621590e-16
    outer loop
      vertex   -6.908406e+01 -3.979427e+01 3.550000e+01
      vertex   -6.870573e+01 -3.941594e+01 2.656250e+01
      vertex   -6.908406e+01 -3.979427e+01 2.656250e+01
    endloop
  endfacet
  facet normal -8.005412e-01 5.992777e-01 -4.764334e-16
    outer loop
      vertex   -6.908406e+01 -3.979427e+01 3.550000e+01
      vertex   -6.908406e+01 -3.979427e+01 2.656250e+01
      vertex   -6.940470e+01 -4.022260e+01 3.550000e+01
    endloop
  endfacet
  facet normal -8.005412e-01 5.992777e-01 0.000000e+00
    outer loop
      vertex   -6.940470e+01 -4.022260e+01 3.550000e+01
      vertex   -6.908406e+01 -3.979427e+01 2.656250e+01
      vertex   -6.940470e+01 -4.022260e+01 2.656250e+01
    endloop
  endfacet
  facet normal -8.776790e-01 4.792490e-01 0.000000e+00
    outer loop
      vertex   -6.940470e+01 -4.022260e+01 3.550000e+01
      vertex   -6.940470e+01 -4.022260e+01 2.656250e+01
      vertex   -6.966112e+01 -4.069219e+01 3.550000e+01
    endloop
  endfacet
  facet normal -8.776790e-01 4.792490e-01 0.000000e+00
    outer loop
      vertex   -6.966112e+01 -4.069219e+01 3.550000e+01
      vertex   -6.940470e+01 -4.022260e+01 2.656250e+01
      vertex   -6.966112e+01 -4.069219e+01 2.656250e+01
    endloop
  endfacet
  facet normal -9.369497e-01 3.494642e-01 0.000000e+00
    outer loop
      vertex   -6.966112e+01 -4.069219e+01 3.550000e+01
      vertex   -6.966112e+01 -4.069219e+01 2.656250e+01
      vertex   -6.984810e+01 -4.119350e+01 3.550000e+01
    endloop
  endfacet
  facet normal -9.369497e-01 3.494642e-01 0.000000e+00
    outer loop
      vertex   -6.984810e+01 -4.119350e+01 3.550000e+01
      vertex   -6.966112e+01 -4.069219e+01 2.656250e+01
      vertex   -6.984810e+01 -4.119350e+01 2.656250e+01
    endloop
  endfacet
  facet normal -9.771469e-01 2.125653e-01 0.000000e+00
    outer loop
      vertex   -6.984810e+01 -4.119350e+01 3.550000e+01
      vertex   -6.984810e+01 -4.119350e+01 2.656250e+01
      vertex   -6.996183e+01 -4.171632e+01 3.550000e+01
    endloop
  endfacet
  facet normal -9.771469e-01 2.125653e-01 0.000000e+00
    outer loop
      vertex   -6.996183e+01 -4.171632e+01 3.550000e+01
      vertex   -6.984810e+01 -4.119350e+01 2.656250e+01
      vertex   -6.996183e+01 -4.171632e+01 2.656250e+01
    endloop
  endfacet
  facet normal -9.974521e-01 7.133918e-02 0.000000e+00
    outer loop
      vertex   -6.996183e+01 -4.171632e+01 3.550000e+01
      vertex   -6.996183e+01 -4.171632e+01 2.656250e+01
      vertex   -7.000000e+01 -4.225000e+01 3.550000e+01
    endloop
  endfacet
  facet normal -9.974521e-01 7.133918e-02 2.351994e-19
    outer loop
      vertex   -7.000000e+01 -4.225000e+01 3.550000e+01
      vertex   -6.996183e+01 -4.171632e+01 2.656250e+01
      vertex   -6.996183e+01 -4.171632e+01 1.762500e+01
    endloop
  endfacet
  facet normal -9.771469e-01 2.125653e-01 -7.002762e-19
    outer loop
      vertex   -6.984810e+01 -4.119350e+01 8.687500e+00
      vertex   -6.996183e+01 -4.171632e+01 8.687500e+00
      vertex   -6.996183e+01 -4.171632e+01 1.762500e+01
    endloop
  endfacet
  facet normal -9.771469e-01 2.125653e-01 0.000000e+00
    outer loop
      vertex   -6.996183e+01 -4.171632e+01 1.762500e+01
      vertex   -6.996183e+01 -4.171632e+01 2.656250e+01
      vertex   -6.984810e+01 -4.119350e+01 1.762500e+01
    endloop
  endfacet
  facet normal -9.771469e-01 2.125653e-01 0.000000e+00
    outer loop
      vertex   -6.984810e+01 -4.119350e+01 1.762500e+01
      vertex   -6.996183e+01 -4.171632e+01 2.656250e+01
      vertex   -6.984810e+01 -4.119350e+01 2.656250e+01
    endloop
  endfacet
  facet normal -9.369497e-01 3.494642e-01 0.000000e+00
    outer loop
      vertex   -6.984810e+01 -4.119350e+01 1.762500e+01
      vertex   -6.984810e+01 -4.119350e+01 2.656250e+01
      vertex   -6.966112e+01 -4.069219e+01 1.762500e+01
    endloop
  endfacet
  facet normal -9.369497e-01 3.494642e-01 0.000000e+00
    outer loop
      vertex   -6.966112e+01 -4.069219e+01 1.762500e+01
      vertex   -6.984810e+01 -4.119350e+01 2.656250e+01
      vertex   -6.966112e+01 -4.069219e+01 2.656250e+01
    endloop
  endfacet
  facet normal -8.776790e-01 4.792490e-01 0.000000e+00
    outer loop
      vertex   -6.966112e+01 -4.069219e+01 1.762500e+01
      vertex   -6.966112e+01 -4.069219e+01 2.656250e+01
      vertex   -6.940470e+01 -4.022260e+01 1.762500e+01
    endloop
  endfacet
  facet normal -8.776790e-01 4.792490e-01 0.000000e+00
    outer loop
      vertex   -6.940470e+01 -4.022260e+01 1.762500e+01
      vertex   -6.966112e+01 -4.069219e+01 2.656250e+01
      vertex   -6.940470e+01 -4.022260e+01 2.656250e+01
    endloop
  endfacet
  facet normal -8.005412e-01 5.992777e-01 0.000000e+00
    outer loop
      vertex   -6.940470e+01 -4.022260e+01 1.762500e+01
      vertex   -6.940470e+01 -4.022260e+01 2.656250e+01
      vertex   -6.908406e+01 -3.979427e+01 1.762500e+01
    endloop
  endfacet
  facet normal -8.005412e-01 5.992777e-01 0.000000e+00
    outer loop
      vertex   -6.908406e+01 -3.979427e+01 1.762500e+01
      vertex   -6.940470e+01 -4.022260e+01 2.656250e+01
      vertex   -6.908406e+01 -3.979427e+01 2.656250e+01
    endloop
  endfacet
  facet normal -7.071068e-01 7.071068e-01 0.000000e+00
    outer loop
      vertex   -6.908406e+01 -3.979427e+01 1.762500e+01
      vertex   -6.908406e+01 -3.979427e+01 2.656250e+01
      vertex   -6.870573e+01 -3.941594e+01 1.762500e+01
    endloop
  endfacet
  facet normal -7.071068e-01 7.071068e-01 0.000000e+00
    outer loop
      vertex   -6.870573e+01 -3.941594e+01 1.762500e+01
      vertex   -6.908406e+01 -3.979427e+01 2.656250e+01
      vertex   -6.870573e+01 -3.941594e+01 2.656250e+01
    endloop
  endfacet
  facet normal -5.992777e-01 8.005412e-01 0.000000e+00
    outer loop
      vertex   -6.870573e+01 -3.941594e+01 1.762500e+01
      vertex   -6.870573e+01 -3.941594e+01 2.656250e+01
      vertex   -6.827740e+01 -3.909530e+01 1.762500e+01
    endloop
  endfacet
  facet normal -5.992777e-01 8.005412e-01 0.000000e+00
    outer loop
      vertex   -6.827740e+01 -3.909530e+01 1.762500e+01
      vertex   -6.870573e+01 -3.941594e+01 2.656250e+01
      vertex   -6.827740e+01 -3.909530e+01 2.656250e+01
    endloop
  endfacet
  facet normal -4.792490e-01 8.776790e-01 0.000000e+00
    outer loop
      vertex   -6.827740e+01 -3.909530e+01 1.762500e+01
      vertex   -6.827740e+01 -3.909530e+01 2.656250e+01
      vertex   -6.780781e+01 -3.883888e+01 1.762500e+01
    endloop
  endfacet
  facet normal -4.792490e-01 8.776790e-01 -7.620182e-16
    outer loop
      vertex   -6.780781e+01 -3.883888e+01 1.762500e+01
      vertex   -6.827740e+01 -3.909530e+01 2.656250e+01
      vertex   -6.780781e+01 -3.883888e+01 2.656250e+01
    endloop
  endfacet
  facet normal -3.494642e-01 9.369497e-01 -5.556570e-16
    outer loop
      vertex   -6.780781e+01 -3.883888e+01 1.762500e+01
      vertex   -6.780781e+01 -3.883888e+01 2.656250e+01
      vertex   -6.730650e+01 -3.865190e+01 1.762500e+01
    endloop
  endfacet
  facet normal -3.494642e-01 9.369497e-01 0.000000e+00
    outer loop
      vertex   -6.730650e+01 -3.865190e+01 1.762500e+01
      vertex   -6.780781e+01 -3.883888e+01 2.656250e+01
      vertex   -6.730650e+01 -3.865190e+01 2.656250e+01
    endloop
  endfacet
  facet normal -2.125653e-01 9.771469e-01 0.000000e+00
    outer loop
      vertex   -6.730650e+01 -3.865190e+01 1.762500e+01
      vertex   -6.730650e+01 -3.865190e+01 2.656250e+01
      vertex   -6.678368e+01 -3.853817e+01 1.762500e+01
    endloop
  endfacet
  facet normal -2.125653e-01 9.771469e-01 0.000000e+00
    outer loop
      vertex   -6.678368e+01 -3.853817e+01 1.762500e+01
      vertex   -6.730650e+01 -3.865190e+01 2.656250e+01
      vertex   -6.678368e+01 -3.853817e+01 2.656250e+01
    endloop
  endfacet
  facet normal -9.369497e-01 3.494642e-01 7.856379e-19
    outer loop
      vertex   -6.966112e+01 -4.069219e+01 8.687500e+00
      vertex   -6.984810e+01 -4.119350e+01 8.687500e+00
      vertex   -6.984810e+01 -4.119350e+01 1.762500e+01
    endloop
  endfacet
  facet normal -9.771469e-01 2.125653e-01 0.000000e+00
    outer loop
      vertex   -6.984810e+01 -4.119350e+01 1.762500e+01
      vertex   -6.984810e+01 -4.119350e+01 8.687500e+00
      vertex   -6.996183e+01 -4.171632e+01 1.762500e+01
    endloop
  endfacet
  facet normal -9.369497e-01 3.494642e-01 0.000000e+00
    outer loop
      vertex   -6.966112e+01 -4.069219e+01 8.687500e+00
      vertex   -6.984810e+01 -4.119350e+01 1.762500e+01
      vertex   -6.966112e+01 -4.069219e+01 1.762500e+01
    endloop
  endfacet
  facet normal -8.776790e-01 4.792490e-01 -3.060204e-19
    outer loop
      vertex   -6.940470e+01 -4.022260e+01 8.687500e+00
      vertex   -6.966112e+01 -4.069219e+01 8.687500e+00
      vertex   -6.966112e+01 -4.069219e+01 1.762500e+01
    endloop
  endfacet
  facet normal -8.776790e-01 4.792490e-01 7.620182e-16
    outer loop
      vertex   -6.940470e+01 -4.022260e+01 8.687500e+00
      vertex   -6.966112e+01 -4.069219e+01 1.762500e+01
      vertex   -6.940470e+01 -4.022260e+01 1.762500e+01
    endloop
  endfacet
  facet normal -8.005412e-01 5.992777e-01 9.535228e-16
    outer loop
      vertex   -6.908406e+01 -3.979427e+01 8.687500e+00
      vertex   -6.940470e+01 -4.022260e+01 8.687500e+00
      vertex   -6.940470e+01 -4.022260e+01 1.762500e+01
    endloop
  endfacet
  facet normal -8.005412e-01 5.992777e-01 0.000000e+00
    outer loop
      vertex   -6.908406e+01 -3.979427e+01 8.687500e+00
      vertex   -6.940470e+01 -4.022260e+01 1.762500e+01
      vertex   -6.908406e+01 -3.979427e+01 1.762500e+01
    endloop
  endfacet
  facet normal -7.071068e-01 7.071068e-01 -5.331553e-19
    outer loop
      vertex   -6.870573e+01 -3.941594e+01 8.687500e+00
      vertex   -6.908406e+01 -3.979427e+01 8.687500e+00
      vertex   -6.908406e+01 -3.979427e+01 1.762500e+01
    endloop
  endfacet
  facet normal -7.071068e-01 7.071068e-01 0.000000e+00
    outer loop
      vertex   -6.870573e+01 -3.941594e+01 8.687500e+00
      vertex   -6.908406e+01 -3.979427e+01 1.762500e+01
      vertex   -6.870573e+01 -3.941594e+01 1.762500e+01
    endloop
  endfacet
  facet normal -5.992777e-01 8.005412e-01 1.628741e-18
    outer loop
      vertex   -6.827740e+01 -3.909530e+01 8.687500e+00
      vertex   -6.870573e+01 -3.941594e+01 8.687500e+00
      vertex   -6.870573e+01 -3.941594e+01 1.762500e+01
    endloop
  endfacet
  facet normal -5.992777e-01 8.005412e-01 -3.164263e-16
    outer loop
      vertex   -6.827740e+01 -3.909530e+01 8.687500e+00
      vertex   -6.870573e+01 -3.941594e+01 1.762500e+01
      vertex   -6.827740e+01 -3.909530e+01 1.762500e+01
    endloop
  endfacet
  facet normal -4.792490e-01 8.776790e-01 -6.455815e-17
    outer loop
      vertex   -6.780781e+01 -3.883888e+01 8.687500e+00
      vertex   -6.827740e+01 -3.909530e+01 8.687500e+00
      vertex   -6.827740e+01 -3.909530e+01 1.762500e+01
    endloop
  endfacet
  facet normal -4.792490e-01 8.776790e-01 0.000000e+00
    outer loop
      vertex   -6.780781e+01 -3.883888e+01 8.687500e+00
      vertex   -6.827740e+01 -3.909530e+01 1.762500e+01
      vertex   -6.780781e+01 -3.883888e+01 1.762500e+01
    endloop
  endfacet
  facet normal -3.494642e-01 9.369497e-01 2.249147e-19
    outer loop
      vertex   -6.730650e+01 -3.865190e+01 8.687500e+00
      vertex   -6.780781e+01 -3.883888e+01 8.687500e+00
      vertex   -6.780781e+01 -3.883888e+01 1.762500e+01
    endloop
  endfacet
  facet normal -3.494642e-01 9.369497e-01 0.000000e+00
    outer loop
      vertex   -6.730650e+01 -3.865190e+01 8.687500e+00
      vertex   -6.780781e+01 -3.883888e+01 1.762500e+01
      vertex   -6.730650e+01 -3.865190e+01 1.762500e+01
    endloop
  endfacet
  facet normal -2.125653e-01 9.771469e-01 4.759562e-19
    outer loop
      vertex   -6.678368e+01 -3.853817e+01 8.687500e+00
      vertex   -6.730650e+01 -3.865190e+01 8.687500e+00
      vertex   -6.730650e+01 -3.865190e+01 1.762500e+01
    endloop
  endfacet
  facet normal -2.125653e-01 9.771469e-01 0.000000e+00
    outer loop
      vertex   -6.678368e+01 -3.853817e+01 8.687500e+00
      vertex   -6.730650e+01 -3.865190e+01 1.762500e+01
      vertex   -6.678368e+01 -3.853817e+01 1.762500e+01
    endloop
  endfacet
  facet normal -0.000000e+00 -1.000000e+00 -0.000000e+00
    outer loop
      vertex   -3.225000e+01 -8.000000e+01 3.550000e+01
      vertex   -6.625000e+01 -8.000000e+01 3.550000e+01
      vertex   -3.225000e+01 -8.000000e+01 -2.500000e-01
    endloop
  endfacet
  facet normal -0.000000e+00 -1.000000e+00 0.000000e+00
    outer loop
      vertex   -3.225000e+01 -8.000000e+01 -2.500000e-01
      vertex   -6.625000e+01 -8.000000e+01 3.550000e+01
      vertex   -6.625000e+01 -8.000000e+01 -2.500000e-01
    endloop
  endfacet
endsolid
